<?xml version="1.0" encoding="UTF-8"?>
<gpx xmlns="http://www.topografix.com/GPX/1/1" creator="MTK - http://www.toursprung.com" version="1.1" xmlns:xsi="http://www.w3.org/2001/XMLSchema-instance" xsi:schemaLocation="http://www.topografix.com/GPX/1/1 http://www.topografix.com/GPX/1/1/gpx.xsd">
<metadata>
<name>궷물노꼬메8km</name>
<extensions><extra>{}</extra></extensions>
</metadata>

<trk>
<name>궷물노꼬메8km</name>
<trkseg>
<trkpt lat="33.402615" lon="126.408370" sectionIndex="0" pointIndex="0" originalElevation="502.0" isOriginalElevationFromOSM="false" isAnchor="false"><ele>506.5</ele></trkpt>
<trkpt lat="33.402573" lon="126.408388" sectionIndex="0" pointIndex="1" originalElevation="502.0" isOriginalElevationFromOSM="false" isAnchor="false"><ele>506.7</ele></trkpt>
<trkpt lat="33.402530" lon="126.408405" sectionIndex="0" pointIndex="2" originalElevation="502.0" isOriginalElevationFromOSM="false" isAnchor="false"><ele>507.0</ele></trkpt>
<trkpt lat="33.402488" lon="126.408423" sectionIndex="0" pointIndex="3" originalElevation="510.0" isOriginalElevationFromOSM="false" isAnchor="false"><ele>507.3</ele></trkpt>
<trkpt lat="33.402445" lon="126.408441" sectionIndex="0" pointIndex="4" originalElevation="510.0" isOriginalElevationFromOSM="false" isAnchor="false"><ele>507.8</ele></trkpt>
<trkpt lat="33.402403" lon="126.408458" sectionIndex="0" pointIndex="5" originalElevation="510.0" isOriginalElevationFromOSM="false" isAnchor="false"><ele>508.3</ele></trkpt>
<trkpt lat="33.402360" lon="126.408476" sectionIndex="0" pointIndex="6" originalElevation="510.0" isOriginalElevationFromOSM="false" isAnchor="false"><ele>508.8</ele></trkpt>
<trkpt lat="33.402318" lon="126.408494" sectionIndex="0" pointIndex="7" originalElevation="510.0" isOriginalElevationFromOSM="false" isAnchor="false"><ele>509.5</ele></trkpt>
<trkpt lat="33.402306" lon="126.408499" sectionIndex="0" pointIndex="8" originalElevation="510.0" isOriginalElevationFromOSM="false" isAnchor="false"><ele>510.2</ele></trkpt>
<trkpt lat="33.402310" lon="126.408500" sectionIndex="0" pointIndex="9" originalElevation="502.0" isOriginalElevationFromOSM="false" isAnchor="false"><ele>511.0</ele></trkpt>
<trkpt lat="33.402260" lon="126.408510" sectionIndex="0" pointIndex="10" originalElevation="502.0" isOriginalElevationFromOSM="false" isAnchor="false"><ele>511.8</ele></trkpt>
<trkpt lat="33.402180" lon="126.408550" sectionIndex="0" pointIndex="11" originalElevation="502.0" isOriginalElevationFromOSM="false" isAnchor="false"><ele>512.8</ele></trkpt>
<trkpt lat="33.402020" lon="126.408560" sectionIndex="0" pointIndex="12" originalElevation="510.0" isOriginalElevationFromOSM="false" isAnchor="false"><ele>513.9</ele></trkpt>
<trkpt lat="33.401760" lon="126.408310" sectionIndex="0" pointIndex="13" originalElevation="510.0" isOriginalElevationFromOSM="false" isAnchor="false"><ele>515.2</ele></trkpt>
<trkpt lat="33.401650" lon="126.408260" sectionIndex="0" pointIndex="14" originalElevation="510.0" isOriginalElevationFromOSM="false" isAnchor="false"><ele>516.5</ele></trkpt>
<trkpt lat="33.401480" lon="126.408250" sectionIndex="0" pointIndex="15" originalElevation="510.0" isOriginalElevationFromOSM="false" isAnchor="false"><ele>518.0</ele></trkpt>
<trkpt lat="33.401260" lon="126.408300" sectionIndex="0" pointIndex="16" originalElevation="520.0" isOriginalElevationFromOSM="false" isAnchor="false"><ele>519.6</ele></trkpt>
<trkpt lat="33.401260" lon="126.408300" sectionIndex="0" pointIndex="17" originalElevation="520.0" isOriginalElevationFromOSM="false" isAnchor="false"><ele>521.3</ele></trkpt>
<trkpt lat="33.400530" lon="126.408490" sectionIndex="0" pointIndex="18" originalElevation="520.0" isOriginalElevationFromOSM="false" isAnchor="false"><ele>523.0</ele></trkpt>
<trkpt lat="33.400030" lon="126.408480" sectionIndex="0" pointIndex="19" originalElevation="533.0" isOriginalElevationFromOSM="false" isAnchor="false"><ele>524.7</ele></trkpt>
<trkpt lat="33.400000" lon="126.408460" sectionIndex="0" pointIndex="20" originalElevation="533.0" isOriginalElevationFromOSM="false" isAnchor="false"><ele>526.4</ele></trkpt>
<trkpt lat="33.400000" lon="126.408460" sectionIndex="0" pointIndex="21" originalElevation="533.0" isOriginalElevationFromOSM="false" isAnchor="false"><ele>528.0</ele></trkpt>
<trkpt lat="33.399910" lon="126.408390" sectionIndex="0" pointIndex="22" originalElevation="533.0" isOriginalElevationFromOSM="false" isAnchor="false"><ele>529.6</ele></trkpt>
<trkpt lat="33.399860" lon="126.408300" sectionIndex="0" pointIndex="23" originalElevation="533.0" isOriginalElevationFromOSM="false" isAnchor="false"><ele>531.2</ele></trkpt>
<trkpt lat="33.399800" lon="126.408260" sectionIndex="0" pointIndex="24" originalElevation="533.0" isOriginalElevationFromOSM="false" isAnchor="false"><ele>532.7</ele></trkpt>
<trkpt lat="33.399750" lon="126.408250" sectionIndex="0" pointIndex="25" originalElevation="533.0" isOriginalElevationFromOSM="false" isAnchor="false"><ele>534.1</ele></trkpt>
<trkpt lat="33.399690" lon="126.408260" sectionIndex="0" pointIndex="26" originalElevation="533.0" isOriginalElevationFromOSM="false" isAnchor="false"><ele>535.5</ele></trkpt>
<trkpt lat="33.399570" lon="126.408350" sectionIndex="0" pointIndex="27" originalElevation="544.0" isOriginalElevationFromOSM="false" isAnchor="false"><ele>536.8</ele></trkpt>
<trkpt lat="33.399530" lon="126.408370" sectionIndex="0" pointIndex="28" originalElevation="544.0" isOriginalElevationFromOSM="false" isAnchor="false"><ele>537.9</ele></trkpt>
<trkpt lat="33.399450" lon="126.408330" sectionIndex="0" pointIndex="29" originalElevation="544.0" isOriginalElevationFromOSM="false" isAnchor="false"><ele>538.9</ele></trkpt>
<trkpt lat="33.399380" lon="126.408180" sectionIndex="0" pointIndex="30" originalElevation="544.0" isOriginalElevationFromOSM="false" isAnchor="false"><ele>539.9</ele></trkpt>
<trkpt lat="33.399360" lon="126.408160" sectionIndex="0" pointIndex="31" originalElevation="544.0" isOriginalElevationFromOSM="false" isAnchor="false"><ele>540.8</ele></trkpt>
<trkpt lat="33.399360" lon="126.408160" sectionIndex="0" pointIndex="32" originalElevation="544.0" isOriginalElevationFromOSM="false" isAnchor="false"><ele>541.5</ele></trkpt>
<trkpt lat="33.399320" lon="126.408120" sectionIndex="0" pointIndex="33" originalElevation="544.0" isOriginalElevationFromOSM="false" isAnchor="false"><ele>542.2</ele></trkpt>
<trkpt lat="33.399240" lon="126.408070" sectionIndex="0" pointIndex="34" originalElevation="544.0" isOriginalElevationFromOSM="false" isAnchor="false"><ele>542.8</ele></trkpt>
<trkpt lat="33.398880" lon="126.408000" sectionIndex="0" pointIndex="35" originalElevation="544.0" isOriginalElevationFromOSM="false" isAnchor="false"><ele>543.4</ele></trkpt>
<trkpt lat="33.398840" lon="126.407930" sectionIndex="0" pointIndex="36" originalElevation="542.0" isOriginalElevationFromOSM="false" isAnchor="false"><ele>543.8</ele></trkpt>
<trkpt lat="33.398840" lon="126.407780" sectionIndex="0" pointIndex="37" originalElevation="542.0" isOriginalElevationFromOSM="false" isAnchor="false"><ele>544.5</ele></trkpt>
<trkpt lat="33.399030" lon="126.407570" sectionIndex="0" pointIndex="38" originalElevation="542.0" isOriginalElevationFromOSM="false" isAnchor="false"><ele>545.1</ele></trkpt>
<trkpt lat="33.399100" lon="126.407450" sectionIndex="0" pointIndex="39" originalElevation="542.0" isOriginalElevationFromOSM="false" isAnchor="false"><ele>545.8</ele></trkpt>
<trkpt lat="33.399160" lon="126.407240" sectionIndex="0" pointIndex="40" originalElevation="542.0" isOriginalElevationFromOSM="false" isAnchor="false"><ele>546.6</ele></trkpt>
<trkpt lat="33.399200" lon="126.407000" sectionIndex="0" pointIndex="41" originalElevation="549.0" isOriginalElevationFromOSM="false" isAnchor="false"><ele>547.4</ele></trkpt>
<trkpt lat="33.399330" lon="126.406860" sectionIndex="0" pointIndex="42" originalElevation="549.0" isOriginalElevationFromOSM="false" isAnchor="false"><ele>548.2</ele></trkpt>
<trkpt lat="33.399350" lon="126.406820" sectionIndex="0" pointIndex="43" originalElevation="549.0" isOriginalElevationFromOSM="false" isAnchor="false"><ele>549.0</ele></trkpt>
<trkpt lat="33.399350" lon="126.406820" sectionIndex="0" pointIndex="44" originalElevation="549.0" isOriginalElevationFromOSM="false" isAnchor="false"><ele>549.9</ele></trkpt>
<trkpt lat="33.399350" lon="126.406780" sectionIndex="0" pointIndex="45" originalElevation="549.0" isOriginalElevationFromOSM="false" isAnchor="false"><ele>550.9</ele></trkpt>
<trkpt lat="33.399310" lon="126.406720" sectionIndex="0" pointIndex="46" originalElevation="549.0" isOriginalElevationFromOSM="false" isAnchor="false"><ele>552.0</ele></trkpt>
<trkpt lat="33.399260" lon="126.406670" sectionIndex="0" pointIndex="47" originalElevation="549.0" isOriginalElevationFromOSM="false" isAnchor="false"><ele>553.2</ele></trkpt>
<trkpt lat="33.399220" lon="126.406610" sectionIndex="0" pointIndex="48" originalElevation="549.0" isOriginalElevationFromOSM="false" isAnchor="false"><ele>554.5</ele></trkpt>
<trkpt lat="33.399110" lon="126.406640" sectionIndex="0" pointIndex="49" originalElevation="549.0" isOriginalElevationFromOSM="false" isAnchor="false"><ele>555.8</ele></trkpt>
<trkpt lat="33.399040" lon="126.406640" sectionIndex="0" pointIndex="50" originalElevation="549.0" isOriginalElevationFromOSM="false" isAnchor="false"><ele>557.2</ele></trkpt>
<trkpt lat="33.398960" lon="126.406590" sectionIndex="0" pointIndex="51" originalElevation="549.0" isOriginalElevationFromOSM="false" isAnchor="false"><ele>558.7</ele></trkpt>
<trkpt lat="33.398810" lon="126.406390" sectionIndex="0" pointIndex="52" originalElevation="570.0" isOriginalElevationFromOSM="false" isAnchor="false"><ele>560.2</ele></trkpt>
<trkpt lat="33.398770" lon="126.406380" sectionIndex="0" pointIndex="53" originalElevation="570.0" isOriginalElevationFromOSM="false" isAnchor="false"><ele>561.7</ele></trkpt>
<trkpt lat="33.398580" lon="126.406370" sectionIndex="0" pointIndex="54" originalElevation="570.0" isOriginalElevationFromOSM="false" isAnchor="false"><ele>563.3</ele></trkpt>
<trkpt lat="33.398500" lon="126.406310" sectionIndex="0" pointIndex="55" originalElevation="568.0" isOriginalElevationFromOSM="false" isAnchor="false"><ele>564.8</ele></trkpt>
<trkpt lat="33.398330" lon="126.406290" sectionIndex="0" pointIndex="56" originalElevation="568.0" isOriginalElevationFromOSM="false" isAnchor="false"><ele>566.3</ele></trkpt>
<trkpt lat="33.398250" lon="126.406240" sectionIndex="0" pointIndex="57" originalElevation="568.0" isOriginalElevationFromOSM="false" isAnchor="false"><ele>567.8</ele></trkpt>
<trkpt lat="33.398140" lon="126.406140" sectionIndex="0" pointIndex="58" originalElevation="568.0" isOriginalElevationFromOSM="false" isAnchor="false"><ele>569.2</ele></trkpt>
<trkpt lat="33.398050" lon="126.406080" sectionIndex="0" pointIndex="59" originalElevation="568.0" isOriginalElevationFromOSM="false" isAnchor="false"><ele>570.5</ele></trkpt>
<trkpt lat="33.398010" lon="126.406050" sectionIndex="0" pointIndex="60" originalElevation="568.0" isOriginalElevationFromOSM="false" isAnchor="false"><ele>571.8</ele></trkpt>
<trkpt lat="33.398010" lon="126.406040" sectionIndex="0" pointIndex="61" originalElevation="568.0" isOriginalElevationFromOSM="false" isAnchor="false"><ele>573.0</ele></trkpt>
<trkpt lat="33.397790" lon="126.405860" sectionIndex="0" pointIndex="62" originalElevation="581.0" isOriginalElevationFromOSM="false" isAnchor="false"><ele>574.1</ele></trkpt>
<trkpt lat="33.397640" lon="126.405790" sectionIndex="0" pointIndex="63" originalElevation="581.0" isOriginalElevationFromOSM="false" isAnchor="false"><ele>575.1</ele></trkpt>
<trkpt lat="33.397430" lon="126.405760" sectionIndex="0" pointIndex="64" originalElevation="581.0" isOriginalElevationFromOSM="false" isAnchor="false"><ele>576.0</ele></trkpt>
<trkpt lat="33.397250" lon="126.405780" sectionIndex="0" pointIndex="65" originalElevation="581.0" isOriginalElevationFromOSM="false" isAnchor="false"><ele>576.8</ele></trkpt>
<trkpt lat="33.397100" lon="126.405860" sectionIndex="0" pointIndex="66" originalElevation="583.0" isOriginalElevationFromOSM="false" isAnchor="false"><ele>577.4</ele></trkpt>
<trkpt lat="33.396980" lon="126.405920" sectionIndex="0" pointIndex="67" originalElevation="583.0" isOriginalElevationFromOSM="false" isAnchor="false"><ele>577.9</ele></trkpt>
<trkpt lat="33.396890" lon="126.405990" sectionIndex="0" pointIndex="68" originalElevation="583.0" isOriginalElevationFromOSM="false" isAnchor="false"><ele>578.2</ele></trkpt>
<trkpt lat="33.396890" lon="126.405990" sectionIndex="0" pointIndex="69" originalElevation="583.0" isOriginalElevationFromOSM="false" isAnchor="false"><ele>578.4</ele></trkpt>
<trkpt lat="33.396780" lon="126.406080" sectionIndex="0" pointIndex="70" originalElevation="583.0" isOriginalElevationFromOSM="false" isAnchor="false"><ele>578.4</ele></trkpt>
<trkpt lat="33.396640" lon="126.406310" sectionIndex="0" pointIndex="71" originalElevation="583.0" isOriginalElevationFromOSM="false" isAnchor="false"><ele>578.4</ele></trkpt>
<trkpt lat="33.396540" lon="126.406530" sectionIndex="0" pointIndex="72" originalElevation="581.0" isOriginalElevationFromOSM="false" isAnchor="false"><ele>578.3</ele></trkpt>
<trkpt lat="33.396480" lon="126.406740" sectionIndex="0" pointIndex="73" originalElevation="581.0" isOriginalElevationFromOSM="false" isAnchor="false"><ele>578.1</ele></trkpt>
<trkpt lat="33.396370" lon="126.407010" sectionIndex="0" pointIndex="74" originalElevation="581.0" isOriginalElevationFromOSM="false" isAnchor="false"><ele>577.8</ele></trkpt>
<trkpt lat="33.396180" lon="126.407100" sectionIndex="0" pointIndex="75" originalElevation="575.0" isOriginalElevationFromOSM="false" isAnchor="false"><ele>577.4</ele></trkpt>
<trkpt lat="33.396100" lon="126.407170" sectionIndex="0" pointIndex="76" originalElevation="575.0" isOriginalElevationFromOSM="false" isAnchor="false"><ele>577.0</ele></trkpt>
<trkpt lat="33.396050" lon="126.407230" sectionIndex="0" pointIndex="77" originalElevation="575.0" isOriginalElevationFromOSM="false" isAnchor="false"><ele>576.6</ele></trkpt>
<trkpt lat="33.396050" lon="126.407330" sectionIndex="0" pointIndex="78" originalElevation="575.0" isOriginalElevationFromOSM="false" isAnchor="false"><ele>576.0</ele></trkpt>
<trkpt lat="33.396040" lon="126.407450" sectionIndex="0" pointIndex="79" originalElevation="575.0" isOriginalElevationFromOSM="false" isAnchor="false"><ele>575.5</ele></trkpt>
<trkpt lat="33.396070" lon="126.407560" sectionIndex="0" pointIndex="80" originalElevation="575.0" isOriginalElevationFromOSM="false" isAnchor="false"><ele>575.0</ele></trkpt>
<trkpt lat="33.396250" lon="126.407730" sectionIndex="0" pointIndex="81" originalElevation="575.0" isOriginalElevationFromOSM="false" isAnchor="false"><ele>574.5</ele></trkpt>
<trkpt lat="33.396380" lon="126.407870" sectionIndex="0" pointIndex="82" originalElevation="572.0" isOriginalElevationFromOSM="false" isAnchor="false"><ele>574.0</ele></trkpt>
<trkpt lat="33.396440" lon="126.408000" sectionIndex="0" pointIndex="83" originalElevation="571.5" isOriginalElevationFromOSM="false" isAnchor="false"><ele>573.6</ele></trkpt>
<trkpt lat="33.396440" lon="126.408000" sectionIndex="0" pointIndex="84" originalElevation="571.5" isOriginalElevationFromOSM="false" isAnchor="false"><ele>573.1</ele></trkpt>
<trkpt lat="33.396460" lon="126.408020" sectionIndex="0" pointIndex="85" originalElevation="571.0" isOriginalElevationFromOSM="false" isAnchor="false"><ele>572.8</ele></trkpt>
<trkpt lat="33.396470" lon="126.408160" sectionIndex="0" pointIndex="86" originalElevation="571.0" isOriginalElevationFromOSM="false" isAnchor="false"><ele>572.4</ele></trkpt>
<trkpt lat="33.396420" lon="126.408330" sectionIndex="0" pointIndex="87" originalElevation="571.0" isOriginalElevationFromOSM="false" isAnchor="false"><ele>572.2</ele></trkpt>
<trkpt lat="33.396410" lon="126.408440" sectionIndex="0" pointIndex="88" originalElevation="571.0" isOriginalElevationFromOSM="false" isAnchor="false"><ele>571.9</ele></trkpt>
<trkpt lat="33.396460" lon="126.408490" sectionIndex="0" pointIndex="89" originalElevation="571.0" isOriginalElevationFromOSM="false" isAnchor="false"><ele>571.7</ele></trkpt>
<trkpt lat="33.396590" lon="126.408560" sectionIndex="0" pointIndex="90" originalElevation="571.0" isOriginalElevationFromOSM="false" isAnchor="false"><ele>571.6</ele></trkpt>
<trkpt lat="33.396630" lon="126.408600" sectionIndex="0" pointIndex="91" originalElevation="571.0" isOriginalElevationFromOSM="false" isAnchor="false"><ele>571.6</ele></trkpt>
<trkpt lat="33.396670" lon="126.408600" sectionIndex="0" pointIndex="92" originalElevation="571.0" isOriginalElevationFromOSM="false" isAnchor="false"><ele>571.6</ele></trkpt>
<trkpt lat="33.396670" lon="126.408600" sectionIndex="0" pointIndex="93" originalElevation="571.0" isOriginalElevationFromOSM="false" isAnchor="false"><ele>571.7</ele></trkpt>
<trkpt lat="33.396691" lon="126.408648" sectionIndex="0" pointIndex="94" originalElevation="571.0" isOriginalElevationFromOSM="false" isAnchor="false"><ele>571.9</ele></trkpt>
<trkpt lat="33.396711" lon="126.408696" sectionIndex="0" pointIndex="95" originalElevation="571.0" isOriginalElevationFromOSM="false" isAnchor="false"><ele>572.0</ele></trkpt>
<trkpt lat="33.396732" lon="126.408744" sectionIndex="0" pointIndex="96" originalElevation="571.0" isOriginalElevationFromOSM="false" isAnchor="false"><ele>572.3</ele></trkpt>
<trkpt lat="33.396753" lon="126.408791" sectionIndex="0" pointIndex="97" originalElevation="571.0" isOriginalElevationFromOSM="false" isAnchor="false"><ele>572.6</ele></trkpt>
<trkpt lat="33.396773" lon="126.408839" sectionIndex="0" pointIndex="98" originalElevation="571.0" isOriginalElevationFromOSM="false" isAnchor="false"><ele>573.0</ele></trkpt>
<trkpt lat="33.396794" lon="126.408887" sectionIndex="0" pointIndex="99" originalElevation="571.0" isOriginalElevationFromOSM="false" isAnchor="false"><ele>573.4</ele></trkpt>
<trkpt lat="33.396815" lon="126.408935" sectionIndex="0" pointIndex="100" originalElevation="571.0" isOriginalElevationFromOSM="false" isAnchor="false"><ele>573.9</ele></trkpt>
<trkpt lat="33.396835" lon="126.408983" sectionIndex="0" pointIndex="101" originalElevation="571.0" isOriginalElevationFromOSM="false" isAnchor="false"><ele>574.4</ele></trkpt>
<trkpt lat="33.396856" lon="126.409031" sectionIndex="0" pointIndex="102" originalElevation="571.0" isOriginalElevationFromOSM="false" isAnchor="false"><ele>575.0</ele></trkpt>
<trkpt lat="33.396877" lon="126.409078" sectionIndex="0" pointIndex="103" originalElevation="571.0" isOriginalElevationFromOSM="false" isAnchor="false"><ele>575.6</ele></trkpt>
<trkpt lat="33.396897" lon="126.409126" sectionIndex="0" pointIndex="104" originalElevation="571.0" isOriginalElevationFromOSM="false" isAnchor="false"><ele>576.3</ele></trkpt>
<trkpt lat="33.396918" lon="126.409174" sectionIndex="0" pointIndex="105" originalElevation="582.0" isOriginalElevationFromOSM="false" isAnchor="false"><ele>577.0</ele></trkpt>
<trkpt lat="33.396939" lon="126.409222" sectionIndex="0" pointIndex="106" originalElevation="582.0" isOriginalElevationFromOSM="false" isAnchor="false"><ele>577.8</ele></trkpt>
<trkpt lat="33.396959" lon="126.409270" sectionIndex="0" pointIndex="107" originalElevation="582.0" isOriginalElevationFromOSM="false" isAnchor="false"><ele>578.5</ele></trkpt>
<trkpt lat="33.396980" lon="126.409318" sectionIndex="0" pointIndex="108" originalElevation="582.0" isOriginalElevationFromOSM="false" isAnchor="false"><ele>579.3</ele></trkpt>
<trkpt lat="33.397000" lon="126.409365" sectionIndex="0" pointIndex="109" originalElevation="582.0" isOriginalElevationFromOSM="false" isAnchor="false"><ele>580.1</ele></trkpt>
<trkpt lat="33.397012" lon="126.409392" sectionIndex="0" pointIndex="110" originalElevation="582.0" isOriginalElevationFromOSM="false" isAnchor="false"><ele>580.8</ele></trkpt>
<trkpt lat="33.397020" lon="126.409370" sectionIndex="0" pointIndex="111" originalElevation="582.0" isOriginalElevationFromOSM="false" isAnchor="false"><ele>581.5</ele></trkpt>
<trkpt lat="33.396940" lon="126.409350" sectionIndex="0" pointIndex="112" originalElevation="582.0" isOriginalElevationFromOSM="false" isAnchor="false"><ele>582.2</ele></trkpt>
<trkpt lat="33.396840" lon="126.409370" sectionIndex="0" pointIndex="113" originalElevation="582.0" isOriginalElevationFromOSM="false" isAnchor="false"><ele>582.9</ele></trkpt>
<trkpt lat="33.396650" lon="126.409360" sectionIndex="0" pointIndex="114" originalElevation="582.0" isOriginalElevationFromOSM="false" isAnchor="false"><ele>583.5</ele></trkpt>
<trkpt lat="33.396260" lon="126.409440" sectionIndex="0" pointIndex="115" originalElevation="582.0" isOriginalElevationFromOSM="false" isAnchor="false"><ele>584.2</ele></trkpt>
<trkpt lat="33.396170" lon="126.409470" sectionIndex="0" pointIndex="116" originalElevation="582.0" isOriginalElevationFromOSM="false" isAnchor="false"><ele>584.8</ele></trkpt>
<trkpt lat="33.396080" lon="126.409520" sectionIndex="0" pointIndex="117" originalElevation="582.0" isOriginalElevationFromOSM="false" isAnchor="false"><ele>585.4</ele></trkpt>
<trkpt lat="33.395900" lon="126.409570" sectionIndex="0" pointIndex="118" originalElevation="582.0" isOriginalElevationFromOSM="false" isAnchor="false"><ele>586.0</ele></trkpt>
<trkpt lat="33.395740" lon="126.409690" sectionIndex="0" pointIndex="119" originalElevation="594.0" isOriginalElevationFromOSM="false" isAnchor="false"><ele>586.6</ele></trkpt>
<trkpt lat="33.395650" lon="126.409740" sectionIndex="0" pointIndex="120" originalElevation="594.0" isOriginalElevationFromOSM="false" isAnchor="false"><ele>587.2</ele></trkpt>
<trkpt lat="33.395600" lon="126.409740" sectionIndex="0" pointIndex="121" originalElevation="594.0" isOriginalElevationFromOSM="false" isAnchor="false"><ele>587.7</ele></trkpt>
<trkpt lat="33.395600" lon="126.409740" sectionIndex="0" pointIndex="122" originalElevation="594.0" isOriginalElevationFromOSM="false" isAnchor="false"><ele>588.2</ele></trkpt>
<trkpt lat="33.395550" lon="126.409740" sectionIndex="0" pointIndex="123" originalElevation="594.0" isOriginalElevationFromOSM="false" isAnchor="false"><ele>588.7</ele></trkpt>
<trkpt lat="33.395380" lon="126.409640" sectionIndex="0" pointIndex="124" originalElevation="586.0" isOriginalElevationFromOSM="false" isAnchor="false"><ele>589.2</ele></trkpt>
<trkpt lat="33.395320" lon="126.409550" sectionIndex="0" pointIndex="125" originalElevation="586.0" isOriginalElevationFromOSM="false" isAnchor="false"><ele>589.7</ele></trkpt>
<trkpt lat="33.395240" lon="126.409490" sectionIndex="0" pointIndex="126" originalElevation="586.0" isOriginalElevationFromOSM="false" isAnchor="false"><ele>590.2</ele></trkpt>
<trkpt lat="33.395060" lon="126.409390" sectionIndex="0" pointIndex="127" originalElevation="586.0" isOriginalElevationFromOSM="false" isAnchor="false"><ele>590.6</ele></trkpt>
<trkpt lat="33.394880" lon="126.409280" sectionIndex="0" pointIndex="128" originalElevation="586.0" isOriginalElevationFromOSM="false" isAnchor="false"><ele>591.1</ele></trkpt>
<trkpt lat="33.394820" lon="126.409190" sectionIndex="0" pointIndex="129" originalElevation="586.0" isOriginalElevationFromOSM="false" isAnchor="false"><ele>591.6</ele></trkpt>
<trkpt lat="33.394320" lon="126.408830" sectionIndex="0" pointIndex="130" originalElevation="593.0" isOriginalElevationFromOSM="false" isAnchor="false"><ele>592.0</ele></trkpt>
<trkpt lat="33.394230" lon="126.408800" sectionIndex="0" pointIndex="131" originalElevation="589.0" isOriginalElevationFromOSM="false" isAnchor="false"><ele>592.4</ele></trkpt>
<trkpt lat="33.393900" lon="126.408580" sectionIndex="0" pointIndex="132" originalElevation="589.0" isOriginalElevationFromOSM="false" isAnchor="false"><ele>592.8</ele></trkpt>
<trkpt lat="33.393700" lon="126.408500" sectionIndex="0" pointIndex="133" originalElevation="600.0" isOriginalElevationFromOSM="false" isAnchor="false"><ele>593.1</ele></trkpt>
<trkpt lat="33.393550" lon="126.408370" sectionIndex="0" pointIndex="134" originalElevation="600.0" isOriginalElevationFromOSM="false" isAnchor="false"><ele>593.3</ele></trkpt>
<trkpt lat="33.393490" lon="126.408280" sectionIndex="0" pointIndex="135" originalElevation="600.0" isOriginalElevationFromOSM="false" isAnchor="false"><ele>593.4</ele></trkpt>
<trkpt lat="33.393430" lon="126.408250" sectionIndex="0" pointIndex="136" originalElevation="600.0" isOriginalElevationFromOSM="false" isAnchor="false"><ele>593.4</ele></trkpt>
<trkpt lat="33.393430" lon="126.408250" sectionIndex="0" pointIndex="137" originalElevation="600.0" isOriginalElevationFromOSM="false" isAnchor="false"><ele>593.3</ele></trkpt>
<trkpt lat="33.393400" lon="126.408240" sectionIndex="0" pointIndex="138" originalElevation="600.0" isOriginalElevationFromOSM="false" isAnchor="false"><ele>593.2</ele></trkpt>
<trkpt lat="33.393440" lon="126.408140" sectionIndex="0" pointIndex="139" originalElevation="600.0" isOriginalElevationFromOSM="false" isAnchor="false"><ele>592.8</ele></trkpt>
<trkpt lat="33.393420" lon="126.407920" sectionIndex="0" pointIndex="140" originalElevation="592.0" isOriginalElevationFromOSM="false" isAnchor="false"><ele>592.4</ele></trkpt>
<trkpt lat="33.393340" lon="126.407690" sectionIndex="0" pointIndex="141" originalElevation="592.0" isOriginalElevationFromOSM="false" isAnchor="false"><ele>591.9</ele></trkpt>
<trkpt lat="33.393290" lon="126.407440" sectionIndex="0" pointIndex="142" originalElevation="592.0" isOriginalElevationFromOSM="false" isAnchor="false"><ele>591.3</ele></trkpt>
<trkpt lat="33.393260" lon="126.407340" sectionIndex="0" pointIndex="143" originalElevation="592.0" isOriginalElevationFromOSM="false" isAnchor="false"><ele>590.5</ele></trkpt>
<trkpt lat="33.393280" lon="126.407220" sectionIndex="0" pointIndex="144" originalElevation="592.0" isOriginalElevationFromOSM="false" isAnchor="false"><ele>589.7</ele></trkpt>
<trkpt lat="33.393280" lon="126.407100" sectionIndex="0" pointIndex="145" originalElevation="591.0" isOriginalElevationFromOSM="false" isAnchor="false"><ele>588.8</ele></trkpt>
<trkpt lat="33.393340" lon="126.406640" sectionIndex="0" pointIndex="146" originalElevation="591.0" isOriginalElevationFromOSM="false" isAnchor="false"><ele>587.8</ele></trkpt>
<trkpt lat="33.393340" lon="126.406420" sectionIndex="0" pointIndex="147" originalElevation="591.0" isOriginalElevationFromOSM="false" isAnchor="false"><ele>586.8</ele></trkpt>
<trkpt lat="33.393290" lon="126.406200" sectionIndex="0" pointIndex="148" originalElevation="583.0" isOriginalElevationFromOSM="false" isAnchor="false"><ele>585.8</ele></trkpt>
<trkpt lat="33.393120" lon="126.405680" sectionIndex="0" pointIndex="149" originalElevation="583.0" isOriginalElevationFromOSM="false" isAnchor="false"><ele>584.7</ele></trkpt>
<trkpt lat="33.393120" lon="126.405560" sectionIndex="0" pointIndex="150" originalElevation="583.0" isOriginalElevationFromOSM="false" isAnchor="false"><ele>583.5</ele></trkpt>
<trkpt lat="33.393080" lon="126.405320" sectionIndex="0" pointIndex="151" originalElevation="575.0" isOriginalElevationFromOSM="false" isAnchor="false"><ele>582.4</ele></trkpt>
<trkpt lat="33.392830" lon="126.404990" sectionIndex="0" pointIndex="152" originalElevation="586.0" isOriginalElevationFromOSM="false" isAnchor="false"><ele>581.3</ele></trkpt>
<trkpt lat="33.392800" lon="126.404890" sectionIndex="0" pointIndex="153" originalElevation="586.0" isOriginalElevationFromOSM="false" isAnchor="false"><ele>580.2</ele></trkpt>
<trkpt lat="33.392700" lon="126.404580" sectionIndex="0" pointIndex="154" originalElevation="574.0" isOriginalElevationFromOSM="false" isAnchor="false"><ele>579.0</ele></trkpt>
<trkpt lat="33.392540" lon="126.404450" sectionIndex="0" pointIndex="155" originalElevation="574.0" isOriginalElevationFromOSM="false" isAnchor="false"><ele>577.9</ele></trkpt>
<trkpt lat="33.392420" lon="126.404280" sectionIndex="0" pointIndex="156" originalElevation="574.0" isOriginalElevationFromOSM="false" isAnchor="false"><ele>576.9</ele></trkpt>
<trkpt lat="33.392310" lon="126.403950" sectionIndex="0" pointIndex="157" originalElevation="574.0" isOriginalElevationFromOSM="false" isAnchor="false"><ele>575.9</ele></trkpt>
<trkpt lat="33.392230" lon="126.403740" sectionIndex="0" pointIndex="158" originalElevation="563.0" isOriginalElevationFromOSM="false" isAnchor="false"><ele>574.9</ele></trkpt>
<trkpt lat="33.392090" lon="126.403570" sectionIndex="0" pointIndex="159" originalElevation="577.0" isOriginalElevationFromOSM="false" isAnchor="false"><ele>574.0</ele></trkpt>
<trkpt lat="33.392000" lon="126.403510" sectionIndex="0" pointIndex="160" originalElevation="577.0" isOriginalElevationFromOSM="false" isAnchor="false"><ele>573.0</ele></trkpt>
<trkpt lat="33.391930" lon="126.403430" sectionIndex="0" pointIndex="161" originalElevation="577.0" isOriginalElevationFromOSM="false" isAnchor="false"><ele>572.1</ele></trkpt>
<trkpt lat="33.391880" lon="126.403340" sectionIndex="0" pointIndex="162" originalElevation="577.0" isOriginalElevationFromOSM="false" isAnchor="false"><ele>571.2</ele></trkpt>
<trkpt lat="33.391910" lon="126.403010" sectionIndex="0" pointIndex="163" originalElevation="577.0" isOriginalElevationFromOSM="false" isAnchor="false"><ele>570.3</ele></trkpt>
<trkpt lat="33.391810" lon="126.402820" sectionIndex="0" pointIndex="164" originalElevation="567.0" isOriginalElevationFromOSM="false" isAnchor="false"><ele>569.4</ele></trkpt>
<trkpt lat="33.391730" lon="126.402600" sectionIndex="0" pointIndex="165" originalElevation="567.0" isOriginalElevationFromOSM="false" isAnchor="false"><ele>568.6</ele></trkpt>
<trkpt lat="33.391580" lon="126.402430" sectionIndex="0" pointIndex="166" originalElevation="567.0" isOriginalElevationFromOSM="false" isAnchor="false"><ele>567.8</ele></trkpt>
<trkpt lat="33.391530" lon="126.402340" sectionIndex="0" pointIndex="167" originalElevation="567.0" isOriginalElevationFromOSM="false" isAnchor="false"><ele>567.1</ele></trkpt>
<trkpt lat="33.391210" lon="126.402020" sectionIndex="0" pointIndex="168" originalElevation="560.0" isOriginalElevationFromOSM="false" isAnchor="false"><ele>566.4</ele></trkpt>
<trkpt lat="33.391160" lon="126.401940" sectionIndex="0" pointIndex="169" originalElevation="560.0" isOriginalElevationFromOSM="false" isAnchor="false"><ele>565.7</ele></trkpt>
<trkpt lat="33.390980" lon="126.401850" sectionIndex="0" pointIndex="170" originalElevation="560.0" isOriginalElevationFromOSM="false" isAnchor="false"><ele>565.2</ele></trkpt>
<trkpt lat="33.390800" lon="126.401800" sectionIndex="0" pointIndex="171" originalElevation="560.0" isOriginalElevationFromOSM="false" isAnchor="false"><ele>564.7</ele></trkpt>
<trkpt lat="33.390620" lon="126.401710" sectionIndex="0" pointIndex="172" originalElevation="560.0" isOriginalElevationFromOSM="false" isAnchor="false"><ele>564.2</ele></trkpt>
<trkpt lat="33.390270" lon="126.401510" sectionIndex="0" pointIndex="173" originalElevation="566.0" isOriginalElevationFromOSM="false" isAnchor="false"><ele>563.9</ele></trkpt>
<trkpt lat="33.390190" lon="126.401440" sectionIndex="0" pointIndex="174" originalElevation="566.0" isOriginalElevationFromOSM="false" isAnchor="false"><ele>563.6</ele></trkpt>
<trkpt lat="33.390180" lon="126.401430" sectionIndex="0" pointIndex="175" originalElevation="566.0" isOriginalElevationFromOSM="false" isAnchor="false"><ele>563.3</ele></trkpt>
<trkpt lat="33.390180" lon="126.401430" sectionIndex="0" pointIndex="176" originalElevation="560.0" isOriginalElevationFromOSM="false" isAnchor="false"><ele>563.1</ele></trkpt>
<trkpt lat="33.390141" lon="126.401403" sectionIndex="0" pointIndex="177" originalElevation="560.0" isOriginalElevationFromOSM="false" isAnchor="false"><ele>562.9</ele></trkpt>
<trkpt lat="33.390102" lon="126.401376" sectionIndex="0" pointIndex="178" originalElevation="560.0" isOriginalElevationFromOSM="false" isAnchor="false"><ele>562.8</ele></trkpt>
<trkpt lat="33.390063" lon="126.401349" sectionIndex="0" pointIndex="179" originalElevation="560.0" isOriginalElevationFromOSM="false" isAnchor="false"><ele>562.8</ele></trkpt>
<trkpt lat="33.390024" lon="126.401322" sectionIndex="0" pointIndex="180" originalElevation="560.0" isOriginalElevationFromOSM="false" isAnchor="false"><ele>562.8</ele></trkpt>
<trkpt lat="33.389985" lon="126.401295" sectionIndex="0" pointIndex="181" originalElevation="564.0" isOriginalElevationFromOSM="false" isAnchor="false"><ele>562.9</ele></trkpt>
<trkpt lat="33.389946" lon="126.401268" sectionIndex="0" pointIndex="182" originalElevation="564.0" isOriginalElevationFromOSM="false" isAnchor="false"><ele>562.9</ele></trkpt>
<trkpt lat="33.389907" lon="126.401241" sectionIndex="0" pointIndex="183" originalElevation="564.0" isOriginalElevationFromOSM="false" isAnchor="false"><ele>563.0</ele></trkpt>
<trkpt lat="33.389895" lon="126.401233" sectionIndex="0" pointIndex="184" originalElevation="564.0" isOriginalElevationFromOSM="false" isAnchor="false"><ele>563.2</ele></trkpt>
<trkpt lat="33.389895" lon="126.401233" sectionIndex="0" pointIndex="185" originalElevation="564.0" isOriginalElevationFromOSM="false" isAnchor="false"><ele>563.3</ele></trkpt>
<trkpt lat="33.389850" lon="126.401229" sectionIndex="0" pointIndex="186" originalElevation="564.0" isOriginalElevationFromOSM="false" isAnchor="false"><ele>563.4</ele></trkpt>
<trkpt lat="33.389805" lon="126.401225" sectionIndex="0" pointIndex="187" originalElevation="564.0" isOriginalElevationFromOSM="false" isAnchor="false"><ele>563.5</ele></trkpt>
<trkpt lat="33.389761" lon="126.401222" sectionIndex="0" pointIndex="188" originalElevation="564.0" isOriginalElevationFromOSM="false" isAnchor="false"><ele>563.6</ele></trkpt>
<trkpt lat="33.389742" lon="126.401220" sectionIndex="0" pointIndex="189" originalElevation="564.0" isOriginalElevationFromOSM="false" isAnchor="false"><ele>563.6</ele></trkpt>
<trkpt lat="33.389742" lon="126.401220" sectionIndex="0" pointIndex="190" originalElevation="564.0" isOriginalElevationFromOSM="false" isAnchor="false"><ele>563.7</ele></trkpt>
<trkpt lat="33.389699" lon="126.401235" sectionIndex="0" pointIndex="191" originalElevation="564.0" isOriginalElevationFromOSM="false" isAnchor="false"><ele>563.7</ele></trkpt>
<trkpt lat="33.389656" lon="126.401251" sectionIndex="0" pointIndex="192" originalElevation="564.0" isOriginalElevationFromOSM="false" isAnchor="false"><ele>563.8</ele></trkpt>
<trkpt lat="33.389634" lon="126.401258" sectionIndex="0" pointIndex="193" originalElevation="564.0" isOriginalElevationFromOSM="false" isAnchor="false"><ele>563.9</ele></trkpt>
<trkpt lat="33.389634" lon="126.401258" sectionIndex="0" pointIndex="194" originalElevation="564.0" isOriginalElevationFromOSM="false" isAnchor="false"><ele>563.9</ele></trkpt>
<trkpt lat="33.389590" lon="126.401268" sectionIndex="0" pointIndex="195" originalElevation="564.0" isOriginalElevationFromOSM="false" isAnchor="false"><ele>563.9</ele></trkpt>
<trkpt lat="33.389546" lon="126.401278" sectionIndex="0" pointIndex="196" originalElevation="564.0" isOriginalElevationFromOSM="false" isAnchor="false"><ele>563.9</ele></trkpt>
<trkpt lat="33.389502" lon="126.401287" sectionIndex="0" pointIndex="197" originalElevation="564.0" isOriginalElevationFromOSM="false" isAnchor="false"><ele>563.8</ele></trkpt>
<trkpt lat="33.389457" lon="126.401297" sectionIndex="0" pointIndex="198" originalElevation="564.0" isOriginalElevationFromOSM="false" isAnchor="false"><ele>563.7</ele></trkpt>
<trkpt lat="33.389413" lon="126.401306" sectionIndex="0" pointIndex="199" originalElevation="564.0" isOriginalElevationFromOSM="false" isAnchor="false"><ele>563.7</ele></trkpt>
<trkpt lat="33.389405" lon="126.401308" sectionIndex="0" pointIndex="200" originalElevation="564.0" isOriginalElevationFromOSM="false" isAnchor="false"><ele>563.5</ele></trkpt>
<trkpt lat="33.389405" lon="126.401308" sectionIndex="0" pointIndex="201" originalElevation="564.0" isOriginalElevationFromOSM="false" isAnchor="false"><ele>563.4</ele></trkpt>
<trkpt lat="33.389360" lon="126.401306" sectionIndex="0" pointIndex="202" originalElevation="564.0" isOriginalElevationFromOSM="false" isAnchor="false"><ele>563.3</ele></trkpt>
<trkpt lat="33.389315" lon="126.401304" sectionIndex="0" pointIndex="203" originalElevation="564.0" isOriginalElevationFromOSM="false" isAnchor="false"><ele>563.1</ele></trkpt>
<trkpt lat="33.389270" lon="126.401301" sectionIndex="0" pointIndex="204" originalElevation="564.0" isOriginalElevationFromOSM="false" isAnchor="false"><ele>562.9</ele></trkpt>
<trkpt lat="33.389225" lon="126.401299" sectionIndex="0" pointIndex="205" originalElevation="564.0" isOriginalElevationFromOSM="false" isAnchor="false"><ele>562.7</ele></trkpt>
<trkpt lat="33.389220" lon="126.401299" sectionIndex="0" pointIndex="206" originalElevation="564.0" isOriginalElevationFromOSM="false" isAnchor="false"><ele>562.5</ele></trkpt>
<trkpt lat="33.389220" lon="126.401299" sectionIndex="0" pointIndex="207" originalElevation="564.0" isOriginalElevationFromOSM="false" isAnchor="false"><ele>562.3</ele></trkpt>
<trkpt lat="33.389175" lon="126.401300" sectionIndex="0" pointIndex="208" originalElevation="564.0" isOriginalElevationFromOSM="false" isAnchor="false"><ele>562.1</ele></trkpt>
<trkpt lat="33.389130" lon="126.401302" sectionIndex="0" pointIndex="209" originalElevation="560.0" isOriginalElevationFromOSM="false" isAnchor="false"><ele>561.9</ele></trkpt>
<trkpt lat="33.389085" lon="126.401303" sectionIndex="0" pointIndex="210" originalElevation="560.0" isOriginalElevationFromOSM="false" isAnchor="false"><ele>561.7</ele></trkpt>
<trkpt lat="33.389040" lon="126.401305" sectionIndex="0" pointIndex="211" originalElevation="560.0" isOriginalElevationFromOSM="false" isAnchor="false"><ele>561.5</ele></trkpt>
<trkpt lat="33.389008" lon="126.401306" sectionIndex="0" pointIndex="212" originalElevation="560.0" isOriginalElevationFromOSM="false" isAnchor="false"><ele>561.3</ele></trkpt>
<trkpt lat="33.389008" lon="126.401306" sectionIndex="0" pointIndex="213" originalElevation="560.0" isOriginalElevationFromOSM="false" isAnchor="false"><ele>561.1</ele></trkpt>
<trkpt lat="33.388963" lon="126.401300" sectionIndex="0" pointIndex="214" originalElevation="560.0" isOriginalElevationFromOSM="false" isAnchor="false"><ele>560.9</ele></trkpt>
<trkpt lat="33.388919" lon="126.401294" sectionIndex="0" pointIndex="215" originalElevation="560.0" isOriginalElevationFromOSM="false" isAnchor="false"><ele>560.7</ele></trkpt>
<trkpt lat="33.388886" lon="126.401290" sectionIndex="0" pointIndex="216" originalElevation="560.0" isOriginalElevationFromOSM="false" isAnchor="false"><ele>560.6</ele></trkpt>
<trkpt lat="33.388886" lon="126.401290" sectionIndex="0" pointIndex="217" originalElevation="560.0" isOriginalElevationFromOSM="false" isAnchor="false"><ele>560.5</ele></trkpt>
<trkpt lat="33.388841" lon="126.401286" sectionIndex="0" pointIndex="218" originalElevation="560.0" isOriginalElevationFromOSM="false" isAnchor="false"><ele>560.3</ele></trkpt>
<trkpt lat="33.388797" lon="126.401282" sectionIndex="0" pointIndex="219" originalElevation="560.0" isOriginalElevationFromOSM="false" isAnchor="false"><ele>560.3</ele></trkpt>
<trkpt lat="33.388752" lon="126.401277" sectionIndex="0" pointIndex="220" originalElevation="560.0" isOriginalElevationFromOSM="false" isAnchor="false"><ele>560.2</ele></trkpt>
<trkpt lat="33.388707" lon="126.401273" sectionIndex="0" pointIndex="221" originalElevation="560.0" isOriginalElevationFromOSM="false" isAnchor="false"><ele>560.2</ele></trkpt>
<trkpt lat="33.388662" lon="126.401268" sectionIndex="0" pointIndex="222" originalElevation="560.0" isOriginalElevationFromOSM="false" isAnchor="false"><ele>560.2</ele></trkpt>
<trkpt lat="33.388656" lon="126.401268" sectionIndex="0" pointIndex="223" originalElevation="560.0" isOriginalElevationFromOSM="false" isAnchor="false"><ele>560.2</ele></trkpt>
<trkpt lat="33.388656" lon="126.401268" sectionIndex="0" pointIndex="224" originalElevation="560.0" isOriginalElevationFromOSM="false" isAnchor="false"><ele>560.3</ele></trkpt>
<trkpt lat="33.388612" lon="126.401256" sectionIndex="0" pointIndex="225" originalElevation="560.0" isOriginalElevationFromOSM="false" isAnchor="false"><ele>560.3</ele></trkpt>
<trkpt lat="33.388569" lon="126.401243" sectionIndex="0" pointIndex="226" originalElevation="560.0" isOriginalElevationFromOSM="false" isAnchor="false"><ele>560.4</ele></trkpt>
<trkpt lat="33.388525" lon="126.401231" sectionIndex="0" pointIndex="227" originalElevation="560.0" isOriginalElevationFromOSM="false" isAnchor="false"><ele>560.5</ele></trkpt>
<trkpt lat="33.388496" lon="126.401223" sectionIndex="0" pointIndex="228" originalElevation="560.0" isOriginalElevationFromOSM="false" isAnchor="false"><ele>560.7</ele></trkpt>
<trkpt lat="33.388496" lon="126.401223" sectionIndex="0" pointIndex="229" originalElevation="560.0" isOriginalElevationFromOSM="false" isAnchor="false"><ele>560.8</ele></trkpt>
<trkpt lat="33.388452" lon="126.401210" sectionIndex="0" pointIndex="230" originalElevation="560.0" isOriginalElevationFromOSM="false" isAnchor="false"><ele>560.9</ele></trkpt>
<trkpt lat="33.388409" lon="126.401196" sectionIndex="0" pointIndex="231" originalElevation="560.0" isOriginalElevationFromOSM="false" isAnchor="false"><ele>561.1</ele></trkpt>
<trkpt lat="33.388367" lon="126.401184" sectionIndex="0" pointIndex="232" originalElevation="560.0" isOriginalElevationFromOSM="false" isAnchor="false"><ele>561.3</ele></trkpt>
<trkpt lat="33.388367" lon="126.401184" sectionIndex="0" pointIndex="233" originalElevation="560.0" isOriginalElevationFromOSM="false" isAnchor="false"><ele>561.4</ele></trkpt>
<trkpt lat="33.388327" lon="126.401160" sectionIndex="0" pointIndex="234" originalElevation="563.0" isOriginalElevationFromOSM="false" isAnchor="false"><ele>561.6</ele></trkpt>
<trkpt lat="33.388286" lon="126.401136" sectionIndex="0" pointIndex="235" originalElevation="563.0" isOriginalElevationFromOSM="false" isAnchor="false"><ele>561.7</ele></trkpt>
<trkpt lat="33.388246" lon="126.401113" sectionIndex="0" pointIndex="236" originalElevation="563.0" isOriginalElevationFromOSM="false" isAnchor="false"><ele>561.8</ele></trkpt>
<trkpt lat="33.388206" lon="126.401089" sectionIndex="0" pointIndex="237" originalElevation="563.0" isOriginalElevationFromOSM="false" isAnchor="false"><ele>561.9</ele></trkpt>
<trkpt lat="33.388200" lon="126.401085" sectionIndex="0" pointIndex="238" originalElevation="563.0" isOriginalElevationFromOSM="false" isAnchor="false"><ele>562.0</ele></trkpt>
<trkpt lat="33.388200" lon="126.401085" sectionIndex="0" pointIndex="239" originalElevation="563.0" isOriginalElevationFromOSM="false" isAnchor="false"><ele>562.1</ele></trkpt>
<trkpt lat="33.388157" lon="126.401068" sectionIndex="0" pointIndex="240" originalElevation="563.0" isOriginalElevationFromOSM="false" isAnchor="false"><ele>562.1</ele></trkpt>
<trkpt lat="33.388115" lon="126.401051" sectionIndex="0" pointIndex="241" originalElevation="563.0" isOriginalElevationFromOSM="false" isAnchor="false"><ele>562.1</ele></trkpt>
<trkpt lat="33.388107" lon="126.401048" sectionIndex="0" pointIndex="242" originalElevation="563.0" isOriginalElevationFromOSM="false" isAnchor="false"><ele>562.1</ele></trkpt>
<trkpt lat="33.388107" lon="126.401048" sectionIndex="0" pointIndex="243" originalElevation="563.0" isOriginalElevationFromOSM="false" isAnchor="false"><ele>562.0</ele></trkpt>
<trkpt lat="33.388075" lon="126.401012" sectionIndex="0" pointIndex="244" originalElevation="563.0" isOriginalElevationFromOSM="false" isAnchor="false"><ele>561.9</ele></trkpt>
<trkpt lat="33.388042" lon="126.400975" sectionIndex="0" pointIndex="245" originalElevation="563.0" isOriginalElevationFromOSM="false" isAnchor="false"><ele>561.8</ele></trkpt>
<trkpt lat="33.388010" lon="126.400939" sectionIndex="0" pointIndex="246" originalElevation="563.0" isOriginalElevationFromOSM="false" isAnchor="false"><ele>561.7</ele></trkpt>
<trkpt lat="33.388010" lon="126.400939" sectionIndex="0" pointIndex="247" originalElevation="563.0" isOriginalElevationFromOSM="false" isAnchor="false"><ele>561.5</ele></trkpt>
<trkpt lat="33.387980" lon="126.400899" sectionIndex="0" pointIndex="248" originalElevation="563.0" isOriginalElevationFromOSM="false" isAnchor="false"><ele>561.4</ele></trkpt>
<trkpt lat="33.387950" lon="126.400859" sectionIndex="0" pointIndex="249" originalElevation="563.0" isOriginalElevationFromOSM="false" isAnchor="false"><ele>561.2</ele></trkpt>
<trkpt lat="33.387920" lon="126.400818" sectionIndex="0" pointIndex="250" originalElevation="559.0" isOriginalElevationFromOSM="false" isAnchor="false"><ele>561.1</ele></trkpt>
<trkpt lat="33.387890" lon="126.400778" sectionIndex="0" pointIndex="251" originalElevation="559.0" isOriginalElevationFromOSM="false" isAnchor="false"><ele>560.9</ele></trkpt>
<trkpt lat="33.387881" lon="126.400765" sectionIndex="0" pointIndex="252" originalElevation="559.0" isOriginalElevationFromOSM="false" isAnchor="false"><ele>560.8</ele></trkpt>
<trkpt lat="33.387881" lon="126.400765" sectionIndex="0" pointIndex="253" originalElevation="559.0" isOriginalElevationFromOSM="false" isAnchor="false"><ele>560.8</ele></trkpt>
<trkpt lat="33.387845" lon="126.400732" sectionIndex="0" pointIndex="254" originalElevation="559.0" isOriginalElevationFromOSM="false" isAnchor="false"><ele>560.8</ele></trkpt>
<trkpt lat="33.387810" lon="126.400698" sectionIndex="0" pointIndex="255" originalElevation="559.0" isOriginalElevationFromOSM="false" isAnchor="false"><ele>560.8</ele></trkpt>
<trkpt lat="33.387775" lon="126.400665" sectionIndex="0" pointIndex="256" originalElevation="559.0" isOriginalElevationFromOSM="false" isAnchor="false"><ele>560.9</ele></trkpt>
<trkpt lat="33.387774" lon="126.400664" sectionIndex="0" pointIndex="257" originalElevation="559.0" isOriginalElevationFromOSM="false" isAnchor="false"><ele>561.1</ele></trkpt>
<trkpt lat="33.387774" lon="126.400664" sectionIndex="0" pointIndex="258" originalElevation="559.0" isOriginalElevationFromOSM="false" isAnchor="false"><ele>561.3</ele></trkpt>
<trkpt lat="33.387730" lon="126.400654" sectionIndex="0" pointIndex="259" originalElevation="559.0" isOriginalElevationFromOSM="false" isAnchor="false"><ele>561.7</ele></trkpt>
<trkpt lat="33.387686" lon="126.400644" sectionIndex="0" pointIndex="260" originalElevation="559.0" isOriginalElevationFromOSM="false" isAnchor="false"><ele>562.1</ele></trkpt>
<trkpt lat="33.387682" lon="126.400643" sectionIndex="0" pointIndex="261" originalElevation="559.0" isOriginalElevationFromOSM="false" isAnchor="false"><ele>562.6</ele></trkpt>
<trkpt lat="33.387690" lon="126.400660" sectionIndex="0" pointIndex="262" originalElevation="563.0" isOriginalElevationFromOSM="false" isAnchor="false"><ele>563.3</ele></trkpt>
<trkpt lat="33.387560" lon="126.400740" sectionIndex="0" pointIndex="263" originalElevation="563.0" isOriginalElevationFromOSM="false" isAnchor="false"><ele>564.0</ele></trkpt>
<trkpt lat="33.387480" lon="126.400820" sectionIndex="0" pointIndex="264" originalElevation="563.0" isOriginalElevationFromOSM="false" isAnchor="false"><ele>564.9</ele></trkpt>
<trkpt lat="33.387310" lon="126.400890" sectionIndex="0" pointIndex="265" originalElevation="563.0" isOriginalElevationFromOSM="false" isAnchor="false"><ele>565.9</ele></trkpt>
<trkpt lat="33.387220" lon="126.400950" sectionIndex="0" pointIndex="266" originalElevation="563.0" isOriginalElevationFromOSM="false" isAnchor="false"><ele>566.9</ele></trkpt>
<trkpt lat="33.387050" lon="126.401010" sectionIndex="0" pointIndex="267" originalElevation="567.0" isOriginalElevationFromOSM="false" isAnchor="false"><ele>568.1</ele></trkpt>
<trkpt lat="33.386970" lon="126.401090" sectionIndex="0" pointIndex="268" originalElevation="567.0" isOriginalElevationFromOSM="false" isAnchor="false"><ele>569.4</ele></trkpt>
<trkpt lat="33.386920" lon="126.401210" sectionIndex="0" pointIndex="269" originalElevation="567.0" isOriginalElevationFromOSM="false" isAnchor="false"><ele>570.8</ele></trkpt>
<trkpt lat="33.386920" lon="126.401210" sectionIndex="0" pointIndex="270" originalElevation="567.0" isOriginalElevationFromOSM="false" isAnchor="false"><ele>572.3</ele></trkpt>
<trkpt lat="33.386920" lon="126.401320" sectionIndex="0" pointIndex="271" originalElevation="567.0" isOriginalElevationFromOSM="false" isAnchor="false"><ele>573.9</ele></trkpt>
<trkpt lat="33.386980" lon="126.401520" sectionIndex="0" pointIndex="272" originalElevation="577.0" isOriginalElevationFromOSM="false" isAnchor="false"><ele>575.5</ele></trkpt>
<trkpt lat="33.387000" lon="126.401750" sectionIndex="0" pointIndex="273" originalElevation="577.0" isOriginalElevationFromOSM="false" isAnchor="false"><ele>577.3</ele></trkpt>
<trkpt lat="33.386910" lon="126.401950" sectionIndex="0" pointIndex="274" originalElevation="577.0" isOriginalElevationFromOSM="false" isAnchor="false"><ele>579.2</ele></trkpt>
<trkpt lat="33.386910" lon="126.401950" sectionIndex="0" pointIndex="275" originalElevation="577.0" isOriginalElevationFromOSM="false" isAnchor="false"><ele>581.1</ele></trkpt>
<trkpt lat="33.386780" lon="126.402110" sectionIndex="0" pointIndex="276" originalElevation="577.0" isOriginalElevationFromOSM="false" isAnchor="false"><ele>583.1</ele></trkpt>
<trkpt lat="33.386730" lon="126.402210" sectionIndex="0" pointIndex="277" originalElevation="591.0" isOriginalElevationFromOSM="false" isAnchor="false"><ele>585.2</ele></trkpt>
<trkpt lat="33.386670" lon="126.402280" sectionIndex="0" pointIndex="278" originalElevation="591.0" isOriginalElevationFromOSM="false" isAnchor="false"><ele>587.3</ele></trkpt>
<trkpt lat="33.386470" lon="126.402540" sectionIndex="0" pointIndex="279" originalElevation="591.0" isOriginalElevationFromOSM="false" isAnchor="false"><ele>589.5</ele></trkpt>
<trkpt lat="33.386430" lon="126.402640" sectionIndex="0" pointIndex="280" originalElevation="591.0" isOriginalElevationFromOSM="false" isAnchor="false"><ele>591.7</ele></trkpt>
<trkpt lat="33.386240" lon="126.402890" sectionIndex="0" pointIndex="281" originalElevation="590.0" isOriginalElevationFromOSM="false" isAnchor="false"><ele>593.9</ele></trkpt>
<trkpt lat="33.386160" lon="126.402960" sectionIndex="0" pointIndex="282" originalElevation="590.0" isOriginalElevationFromOSM="false" isAnchor="false"><ele>596.1</ele></trkpt>
<trkpt lat="33.386200" lon="126.403060" sectionIndex="0" pointIndex="283" originalElevation="603.0" isOriginalElevationFromOSM="false" isAnchor="false"><ele>598.4</ele></trkpt>
<trkpt lat="33.386250" lon="126.403270" sectionIndex="0" pointIndex="284" originalElevation="603.0" isOriginalElevationFromOSM="false" isAnchor="false"><ele>600.7</ele></trkpt>
<trkpt lat="33.386300" lon="126.403380" sectionIndex="0" pointIndex="285" originalElevation="603.0" isOriginalElevationFromOSM="false" isAnchor="false"><ele>603.1</ele></trkpt>
<trkpt lat="33.386350" lon="126.403480" sectionIndex="0" pointIndex="286" originalElevation="602.0" isOriginalElevationFromOSM="false" isAnchor="false"><ele>605.4</ele></trkpt>
<trkpt lat="33.386470" lon="126.403660" sectionIndex="0" pointIndex="287" originalElevation="602.0" isOriginalElevationFromOSM="false" isAnchor="false"><ele>607.7</ele></trkpt>
<trkpt lat="33.386430" lon="126.404000" sectionIndex="0" pointIndex="288" originalElevation="613.0" isOriginalElevationFromOSM="false" isAnchor="false"><ele>610.1</ele></trkpt>
<trkpt lat="33.386520" lon="126.404200" sectionIndex="0" pointIndex="289" originalElevation="613.0" isOriginalElevationFromOSM="false" isAnchor="false"><ele>612.6</ele></trkpt>
<trkpt lat="33.386640" lon="126.404390" sectionIndex="0" pointIndex="290" originalElevation="613.0" isOriginalElevationFromOSM="false" isAnchor="false"><ele>615.1</ele></trkpt>
<trkpt lat="33.386900" lon="126.404500" sectionIndex="0" pointIndex="291" originalElevation="613.0" isOriginalElevationFromOSM="false" isAnchor="false"><ele>617.6</ele></trkpt>
<trkpt lat="33.386990" lon="126.404710" sectionIndex="0" pointIndex="292" originalElevation="629.0" isOriginalElevationFromOSM="false" isAnchor="false"><ele>620.1</ele></trkpt>
<trkpt lat="33.387050" lon="126.404800" sectionIndex="0" pointIndex="293" originalElevation="629.0" isOriginalElevationFromOSM="false" isAnchor="false"><ele>622.6</ele></trkpt>
<trkpt lat="33.387170" lon="126.404990" sectionIndex="0" pointIndex="294" originalElevation="629.0" isOriginalElevationFromOSM="false" isAnchor="false"><ele>625.2</ele></trkpt>
<trkpt lat="33.387320" lon="126.405110" sectionIndex="0" pointIndex="295" originalElevation="622.0" isOriginalElevationFromOSM="false" isAnchor="false"><ele>627.7</ele></trkpt>
<trkpt lat="33.387500" lon="126.405220" sectionIndex="0" pointIndex="296" originalElevation="622.0" isOriginalElevationFromOSM="false" isAnchor="false"><ele>630.3</ele></trkpt>
<trkpt lat="33.387590" lon="126.405420" sectionIndex="0" pointIndex="297" originalElevation="622.0" isOriginalElevationFromOSM="false" isAnchor="false"><ele>632.9</ele></trkpt>
<trkpt lat="33.387760" lon="126.405520" sectionIndex="0" pointIndex="298" originalElevation="638.0" isOriginalElevationFromOSM="false" isAnchor="false"><ele>635.5</ele></trkpt>
<trkpt lat="33.387810" lon="126.405620" sectionIndex="0" pointIndex="299" originalElevation="638.0" isOriginalElevationFromOSM="false" isAnchor="false"><ele>638.3</ele></trkpt>
<trkpt lat="33.387870" lon="126.405730" sectionIndex="0" pointIndex="300" originalElevation="638.0" isOriginalElevationFromOSM="false" isAnchor="false"><ele>641.2</ele></trkpt>
<trkpt lat="33.387900" lon="126.405950" sectionIndex="0" pointIndex="301" originalElevation="638.0" isOriginalElevationFromOSM="false" isAnchor="false"><ele>644.1</ele></trkpt>
<trkpt lat="33.387880" lon="126.406170" sectionIndex="0" pointIndex="302" originalElevation="638.0" isOriginalElevationFromOSM="false" isAnchor="false"><ele>647.1</ele></trkpt>
<trkpt lat="33.387720" lon="126.406460" sectionIndex="0" pointIndex="303" originalElevation="662.0" isOriginalElevationFromOSM="false" isAnchor="false"><ele>650.1</ele></trkpt>
<trkpt lat="33.387720" lon="126.406580" sectionIndex="0" pointIndex="304" originalElevation="662.0" isOriginalElevationFromOSM="false" isAnchor="false"><ele>653.3</ele></trkpt>
<trkpt lat="33.387690" lon="126.406680" sectionIndex="0" pointIndex="305" originalElevation="662.0" isOriginalElevationFromOSM="false" isAnchor="false"><ele>656.5</ele></trkpt>
<trkpt lat="33.387600" lon="126.406750" sectionIndex="0" pointIndex="306" originalElevation="662.0" isOriginalElevationFromOSM="false" isAnchor="false"><ele>659.7</ele></trkpt>
<trkpt lat="33.387600" lon="126.406750" sectionIndex="0" pointIndex="307" originalElevation="662.0" isOriginalElevationFromOSM="false" isAnchor="false"><ele>663.1</ele></trkpt>
<trkpt lat="33.387530" lon="126.406800" sectionIndex="0" pointIndex="308" originalElevation="662.0" isOriginalElevationFromOSM="false" isAnchor="false"><ele>666.5</ele></trkpt>
<trkpt lat="33.387500" lon="126.406910" sectionIndex="0" pointIndex="309" originalElevation="662.0" isOriginalElevationFromOSM="false" isAnchor="false"><ele>669.9</ele></trkpt>
<trkpt lat="33.387420" lon="126.406940" sectionIndex="0" pointIndex="310" originalElevation="662.0" isOriginalElevationFromOSM="false" isAnchor="false"><ele>673.4</ele></trkpt>
<trkpt lat="33.387350" lon="126.407020" sectionIndex="0" pointIndex="311" originalElevation="662.0" isOriginalElevationFromOSM="false" isAnchor="false"><ele>677.1</ele></trkpt>
<trkpt lat="33.387270" lon="126.407070" sectionIndex="0" pointIndex="312" originalElevation="662.0" isOriginalElevationFromOSM="false" isAnchor="false"><ele>681.0</ele></trkpt>
<trkpt lat="33.387230" lon="126.407170" sectionIndex="0" pointIndex="313" originalElevation="676.0" isOriginalElevationFromOSM="false" isAnchor="false"><ele>684.8</ele></trkpt>
<trkpt lat="33.387080" lon="126.407300" sectionIndex="0" pointIndex="314" originalElevation="703.0" isOriginalElevationFromOSM="false" isAnchor="false"><ele>688.6</ele></trkpt>
<trkpt lat="33.387020" lon="126.407380" sectionIndex="0" pointIndex="315" originalElevation="703.0" isOriginalElevationFromOSM="false" isAnchor="false"><ele>692.4</ele></trkpt>
<trkpt lat="33.386890" lon="126.407550" sectionIndex="0" pointIndex="316" originalElevation="703.0" isOriginalElevationFromOSM="false" isAnchor="false"><ele>696.3</ele></trkpt>
<trkpt lat="33.386840" lon="126.407640" sectionIndex="0" pointIndex="317" originalElevation="703.0" isOriginalElevationFromOSM="false" isAnchor="false"><ele>700.1</ele></trkpt>
<trkpt lat="33.386690" lon="126.407760" sectionIndex="0" pointIndex="318" originalElevation="703.0" isOriginalElevationFromOSM="false" isAnchor="false"><ele>703.8</ele></trkpt>
<trkpt lat="33.386510" lon="126.408010" sectionIndex="0" pointIndex="319" originalElevation="718.0" isOriginalElevationFromOSM="false" isAnchor="false"><ele>707.4</ele></trkpt>
<trkpt lat="33.386430" lon="126.408220" sectionIndex="0" pointIndex="320" originalElevation="718.0" isOriginalElevationFromOSM="false" isAnchor="false"><ele>711.1</ele></trkpt>
<trkpt lat="33.386360" lon="126.408290" sectionIndex="0" pointIndex="321" originalElevation="718.0" isOriginalElevationFromOSM="false" isAnchor="false"><ele>714.6</ele></trkpt>
<trkpt lat="33.386320" lon="126.408390" sectionIndex="0" pointIndex="322" originalElevation="720.0" isOriginalElevationFromOSM="false" isAnchor="false"><ele>718.1</ele></trkpt>
<trkpt lat="33.386310" lon="126.408500" sectionIndex="0" pointIndex="323" originalElevation="720.0" isOriginalElevationFromOSM="false" isAnchor="false"><ele>721.5</ele></trkpt>
<trkpt lat="33.386250" lon="126.408700" sectionIndex="0" pointIndex="324" originalElevation="720.0" isOriginalElevationFromOSM="false" isAnchor="false"><ele>724.8</ele></trkpt>
<trkpt lat="33.386230" lon="126.408810" sectionIndex="0" pointIndex="325" originalElevation="720.0" isOriginalElevationFromOSM="false" isAnchor="false"><ele>728.0</ele></trkpt>
<trkpt lat="33.386200" lon="126.408910" sectionIndex="0" pointIndex="326" originalElevation="743.0" isOriginalElevationFromOSM="false" isAnchor="false"><ele>731.2</ele></trkpt>
<trkpt lat="33.386150" lon="126.409010" sectionIndex="0" pointIndex="327" originalElevation="743.0" isOriginalElevationFromOSM="false" isAnchor="false"><ele>734.2</ele></trkpt>
<trkpt lat="33.386200" lon="126.409100" sectionIndex="0" pointIndex="328" originalElevation="743.0" isOriginalElevationFromOSM="false" isAnchor="false"><ele>737.1</ele></trkpt>
<trkpt lat="33.386190" lon="126.409210" sectionIndex="0" pointIndex="329" originalElevation="743.0" isOriginalElevationFromOSM="false" isAnchor="false"><ele>739.8</ele></trkpt>
<trkpt lat="33.386130" lon="126.409290" sectionIndex="0" pointIndex="330" originalElevation="743.0" isOriginalElevationFromOSM="false" isAnchor="false"><ele>742.3</ele></trkpt>
<trkpt lat="33.386130" lon="126.409390" sectionIndex="0" pointIndex="331" originalElevation="743.0" isOriginalElevationFromOSM="false" isAnchor="false"><ele>744.8</ele></trkpt>
<trkpt lat="33.386140" lon="126.409500" sectionIndex="0" pointIndex="332" originalElevation="743.0" isOriginalElevationFromOSM="false" isAnchor="false"><ele>747.2</ele></trkpt>
<trkpt lat="33.386120" lon="126.409640" sectionIndex="0" pointIndex="333" originalElevation="743.0" isOriginalElevationFromOSM="false" isAnchor="false"><ele>749.6</ele></trkpt>
<trkpt lat="33.386140" lon="126.409750" sectionIndex="0" pointIndex="334" originalElevation="761.0" isOriginalElevationFromOSM="false" isAnchor="false"><ele>751.9</ele></trkpt>
<trkpt lat="33.386120" lon="126.409850" sectionIndex="0" pointIndex="335" originalElevation="761.0" isOriginalElevationFromOSM="false" isAnchor="false"><ele>754.1</ele></trkpt>
<trkpt lat="33.386180" lon="126.410070" sectionIndex="0" pointIndex="336" originalElevation="761.0" isOriginalElevationFromOSM="false" isAnchor="false"><ele>756.2</ele></trkpt>
<trkpt lat="33.386190" lon="126.410180" sectionIndex="0" pointIndex="337" originalElevation="761.0" isOriginalElevationFromOSM="false" isAnchor="false"><ele>758.2</ele></trkpt>
<trkpt lat="33.386180" lon="126.410290" sectionIndex="0" pointIndex="338" originalElevation="761.0" isOriginalElevationFromOSM="false" isAnchor="false"><ele>760.3</ele></trkpt>
<trkpt lat="33.386210" lon="126.410530" sectionIndex="0" pointIndex="339" originalElevation="767.0" isOriginalElevationFromOSM="false" isAnchor="false"><ele>762.3</ele></trkpt>
<trkpt lat="33.386210" lon="126.410640" sectionIndex="0" pointIndex="340" originalElevation="767.0" isOriginalElevationFromOSM="false" isAnchor="false"><ele>764.2</ele></trkpt>
<trkpt lat="33.386190" lon="126.410750" sectionIndex="0" pointIndex="341" originalElevation="767.0" isOriginalElevationFromOSM="false" isAnchor="false"><ele>766.2</ele></trkpt>
<trkpt lat="33.386200" lon="126.410880" sectionIndex="0" pointIndex="342" originalElevation="767.0" isOriginalElevationFromOSM="false" isAnchor="false"><ele>768.0</ele></trkpt>
<trkpt lat="33.386240" lon="126.410980" sectionIndex="0" pointIndex="343" originalElevation="767.0" isOriginalElevationFromOSM="false" isAnchor="false"><ele>769.9</ele></trkpt>
<trkpt lat="33.386240" lon="126.411100" sectionIndex="0" pointIndex="344" originalElevation="767.0" isOriginalElevationFromOSM="false" isAnchor="false"><ele>771.8</ele></trkpt>
<trkpt lat="33.386340" lon="126.411420" sectionIndex="0" pointIndex="345" originalElevation="766.0" isOriginalElevationFromOSM="false" isAnchor="false"><ele>773.8</ele></trkpt>
<trkpt lat="33.386360" lon="126.411530" sectionIndex="0" pointIndex="346" originalElevation="778.0" isOriginalElevationFromOSM="false" isAnchor="false"><ele>775.8</ele></trkpt>
<trkpt lat="33.386460" lon="126.411720" sectionIndex="0" pointIndex="347" originalElevation="778.0" isOriginalElevationFromOSM="false" isAnchor="false"><ele>777.9</ele></trkpt>
<trkpt lat="33.386720" lon="126.412080" sectionIndex="0" pointIndex="348" originalElevation="778.0" isOriginalElevationFromOSM="false" isAnchor="false"><ele>780.0</ele></trkpt>
<trkpt lat="33.386800" lon="126.412140" sectionIndex="0" pointIndex="349" originalElevation="778.0" isOriginalElevationFromOSM="false" isAnchor="false"><ele>782.2</ele></trkpt>
<trkpt lat="33.386860" lon="126.412230" sectionIndex="0" pointIndex="350" originalElevation="783.0" isOriginalElevationFromOSM="false" isAnchor="false"><ele>784.1</ele></trkpt>
<trkpt lat="33.386940" lon="126.412310" sectionIndex="0" pointIndex="351" originalElevation="783.0" isOriginalElevationFromOSM="false" isAnchor="false"><ele>786.1</ele></trkpt>
<trkpt lat="33.387100" lon="126.412430" sectionIndex="0" pointIndex="352" originalElevation="783.0" isOriginalElevationFromOSM="false" isAnchor="false"><ele>788.1</ele></trkpt>
<trkpt lat="33.387180" lon="126.412490" sectionIndex="0" pointIndex="353" originalElevation="795.0" isOriginalElevationFromOSM="false" isAnchor="false"><ele>790.2</ele></trkpt>
<trkpt lat="33.387340" lon="126.412580" sectionIndex="0" pointIndex="354" originalElevation="795.0" isOriginalElevationFromOSM="false" isAnchor="false"><ele>792.1</ele></trkpt>
<trkpt lat="33.387530" lon="126.412610" sectionIndex="0" pointIndex="355" originalElevation="795.0" isOriginalElevationFromOSM="false" isAnchor="false"><ele>794.0</ele></trkpt>
<trkpt lat="33.387610" lon="126.412670" sectionIndex="0" pointIndex="356" originalElevation="795.0" isOriginalElevationFromOSM="false" isAnchor="false"><ele>795.8</ele></trkpt>
<trkpt lat="33.387990" lon="126.412710" sectionIndex="0" pointIndex="357" originalElevation="795.0" isOriginalElevationFromOSM="false" isAnchor="false"><ele>797.6</ele></trkpt>
<trkpt lat="33.388080" lon="126.412690" sectionIndex="0" pointIndex="358" originalElevation="812.0" isOriginalElevationFromOSM="false" isAnchor="false"><ele>799.1</ele></trkpt>
<trkpt lat="33.388160" lon="126.412640" sectionIndex="0" pointIndex="359" originalElevation="812.0" isOriginalElevationFromOSM="false" isAnchor="false"><ele>800.5</ele></trkpt>
<trkpt lat="33.388260" lon="126.412630" sectionIndex="0" pointIndex="360" originalElevation="812.0" isOriginalElevationFromOSM="false" isAnchor="false"><ele>801.8</ele></trkpt>
<trkpt lat="33.388440" lon="126.412540" sectionIndex="0" pointIndex="361" originalElevation="812.0" isOriginalElevationFromOSM="false" isAnchor="false"><ele>802.9</ele></trkpt>
<trkpt lat="33.388570" lon="126.412370" sectionIndex="0" pointIndex="362" originalElevation="812.0" isOriginalElevationFromOSM="false" isAnchor="false"><ele>803.9</ele></trkpt>
<trkpt lat="33.388620" lon="126.412280" sectionIndex="0" pointIndex="363" originalElevation="812.0" isOriginalElevationFromOSM="false" isAnchor="false"><ele>804.8</ele></trkpt>
<trkpt lat="33.388660" lon="126.412180" sectionIndex="0" pointIndex="364" originalElevation="812.0" isOriginalElevationFromOSM="false" isAnchor="false"><ele>805.5</ele></trkpt>
<trkpt lat="33.388710" lon="126.412080" sectionIndex="0" pointIndex="365" originalElevation="797.0" isOriginalElevationFromOSM="false" isAnchor="false"><ele>806.1</ele></trkpt>
<trkpt lat="33.388830" lon="126.411910" sectionIndex="0" pointIndex="366" originalElevation="797.0" isOriginalElevationFromOSM="false" isAnchor="false"><ele>806.6</ele></trkpt>
<trkpt lat="33.388880" lon="126.411810" sectionIndex="0" pointIndex="367" originalElevation="810.0" isOriginalElevationFromOSM="false" isAnchor="false"><ele>807.1</ele></trkpt>
<trkpt lat="33.388990" lon="126.411500" sectionIndex="0" pointIndex="368" originalElevation="810.0" isOriginalElevationFromOSM="false" isAnchor="false"><ele>807.3</ele></trkpt>
<trkpt lat="33.389030" lon="126.411430" sectionIndex="0" pointIndex="369" originalElevation="810.0" isOriginalElevationFromOSM="false" isAnchor="false"><ele>807.3</ele></trkpt>
<trkpt lat="33.389030" lon="126.411430" sectionIndex="0" pointIndex="370" originalElevation="810.0" isOriginalElevationFromOSM="false" isAnchor="false"><ele>807.3</ele></trkpt>
<trkpt lat="33.388990" lon="126.411500" sectionIndex="0" pointIndex="371" originalElevation="810.0" isOriginalElevationFromOSM="false" isAnchor="false"><ele>807.2</ele></trkpt>
<trkpt lat="33.388880" lon="126.411810" sectionIndex="0" pointIndex="372" originalElevation="810.0" isOriginalElevationFromOSM="false" isAnchor="false"><ele>806.9</ele></trkpt>
<trkpt lat="33.388830" lon="126.411910" sectionIndex="0" pointIndex="373" originalElevation="797.0" isOriginalElevationFromOSM="false" isAnchor="false"><ele>806.5</ele></trkpt>
<trkpt lat="33.388710" lon="126.412080" sectionIndex="0" pointIndex="374" originalElevation="797.0" isOriginalElevationFromOSM="false" isAnchor="false"><ele>805.9</ele></trkpt>
<trkpt lat="33.388660" lon="126.412180" sectionIndex="0" pointIndex="375" originalElevation="812.0" isOriginalElevationFromOSM="false" isAnchor="false"><ele>805.2</ele></trkpt>
<trkpt lat="33.388620" lon="126.412280" sectionIndex="0" pointIndex="376" originalElevation="812.0" isOriginalElevationFromOSM="false" isAnchor="false"><ele>804.2</ele></trkpt>
<trkpt lat="33.388570" lon="126.412370" sectionIndex="0" pointIndex="377" originalElevation="812.0" isOriginalElevationFromOSM="false" isAnchor="false"><ele>803.0</ele></trkpt>
<trkpt lat="33.388440" lon="126.412540" sectionIndex="0" pointIndex="378" originalElevation="812.0" isOriginalElevationFromOSM="false" isAnchor="false"><ele>801.5</ele></trkpt>
<trkpt lat="33.388350" lon="126.412580" sectionIndex="0" pointIndex="379" originalElevation="812.0" isOriginalElevationFromOSM="false" isAnchor="false"><ele>799.9</ele></trkpt>
<trkpt lat="33.388360" lon="126.412640" sectionIndex="0" pointIndex="380" originalElevation="812.0" isOriginalElevationFromOSM="false" isAnchor="false"><ele>798.0</ele></trkpt>
<trkpt lat="33.388330" lon="126.412750" sectionIndex="0" pointIndex="381" originalElevation="812.0" isOriginalElevationFromOSM="false" isAnchor="false"><ele>795.9</ele></trkpt>
<trkpt lat="33.388250" lon="126.412850" sectionIndex="0" pointIndex="382" originalElevation="812.0" isOriginalElevationFromOSM="false" isAnchor="false"><ele>793.6</ele></trkpt>
<trkpt lat="33.388130" lon="126.413040" sectionIndex="0" pointIndex="383" originalElevation="788.0" isOriginalElevationFromOSM="false" isAnchor="false"><ele>790.9</ele></trkpt>
<trkpt lat="33.388120" lon="126.413150" sectionIndex="0" pointIndex="384" originalElevation="788.0" isOriginalElevationFromOSM="false" isAnchor="false"><ele>787.7</ele></trkpt>
<trkpt lat="33.388090" lon="126.413250" sectionIndex="0" pointIndex="385" originalElevation="788.0" isOriginalElevationFromOSM="false" isAnchor="false"><ele>784.4</ele></trkpt>
<trkpt lat="33.388030" lon="126.413330" sectionIndex="0" pointIndex="386" originalElevation="788.0" isOriginalElevationFromOSM="false" isAnchor="false"><ele>780.8</ele></trkpt>
<trkpt lat="33.387980" lon="126.413420" sectionIndex="0" pointIndex="387" originalElevation="777.0" isOriginalElevationFromOSM="false" isAnchor="false"><ele>776.9</ele></trkpt>
<trkpt lat="33.387970" lon="126.413530" sectionIndex="0" pointIndex="388" originalElevation="777.0" isOriginalElevationFromOSM="false" isAnchor="false"><ele>772.9</ele></trkpt>
<trkpt lat="33.387990" lon="126.413640" sectionIndex="0" pointIndex="389" originalElevation="777.0" isOriginalElevationFromOSM="false" isAnchor="false"><ele>768.9</ele></trkpt>
<trkpt lat="33.388020" lon="126.413750" sectionIndex="0" pointIndex="390" originalElevation="788.0" isOriginalElevationFromOSM="false" isAnchor="false"><ele>764.6</ele></trkpt>
<trkpt lat="33.388100" lon="126.414070" sectionIndex="0" pointIndex="391" originalElevation="747.0" isOriginalElevationFromOSM="false" isAnchor="false"><ele>760.1</ele></trkpt>
<trkpt lat="33.388130" lon="126.414170" sectionIndex="0" pointIndex="392" originalElevation="747.0" isOriginalElevationFromOSM="false" isAnchor="false"><ele>755.5</ele></trkpt>
<trkpt lat="33.388250" lon="126.414380" sectionIndex="0" pointIndex="393" originalElevation="747.0" isOriginalElevationFromOSM="false" isAnchor="false"><ele>750.9</ele></trkpt>
<trkpt lat="33.388420" lon="126.414490" sectionIndex="0" pointIndex="394" originalElevation="747.0" isOriginalElevationFromOSM="false" isAnchor="false"><ele>746.2</ele></trkpt>
<trkpt lat="33.388470" lon="126.414520" sectionIndex="0" pointIndex="395" originalElevation="747.0" isOriginalElevationFromOSM="false" isAnchor="false"><ele>741.6</ele></trkpt>
<trkpt lat="33.388570" lon="126.414550" sectionIndex="0" pointIndex="396" originalElevation="747.0" isOriginalElevationFromOSM="false" isAnchor="false"><ele>737.0</ele></trkpt>
<trkpt lat="33.388650" lon="126.414600" sectionIndex="0" pointIndex="397" originalElevation="747.0" isOriginalElevationFromOSM="false" isAnchor="false"><ele>732.5</ele></trkpt>
<trkpt lat="33.388750" lon="126.414680" sectionIndex="0" pointIndex="398" originalElevation="720.0" isOriginalElevationFromOSM="false" isAnchor="false"><ele>728.1</ele></trkpt>
<trkpt lat="33.388920" lon="126.414770" sectionIndex="0" pointIndex="399" originalElevation="704.0" isOriginalElevationFromOSM="false" isAnchor="false"><ele>724.0</ele></trkpt>
<trkpt lat="33.389010" lon="126.414790" sectionIndex="0" pointIndex="400" originalElevation="704.0" isOriginalElevationFromOSM="false" isAnchor="false"><ele>720.1</ele></trkpt>
<trkpt lat="33.389110" lon="126.414800" sectionIndex="0" pointIndex="401" originalElevation="704.0" isOriginalElevationFromOSM="false" isAnchor="false"><ele>716.3</ele></trkpt>
<trkpt lat="33.389160" lon="126.414890" sectionIndex="0" pointIndex="402" originalElevation="704.0" isOriginalElevationFromOSM="false" isAnchor="false"><ele>712.7</ele></trkpt>
<trkpt lat="33.389230" lon="126.414970" sectionIndex="0" pointIndex="403" originalElevation="704.0" isOriginalElevationFromOSM="false" isAnchor="false"><ele>709.4</ele></trkpt>
<trkpt lat="33.389310" lon="126.415030" sectionIndex="0" pointIndex="404" originalElevation="704.0" isOriginalElevationFromOSM="false" isAnchor="false"><ele>706.4</ele></trkpt>
<trkpt lat="33.389410" lon="126.415180" sectionIndex="0" pointIndex="405" originalElevation="704.0" isOriginalElevationFromOSM="false" isAnchor="false"><ele>703.6</ele></trkpt>
<trkpt lat="33.389690" lon="126.415510" sectionIndex="0" pointIndex="406" originalElevation="688.0" isOriginalElevationFromOSM="false" isAnchor="false"><ele>701.1</ele></trkpt>
<trkpt lat="33.389670" lon="126.415620" sectionIndex="0" pointIndex="407" originalElevation="690.0" isOriginalElevationFromOSM="false" isAnchor="false"><ele>699.1</ele></trkpt>
<trkpt lat="33.389710" lon="126.415850" sectionIndex="0" pointIndex="408" originalElevation="688.0" isOriginalElevationFromOSM="false" isAnchor="false"><ele>697.3</ele></trkpt>
<trkpt lat="33.389720" lon="126.415960" sectionIndex="0" pointIndex="409" originalElevation="688.0" isOriginalElevationFromOSM="false" isAnchor="false"><ele>695.8</ele></trkpt>
<trkpt lat="33.389720" lon="126.415960" sectionIndex="0" pointIndex="410" originalElevation="688.0" isOriginalElevationFromOSM="false" isAnchor="false"><ele>694.6</ele></trkpt>
<trkpt lat="33.389870" lon="126.416080" sectionIndex="0" pointIndex="411" originalElevation="688.0" isOriginalElevationFromOSM="false" isAnchor="false"><ele>693.6</ele></trkpt>
<trkpt lat="33.389970" lon="126.416080" sectionIndex="0" pointIndex="412" originalElevation="688.0" isOriginalElevationFromOSM="false" isAnchor="false"><ele>692.9</ele></trkpt>
<trkpt lat="33.390060" lon="126.416070" sectionIndex="0" pointIndex="413" originalElevation="688.0" isOriginalElevationFromOSM="false" isAnchor="false"><ele>692.4</ele></trkpt>
<trkpt lat="33.390130" lon="126.416210" sectionIndex="0" pointIndex="414" originalElevation="688.0" isOriginalElevationFromOSM="false" isAnchor="false"><ele>692.5</ele></trkpt>
<trkpt lat="33.390160" lon="126.416440" sectionIndex="0" pointIndex="415" originalElevation="687.0" isOriginalElevationFromOSM="false" isAnchor="false"><ele>692.9</ele></trkpt>
<trkpt lat="33.390230" lon="126.416530" sectionIndex="0" pointIndex="416" originalElevation="687.0" isOriginalElevationFromOSM="false" isAnchor="false"><ele>693.6</ele></trkpt>
<trkpt lat="33.390280" lon="126.416760" sectionIndex="0" pointIndex="417" originalElevation="687.0" isOriginalElevationFromOSM="false" isAnchor="false"><ele>694.4</ele></trkpt>
<trkpt lat="33.390350" lon="126.416970" sectionIndex="0" pointIndex="418" originalElevation="687.0" isOriginalElevationFromOSM="false" isAnchor="false"><ele>695.4</ele></trkpt>
<trkpt lat="33.390380" lon="126.417210" sectionIndex="0" pointIndex="419" originalElevation="687.0" isOriginalElevationFromOSM="false" isAnchor="false"><ele>696.7</ele></trkpt>
<trkpt lat="33.390470" lon="126.417400" sectionIndex="0" pointIndex="420" originalElevation="687.0" isOriginalElevationFromOSM="false" isAnchor="false"><ele>698.1</ele></trkpt>
<trkpt lat="33.390600" lon="126.417570" sectionIndex="0" pointIndex="421" originalElevation="703.0" isOriginalElevationFromOSM="false" isAnchor="false"><ele>699.9</ele></trkpt>
<trkpt lat="33.390690" lon="126.417630" sectionIndex="0" pointIndex="422" originalElevation="703.0" isOriginalElevationFromOSM="false" isAnchor="false"><ele>702.0</ele></trkpt>
<trkpt lat="33.390860" lon="126.417710" sectionIndex="0" pointIndex="423" originalElevation="703.0" isOriginalElevationFromOSM="false" isAnchor="false"><ele>704.3</ele></trkpt>
<trkpt lat="33.390960" lon="126.417720" sectionIndex="0" pointIndex="424" originalElevation="703.0" isOriginalElevationFromOSM="false" isAnchor="false"><ele>706.8</ele></trkpt>
<trkpt lat="33.391010" lon="126.417630" sectionIndex="0" pointIndex="425" originalElevation="703.0" isOriginalElevationFromOSM="false" isAnchor="false"><ele>709.4</ele></trkpt>
<trkpt lat="33.391100" lon="126.417650" sectionIndex="0" pointIndex="426" originalElevation="703.0" isOriginalElevationFromOSM="false" isAnchor="false"><ele>712.2</ele></trkpt>
<trkpt lat="33.391190" lon="126.417610" sectionIndex="0" pointIndex="427" originalElevation="703.0" isOriginalElevationFromOSM="false" isAnchor="false"><ele>715.1</ele></trkpt>
<trkpt lat="33.391280" lon="126.417600" sectionIndex="0" pointIndex="428" originalElevation="703.0" isOriginalElevationFromOSM="false" isAnchor="false"><ele>718.1</ele></trkpt>
<trkpt lat="33.391370" lon="126.417610" sectionIndex="0" pointIndex="429" originalElevation="731.0" isOriginalElevationFromOSM="false" isAnchor="false"><ele>721.2</ele></trkpt>
<trkpt lat="33.391560" lon="126.417540" sectionIndex="0" pointIndex="430" originalElevation="731.0" isOriginalElevationFromOSM="false" isAnchor="false"><ele>724.3</ele></trkpt>
<trkpt lat="33.391650" lon="126.417540" sectionIndex="0" pointIndex="431" originalElevation="731.0" isOriginalElevationFromOSM="false" isAnchor="false"><ele>727.5</ele></trkpt>
<trkpt lat="33.391740" lon="126.417510" sectionIndex="0" pointIndex="432" originalElevation="731.0" isOriginalElevationFromOSM="false" isAnchor="false"><ele>730.6</ele></trkpt>
<trkpt lat="33.391820" lon="126.417440" sectionIndex="0" pointIndex="433" originalElevation="731.0" isOriginalElevationFromOSM="false" isAnchor="false"><ele>733.6</ele></trkpt>
<trkpt lat="33.391910" lon="126.417440" sectionIndex="0" pointIndex="434" originalElevation="731.0" isOriginalElevationFromOSM="false" isAnchor="false"><ele>736.6</ele></trkpt>
<trkpt lat="33.392090" lon="126.417360" sectionIndex="0" pointIndex="435" originalElevation="731.0" isOriginalElevationFromOSM="false" isAnchor="false"><ele>739.4</ele></trkpt>
<trkpt lat="33.392270" lon="126.417420" sectionIndex="0" pointIndex="436" originalElevation="760.0" isOriginalElevationFromOSM="false" isAnchor="false"><ele>742.1</ele></trkpt>
<trkpt lat="33.392360" lon="126.417390" sectionIndex="0" pointIndex="437" originalElevation="760.0" isOriginalElevationFromOSM="false" isAnchor="false"><ele>744.5</ele></trkpt>
<trkpt lat="33.392430" lon="126.417460" sectionIndex="0" pointIndex="438" originalElevation="760.0" isOriginalElevationFromOSM="false" isAnchor="false"><ele>746.7</ele></trkpt>
<trkpt lat="33.392520" lon="126.417470" sectionIndex="0" pointIndex="439" originalElevation="760.0" isOriginalElevationFromOSM="false" isAnchor="false"><ele>748.6</ele></trkpt>
<trkpt lat="33.392570" lon="126.417560" sectionIndex="0" pointIndex="440" originalElevation="760.0" isOriginalElevationFromOSM="false" isAnchor="false"><ele>750.3</ele></trkpt>
<trkpt lat="33.392730" lon="126.417560" sectionIndex="0" pointIndex="441" originalElevation="760.0" isOriginalElevationFromOSM="false" isAnchor="false"><ele>751.8</ele></trkpt>
<trkpt lat="33.392730" lon="126.417560" sectionIndex="0" pointIndex="442" originalElevation="760.0" isOriginalElevationFromOSM="false" isAnchor="false"><ele>753.0</ele></trkpt>
<trkpt lat="33.392760" lon="126.417570" sectionIndex="0" pointIndex="443" originalElevation="760.0" isOriginalElevationFromOSM="false" isAnchor="false"><ele>753.9</ele></trkpt>
<trkpt lat="33.392810" lon="126.417650" sectionIndex="0" pointIndex="444" originalElevation="760.0" isOriginalElevationFromOSM="false" isAnchor="false"><ele>754.6</ele></trkpt>
<trkpt lat="33.392910" lon="126.417660" sectionIndex="0" pointIndex="445" originalElevation="760.0" isOriginalElevationFromOSM="false" isAnchor="false"><ele>754.9</ele></trkpt>
<trkpt lat="33.392950" lon="126.417770" sectionIndex="0" pointIndex="446" originalElevation="760.0" isOriginalElevationFromOSM="false" isAnchor="false"><ele>755.0</ele></trkpt>
<trkpt lat="33.392940" lon="126.417910" sectionIndex="0" pointIndex="447" originalElevation="760.0" isOriginalElevationFromOSM="false" isAnchor="false"><ele>754.9</ele></trkpt>
<trkpt lat="33.393030" lon="126.418110" sectionIndex="0" pointIndex="448" originalElevation="757.0" isOriginalElevationFromOSM="false" isAnchor="false"><ele>754.7</ele></trkpt>
<trkpt lat="33.393060" lon="126.418210" sectionIndex="0" pointIndex="449" originalElevation="757.0" isOriginalElevationFromOSM="false" isAnchor="false"><ele>754.4</ele></trkpt>
<trkpt lat="33.393170" lon="126.418400" sectionIndex="0" pointIndex="450" originalElevation="757.0" isOriginalElevationFromOSM="false" isAnchor="false"><ele>753.9</ele></trkpt>
<trkpt lat="33.393290" lon="126.418570" sectionIndex="0" pointIndex="451" originalElevation="757.0" isOriginalElevationFromOSM="false" isAnchor="false"><ele>753.4</ele></trkpt>
<trkpt lat="33.393390" lon="126.418770" sectionIndex="0" pointIndex="452" originalElevation="757.0" isOriginalElevationFromOSM="false" isAnchor="false"><ele>752.6</ele></trkpt>
<trkpt lat="33.393470" lon="126.418980" sectionIndex="0" pointIndex="453" originalElevation="747.0" isOriginalElevationFromOSM="false" isAnchor="false"><ele>751.9</ele></trkpt>
<trkpt lat="33.393460" lon="126.419080" sectionIndex="0" pointIndex="454" originalElevation="747.0" isOriginalElevationFromOSM="false" isAnchor="false"><ele>751.1</ele></trkpt>
<trkpt lat="33.393540" lon="126.419160" sectionIndex="0" pointIndex="455" originalElevation="747.0" isOriginalElevationFromOSM="false" isAnchor="false"><ele>750.3</ele></trkpt>
<trkpt lat="33.393720" lon="126.419220" sectionIndex="0" pointIndex="456" originalElevation="747.0" isOriginalElevationFromOSM="false" isAnchor="false"><ele>749.7</ele></trkpt>
<trkpt lat="33.393800" lon="126.419240" sectionIndex="0" pointIndex="457" originalElevation="747.0" isOriginalElevationFromOSM="false" isAnchor="false"><ele>749.1</ele></trkpt>
<trkpt lat="33.393900" lon="126.419230" sectionIndex="0" pointIndex="458" originalElevation="745.0" isOriginalElevationFromOSM="false" isAnchor="false"><ele>748.6</ele></trkpt>
<trkpt lat="33.394060" lon="126.419360" sectionIndex="0" pointIndex="459" originalElevation="745.0" isOriginalElevationFromOSM="false" isAnchor="false"><ele>748.2</ele></trkpt>
<trkpt lat="33.394140" lon="126.419410" sectionIndex="0" pointIndex="460" originalElevation="745.0" isOriginalElevationFromOSM="false" isAnchor="false"><ele>747.9</ele></trkpt>
<trkpt lat="33.394330" lon="126.419400" sectionIndex="0" pointIndex="461" originalElevation="745.0" isOriginalElevationFromOSM="false" isAnchor="false"><ele>747.6</ele></trkpt>
<trkpt lat="33.394360" lon="126.419300" sectionIndex="0" pointIndex="462" originalElevation="745.0" isOriginalElevationFromOSM="false" isAnchor="false"><ele>747.5</ele></trkpt>
<trkpt lat="33.394400" lon="126.419250" sectionIndex="0" pointIndex="463" originalElevation="745.0" isOriginalElevationFromOSM="false" isAnchor="false"><ele>747.4</ele></trkpt>
<trkpt lat="33.394400" lon="126.419250" sectionIndex="0" pointIndex="464" originalElevation="745.0" isOriginalElevationFromOSM="false" isAnchor="false"><ele>747.4</ele></trkpt>
<trkpt lat="33.394430" lon="126.419210" sectionIndex="0" pointIndex="465" originalElevation="745.0" isOriginalElevationFromOSM="false" isAnchor="false"><ele>747.5</ele></trkpt>
<trkpt lat="33.394520" lon="126.419230" sectionIndex="0" pointIndex="466" originalElevation="745.0" isOriginalElevationFromOSM="false" isAnchor="false"><ele>747.7</ele></trkpt>
<trkpt lat="33.394600" lon="126.419180" sectionIndex="0" pointIndex="467" originalElevation="745.0" isOriginalElevationFromOSM="false" isAnchor="false"><ele>747.9</ele></trkpt>
<trkpt lat="33.394670" lon="126.419110" sectionIndex="0" pointIndex="468" originalElevation="745.0" isOriginalElevationFromOSM="false" isAnchor="false"><ele>748.1</ele></trkpt>
<trkpt lat="33.394760" lon="126.418910" sectionIndex="0" pointIndex="469" originalElevation="743.0" isOriginalElevationFromOSM="false" isAnchor="false"><ele>748.4</ele></trkpt>
<trkpt lat="33.394840" lon="126.418870" sectionIndex="0" pointIndex="470" originalElevation="743.0" isOriginalElevationFromOSM="false" isAnchor="false"><ele>748.7</ele></trkpt>
<trkpt lat="33.394870" lon="126.418650" sectionIndex="0" pointIndex="471" originalElevation="756.0" isOriginalElevationFromOSM="false" isAnchor="false"><ele>748.8</ele></trkpt>
<trkpt lat="33.394940" lon="126.418580" sectionIndex="0" pointIndex="472" originalElevation="756.0" isOriginalElevationFromOSM="false" isAnchor="false"><ele>748.9</ele></trkpt>
<trkpt lat="33.395020" lon="126.418370" sectionIndex="0" pointIndex="473" originalElevation="756.0" isOriginalElevationFromOSM="false" isAnchor="false"><ele>748.9</ele></trkpt>
<trkpt lat="33.395060" lon="126.418260" sectionIndex="0" pointIndex="474" originalElevation="756.0" isOriginalElevationFromOSM="false" isAnchor="false"><ele>748.8</ele></trkpt>
<trkpt lat="33.395070" lon="126.418150" sectionIndex="0" pointIndex="475" originalElevation="756.0" isOriginalElevationFromOSM="false" isAnchor="false"><ele>748.6</ele></trkpt>
<trkpt lat="33.395050" lon="126.418040" sectionIndex="0" pointIndex="476" originalElevation="756.0" isOriginalElevationFromOSM="false" isAnchor="false"><ele>748.3</ele></trkpt>
<trkpt lat="33.395050" lon="126.417930" sectionIndex="0" pointIndex="477" originalElevation="749.0" isOriginalElevationFromOSM="false" isAnchor="false"><ele>747.7</ele></trkpt>
<trkpt lat="33.395090" lon="126.417820" sectionIndex="0" pointIndex="478" originalElevation="749.0" isOriginalElevationFromOSM="false" isAnchor="false"><ele>746.8</ele></trkpt>
<trkpt lat="33.395120" lon="126.417700" sectionIndex="0" pointIndex="479" originalElevation="749.0" isOriginalElevationFromOSM="false" isAnchor="false"><ele>745.8</ele></trkpt>
<trkpt lat="33.395180" lon="126.417620" sectionIndex="0" pointIndex="480" originalElevation="749.0" isOriginalElevationFromOSM="false" isAnchor="false"><ele>744.7</ele></trkpt>
<trkpt lat="33.395250" lon="126.417550" sectionIndex="0" pointIndex="481" originalElevation="749.0" isOriginalElevationFromOSM="false" isAnchor="false"><ele>743.2</ele></trkpt>
<trkpt lat="33.395310" lon="126.417450" sectionIndex="0" pointIndex="482" originalElevation="749.0" isOriginalElevationFromOSM="false" isAnchor="false"><ele>741.6</ele></trkpt>
<trkpt lat="33.395350" lon="126.417350" sectionIndex="0" pointIndex="483" originalElevation="749.0" isOriginalElevationFromOSM="false" isAnchor="false"><ele>739.8</ele></trkpt>
<trkpt lat="33.395330" lon="126.417230" sectionIndex="0" pointIndex="484" originalElevation="749.0" isOriginalElevationFromOSM="false" isAnchor="false"><ele>737.8</ele></trkpt>
<trkpt lat="33.395330" lon="126.417120" sectionIndex="0" pointIndex="485" originalElevation="733.0" isOriginalElevationFromOSM="false" isAnchor="false"><ele>735.5</ele></trkpt>
<trkpt lat="33.395300" lon="126.417000" sectionIndex="0" pointIndex="486" originalElevation="733.0" isOriginalElevationFromOSM="false" isAnchor="false"><ele>733.1</ele></trkpt>
<trkpt lat="33.395390" lon="126.416810" sectionIndex="0" pointIndex="487" originalElevation="733.0" isOriginalElevationFromOSM="false" isAnchor="false"><ele>730.4</ele></trkpt>
<trkpt lat="33.395370" lon="126.416700" sectionIndex="0" pointIndex="488" originalElevation="733.0" isOriginalElevationFromOSM="false" isAnchor="false"><ele>727.5</ele></trkpt>
<trkpt lat="33.395400" lon="126.416600" sectionIndex="0" pointIndex="489" originalElevation="733.0" isOriginalElevationFromOSM="false" isAnchor="false"><ele>724.5</ele></trkpt>
<trkpt lat="33.395360" lon="126.416490" sectionIndex="0" pointIndex="490" originalElevation="733.0" isOriginalElevationFromOSM="false" isAnchor="false"><ele>721.4</ele></trkpt>
<trkpt lat="33.395340" lon="126.416380" sectionIndex="0" pointIndex="491" originalElevation="733.0" isOriginalElevationFromOSM="false" isAnchor="false"><ele>718.1</ele></trkpt>
<trkpt lat="33.395330" lon="126.416270" sectionIndex="0" pointIndex="492" originalElevation="705.0" isOriginalElevationFromOSM="false" isAnchor="false"><ele>714.8</ele></trkpt>
<trkpt lat="33.395340" lon="126.416160" sectionIndex="0" pointIndex="493" originalElevation="705.0" isOriginalElevationFromOSM="false" isAnchor="false"><ele>711.5</ele></trkpt>
<trkpt lat="33.395400" lon="126.416080" sectionIndex="0" pointIndex="494" originalElevation="705.0" isOriginalElevationFromOSM="false" isAnchor="false"><ele>708.1</ele></trkpt>
<trkpt lat="33.395480" lon="126.416040" sectionIndex="0" pointIndex="495" originalElevation="705.0" isOriginalElevationFromOSM="false" isAnchor="false"><ele>704.7</ele></trkpt>
<trkpt lat="33.395700" lon="126.415850" sectionIndex="0" pointIndex="496" originalElevation="696.0" isOriginalElevationFromOSM="false" isAnchor="false"><ele>701.3</ele></trkpt>
<trkpt lat="33.395720" lon="126.415740" sectionIndex="0" pointIndex="497" originalElevation="696.0" isOriginalElevationFromOSM="false" isAnchor="false"><ele>698.0</ele></trkpt>
<trkpt lat="33.395750" lon="126.415630" sectionIndex="0" pointIndex="498" originalElevation="696.0" isOriginalElevationFromOSM="false" isAnchor="false"><ele>694.5</ele></trkpt>
<trkpt lat="33.395800" lon="126.415520" sectionIndex="0" pointIndex="499" originalElevation="696.0" isOriginalElevationFromOSM="false" isAnchor="false"><ele>691.2</ele></trkpt>
<trkpt lat="33.395840" lon="126.415420" sectionIndex="0" pointIndex="500" originalElevation="680.0" isOriginalElevationFromOSM="false" isAnchor="false"><ele>687.8</ele></trkpt>
<trkpt lat="33.395890" lon="126.414950" sectionIndex="0" pointIndex="501" originalElevation="680.0" isOriginalElevationFromOSM="false" isAnchor="false"><ele>684.6</ele></trkpt>
<trkpt lat="33.395900" lon="126.414730" sectionIndex="0" pointIndex="502" originalElevation="680.0" isOriginalElevationFromOSM="false" isAnchor="false"><ele>681.5</ele></trkpt>
<trkpt lat="33.395890" lon="126.414700" sectionIndex="0" pointIndex="503" originalElevation="673.5" isOriginalElevationFromOSM="false" isAnchor="false"><ele>678.4</ele></trkpt>
<trkpt lat="33.395890" lon="126.414700" sectionIndex="0" pointIndex="504" originalElevation="673.5" isOriginalElevationFromOSM="false" isAnchor="false"><ele>675.5</ele></trkpt>
<trkpt lat="33.395850" lon="126.414630" sectionIndex="0" pointIndex="505" originalElevation="667.0" isOriginalElevationFromOSM="false" isAnchor="false"><ele>672.6</ele></trkpt>
<trkpt lat="33.395690" lon="126.414520" sectionIndex="0" pointIndex="506" originalElevation="667.0" isOriginalElevationFromOSM="false" isAnchor="false"><ele>669.9</ele></trkpt>
<trkpt lat="33.395630" lon="126.414430" sectionIndex="0" pointIndex="507" originalElevation="667.0" isOriginalElevationFromOSM="false" isAnchor="false"><ele>667.1</ele></trkpt>
<trkpt lat="33.395550" lon="126.414360" sectionIndex="0" pointIndex="508" originalElevation="667.0" isOriginalElevationFromOSM="false" isAnchor="false"><ele>664.5</ele></trkpt>
<trkpt lat="33.395500" lon="126.414260" sectionIndex="0" pointIndex="509" originalElevation="662.0" isOriginalElevationFromOSM="false" isAnchor="false"><ele>662.0</ele></trkpt>
<trkpt lat="33.395360" lon="126.414100" sectionIndex="0" pointIndex="510" originalElevation="662.0" isOriginalElevationFromOSM="false" isAnchor="false"><ele>659.5</ele></trkpt>
<trkpt lat="33.395310" lon="126.414020" sectionIndex="0" pointIndex="511" originalElevation="662.0" isOriginalElevationFromOSM="false" isAnchor="false"><ele>657.1</ele></trkpt>
<trkpt lat="33.395280" lon="126.413910" sectionIndex="0" pointIndex="512" originalElevation="662.0" isOriginalElevationFromOSM="false" isAnchor="false"><ele>654.8</ele></trkpt>
<trkpt lat="33.395310" lon="126.413800" sectionIndex="0" pointIndex="513" originalElevation="640.0" isOriginalElevationFromOSM="false" isAnchor="false"><ele>652.4</ele></trkpt>
<trkpt lat="33.395380" lon="126.413710" sectionIndex="0" pointIndex="514" originalElevation="640.0" isOriginalElevationFromOSM="false" isAnchor="false"><ele>650.1</ele></trkpt>
<trkpt lat="33.395400" lon="126.413600" sectionIndex="0" pointIndex="515" originalElevation="640.0" isOriginalElevationFromOSM="false" isAnchor="false"><ele>647.7</ele></trkpt>
<trkpt lat="33.395430" lon="126.413500" sectionIndex="0" pointIndex="516" originalElevation="640.0" isOriginalElevationFromOSM="false" isAnchor="false"><ele>645.5</ele></trkpt>
<trkpt lat="33.395470" lon="126.413390" sectionIndex="0" pointIndex="517" originalElevation="640.0" isOriginalElevationFromOSM="false" isAnchor="false"><ele>643.3</ele></trkpt>
<trkpt lat="33.395470" lon="126.413170" sectionIndex="0" pointIndex="518" originalElevation="640.0" isOriginalElevationFromOSM="false" isAnchor="false"><ele>641.2</ele></trkpt>
<trkpt lat="33.395530" lon="126.413080" sectionIndex="0" pointIndex="519" originalElevation="649.0" isOriginalElevationFromOSM="false" isAnchor="false"><ele>638.9</ele></trkpt>
<trkpt lat="33.395620" lon="126.413060" sectionIndex="0" pointIndex="520" originalElevation="649.0" isOriginalElevationFromOSM="false" isAnchor="false"><ele>636.7</ele></trkpt>
<trkpt lat="33.395700" lon="126.413000" sectionIndex="0" pointIndex="521" originalElevation="649.0" isOriginalElevationFromOSM="false" isAnchor="false"><ele>634.4</ele></trkpt>
<trkpt lat="33.395800" lon="126.412970" sectionIndex="0" pointIndex="522" originalElevation="626.0" isOriginalElevationFromOSM="false" isAnchor="false"><ele>632.2</ele></trkpt>
<trkpt lat="33.395960" lon="126.412850" sectionIndex="0" pointIndex="523" originalElevation="626.0" isOriginalElevationFromOSM="false" isAnchor="false"><ele>629.9</ele></trkpt>
<trkpt lat="33.396030" lon="126.412770" sectionIndex="0" pointIndex="524" originalElevation="626.0" isOriginalElevationFromOSM="false" isAnchor="false"><ele>627.6</ele></trkpt>
<trkpt lat="33.396080" lon="126.412660" sectionIndex="0" pointIndex="525" originalElevation="626.0" isOriginalElevationFromOSM="false" isAnchor="false"><ele>625.4</ele></trkpt>
<trkpt lat="33.396140" lon="126.412430" sectionIndex="0" pointIndex="526" originalElevation="626.0" isOriginalElevationFromOSM="false" isAnchor="false"><ele>623.2</ele></trkpt>
<trkpt lat="33.396270" lon="126.412270" sectionIndex="0" pointIndex="527" originalElevation="626.0" isOriginalElevationFromOSM="false" isAnchor="false"><ele>621.0</ele></trkpt>
<trkpt lat="33.396420" lon="126.412110" sectionIndex="0" pointIndex="528" originalElevation="611.0" isOriginalElevationFromOSM="false" isAnchor="false"><ele>618.8</ele></trkpt>
<trkpt lat="33.396610" lon="126.411850" sectionIndex="0" pointIndex="529" originalElevation="611.0" isOriginalElevationFromOSM="false" isAnchor="false"><ele>616.8</ele></trkpt>
<trkpt lat="33.396700" lon="126.411640" sectionIndex="0" pointIndex="530" originalElevation="611.0" isOriginalElevationFromOSM="false" isAnchor="false"><ele>614.8</ele></trkpt>
<trkpt lat="33.396750" lon="126.411490" sectionIndex="0" pointIndex="531" originalElevation="611.0" isOriginalElevationFromOSM="false" isAnchor="false"><ele>612.9</ele></trkpt>
<trkpt lat="33.396750" lon="126.411490" sectionIndex="0" pointIndex="532" originalElevation="611.0" isOriginalElevationFromOSM="false" isAnchor="false"><ele>611.1</ele></trkpt>
<trkpt lat="33.396770" lon="126.411410" sectionIndex="0" pointIndex="533" originalElevation="611.0" isOriginalElevationFromOSM="false" isAnchor="false"><ele>609.3</ele></trkpt>
<trkpt lat="33.396630" lon="126.411280" sectionIndex="0" pointIndex="534" originalElevation="599.0" isOriginalElevationFromOSM="false" isAnchor="false"><ele>607.6</ele></trkpt>
<trkpt lat="33.396580" lon="126.411220" sectionIndex="0" pointIndex="535" originalElevation="599.0" isOriginalElevationFromOSM="false" isAnchor="false"><ele>606.0</ele></trkpt>
<trkpt lat="33.396480" lon="126.411170" sectionIndex="0" pointIndex="536" originalElevation="599.0" isOriginalElevationFromOSM="false" isAnchor="false"><ele>604.5</ele></trkpt>
<trkpt lat="33.396440" lon="126.411070" sectionIndex="0" pointIndex="537" originalElevation="599.0" isOriginalElevationFromOSM="false" isAnchor="false"><ele>603.2</ele></trkpt>
<trkpt lat="33.396430" lon="126.410960" sectionIndex="0" pointIndex="538" originalElevation="599.0" isOriginalElevationFromOSM="false" isAnchor="false"><ele>602.0</ele></trkpt>
<trkpt lat="33.396400" lon="126.410780" sectionIndex="0" pointIndex="539" originalElevation="599.0" isOriginalElevationFromOSM="false" isAnchor="false"><ele>601.0</ele></trkpt>
<trkpt lat="33.396390" lon="126.410760" sectionIndex="0" pointIndex="540" originalElevation="599.0" isOriginalElevationFromOSM="false" isAnchor="false"><ele>600.0</ele></trkpt>
<trkpt lat="33.396410" lon="126.410750" sectionIndex="0" pointIndex="541" originalElevation="599.0" isOriginalElevationFromOSM="false" isAnchor="false"><ele>599.2</ele></trkpt>
<trkpt lat="33.396510" lon="126.410650" sectionIndex="0" pointIndex="542" originalElevation="599.0" isOriginalElevationFromOSM="false" isAnchor="false"><ele>598.3</ele></trkpt>
<trkpt lat="33.396510" lon="126.410600" sectionIndex="0" pointIndex="543" originalElevation="599.0" isOriginalElevationFromOSM="false" isAnchor="false"><ele>597.5</ele></trkpt>
<trkpt lat="33.396310" lon="126.410380" sectionIndex="0" pointIndex="544" originalElevation="594.0" isOriginalElevationFromOSM="false" isAnchor="false"><ele>596.8</ele></trkpt>
<trkpt lat="33.396130" lon="126.410210" sectionIndex="0" pointIndex="545" originalElevation="594.0" isOriginalElevationFromOSM="false" isAnchor="false"><ele>596.0</ele></trkpt>
<trkpt lat="33.396090" lon="126.410140" sectionIndex="0" pointIndex="546" originalElevation="594.0" isOriginalElevationFromOSM="false" isAnchor="false"><ele>595.3</ele></trkpt>
<trkpt lat="33.395990" lon="126.410030" sectionIndex="0" pointIndex="547" originalElevation="594.0" isOriginalElevationFromOSM="false" isAnchor="false"><ele>594.6</ele></trkpt>
<trkpt lat="33.396020" lon="126.409930" sectionIndex="0" pointIndex="548" originalElevation="594.0" isOriginalElevationFromOSM="false" isAnchor="false"><ele>593.8</ele></trkpt>
<trkpt lat="33.395950" lon="126.409950" sectionIndex="0" pointIndex="549" originalElevation="594.0" isOriginalElevationFromOSM="false" isAnchor="false"><ele>593.0</ele></trkpt>
<trkpt lat="33.395950" lon="126.409950" sectionIndex="0" pointIndex="550" originalElevation="594.0" isOriginalElevationFromOSM="false" isAnchor="false"><ele>592.1</ele></trkpt>
<trkpt lat="33.396020" lon="126.409930" sectionIndex="0" pointIndex="551" originalElevation="594.0" isOriginalElevationFromOSM="false" isAnchor="false"><ele>591.2</ele></trkpt>
<trkpt lat="33.396090" lon="126.409840" sectionIndex="0" pointIndex="552" originalElevation="594.0" isOriginalElevationFromOSM="false" isAnchor="false"><ele>590.2</ele></trkpt>
<trkpt lat="33.396220" lon="126.409840" sectionIndex="0" pointIndex="553" originalElevation="594.0" isOriginalElevationFromOSM="false" isAnchor="false"><ele>589.1</ele></trkpt>
<trkpt lat="33.396270" lon="126.409790" sectionIndex="0" pointIndex="554" originalElevation="594.0" isOriginalElevationFromOSM="false" isAnchor="false"><ele>587.9</ele></trkpt>
<trkpt lat="33.396380" lon="126.409740" sectionIndex="0" pointIndex="555" originalElevation="594.0" isOriginalElevationFromOSM="false" isAnchor="false"><ele>586.6</ele></trkpt>
<trkpt lat="33.396420" lon="126.409720" sectionIndex="0" pointIndex="556" originalElevation="594.0" isOriginalElevationFromOSM="false" isAnchor="false"><ele>585.1</ele></trkpt>
<trkpt lat="33.396760" lon="126.409560" sectionIndex="0" pointIndex="557" originalElevation="582.0" isOriginalElevationFromOSM="false" isAnchor="false"><ele>583.6</ele></trkpt>
<trkpt lat="33.396880" lon="126.409520" sectionIndex="0" pointIndex="558" originalElevation="582.0" isOriginalElevationFromOSM="false" isAnchor="false"><ele>581.9</ele></trkpt>
<trkpt lat="33.397030" lon="126.409500" sectionIndex="0" pointIndex="559" originalElevation="582.0" isOriginalElevationFromOSM="false" isAnchor="false"><ele>580.2</ele></trkpt>
<trkpt lat="33.397180" lon="126.409530" sectionIndex="0" pointIndex="560" originalElevation="576.0" isOriginalElevationFromOSM="false" isAnchor="false"><ele>578.5</ele></trkpt>
<trkpt lat="33.397310" lon="126.409530" sectionIndex="0" pointIndex="561" originalElevation="576.0" isOriginalElevationFromOSM="false" isAnchor="false"><ele>576.7</ele></trkpt>
<trkpt lat="33.397500" lon="126.409470" sectionIndex="0" pointIndex="562" originalElevation="576.0" isOriginalElevationFromOSM="false" isAnchor="false"><ele>574.8</ele></trkpt>
<trkpt lat="33.397830" lon="126.409300" sectionIndex="0" pointIndex="563" originalElevation="576.0" isOriginalElevationFromOSM="false" isAnchor="false"><ele>572.8</ele></trkpt>
<trkpt lat="33.397940" lon="126.409320" sectionIndex="0" pointIndex="564" originalElevation="576.0" isOriginalElevationFromOSM="false" isAnchor="false"><ele>570.8</ele></trkpt>
<trkpt lat="33.398050" lon="126.409390" sectionIndex="0" pointIndex="565" originalElevation="565.0" isOriginalElevationFromOSM="false" isAnchor="false"><ele>568.7</ele></trkpt>
<trkpt lat="33.398270" lon="126.409380" sectionIndex="0" pointIndex="566" originalElevation="565.0" isOriginalElevationFromOSM="false" isAnchor="false"><ele>566.7</ele></trkpt>
<trkpt lat="33.398390" lon="126.409410" sectionIndex="0" pointIndex="567" originalElevation="565.0" isOriginalElevationFromOSM="false" isAnchor="false"><ele>564.6</ele></trkpt>
<trkpt lat="33.398520" lon="126.409350" sectionIndex="0" pointIndex="568" originalElevation="565.0" isOriginalElevationFromOSM="false" isAnchor="false"><ele>562.5</ele></trkpt>
<trkpt lat="33.398620" lon="126.409350" sectionIndex="0" pointIndex="569" originalElevation="565.0" isOriginalElevationFromOSM="false" isAnchor="false"><ele>560.3</ele></trkpt>
<trkpt lat="33.398890" lon="126.409550" sectionIndex="0" pointIndex="570" originalElevation="551.0" isOriginalElevationFromOSM="false" isAnchor="false"><ele>558.1</ele></trkpt>
<trkpt lat="33.398970" lon="126.409540" sectionIndex="0" pointIndex="571" originalElevation="551.0" isOriginalElevationFromOSM="false" isAnchor="false"><ele>555.8</ele></trkpt>
<trkpt lat="33.399120" lon="126.409470" sectionIndex="0" pointIndex="572" originalElevation="551.0" isOriginalElevationFromOSM="false" isAnchor="false"><ele>553.5</ele></trkpt>
<trkpt lat="33.399250" lon="126.409440" sectionIndex="0" pointIndex="573" originalElevation="551.0" isOriginalElevationFromOSM="false" isAnchor="false"><ele>551.3</ele></trkpt>
<trkpt lat="33.399340" lon="126.409390" sectionIndex="0" pointIndex="574" originalElevation="551.0" isOriginalElevationFromOSM="false" isAnchor="false"><ele>549.0</ele></trkpt>
<trkpt lat="33.399420" lon="126.409290" sectionIndex="0" pointIndex="575" originalElevation="551.0" isOriginalElevationFromOSM="false" isAnchor="false"><ele>546.6</ele></trkpt>
<trkpt lat="33.399530" lon="126.409190" sectionIndex="0" pointIndex="576" originalElevation="551.0" isOriginalElevationFromOSM="false" isAnchor="false"><ele>544.1</ele></trkpt>
<trkpt lat="33.399610" lon="126.409070" sectionIndex="0" pointIndex="577" originalElevation="551.0" isOriginalElevationFromOSM="false" isAnchor="false"><ele>541.7</ele></trkpt>
<trkpt lat="33.399700" lon="126.408880" sectionIndex="0" pointIndex="578" originalElevation="538.0" isOriginalElevationFromOSM="false" isAnchor="false"><ele>539.2</ele></trkpt>
<trkpt lat="33.399760" lon="126.408840" sectionIndex="0" pointIndex="579" originalElevation="535.5" isOriginalElevationFromOSM="false" isAnchor="false"><ele>536.7</ele></trkpt>
<trkpt lat="33.399760" lon="126.408840" sectionIndex="0" pointIndex="580" originalElevation="535.5" isOriginalElevationFromOSM="false" isAnchor="false"><ele>534.3</ele></trkpt>
<trkpt lat="33.399870" lon="126.408760" sectionIndex="0" pointIndex="581" originalElevation="533.0" isOriginalElevationFromOSM="false" isAnchor="false"><ele>531.9</ele></trkpt>
<trkpt lat="33.399900" lon="126.408640" sectionIndex="0" pointIndex="582" originalElevation="533.0" isOriginalElevationFromOSM="false" isAnchor="false"><ele>529.4</ele></trkpt>
<trkpt lat="33.400030" lon="126.408480" sectionIndex="0" pointIndex="583" originalElevation="533.0" isOriginalElevationFromOSM="false" isAnchor="false"><ele>527.0</ele></trkpt>
<trkpt lat="33.400530" lon="126.408490" sectionIndex="0" pointIndex="584" originalElevation="520.0" isOriginalElevationFromOSM="false" isAnchor="false"><ele>524.7</ele></trkpt>
<trkpt lat="33.401290" lon="126.408290" sectionIndex="0" pointIndex="585" originalElevation="520.0" isOriginalElevationFromOSM="false" isAnchor="false"><ele>522.4</ele></trkpt>
<trkpt lat="33.401480" lon="126.408250" sectionIndex="0" pointIndex="586" originalElevation="510.0" isOriginalElevationFromOSM="false" isAnchor="false"><ele>520.2</ele></trkpt>
<trkpt lat="33.401650" lon="126.408260" sectionIndex="0" pointIndex="587" originalElevation="510.0" isOriginalElevationFromOSM="false" isAnchor="false"><ele>518.2</ele></trkpt>
<trkpt lat="33.401760" lon="126.408310" sectionIndex="0" pointIndex="588" originalElevation="510.0" isOriginalElevationFromOSM="false" isAnchor="false"><ele>516.4</ele></trkpt>
<trkpt lat="33.402020" lon="126.408560" sectionIndex="0" pointIndex="589" originalElevation="510.0" isOriginalElevationFromOSM="false" isAnchor="false"><ele>514.7</ele></trkpt>
<trkpt lat="33.402180" lon="126.408550" sectionIndex="0" pointIndex="590" originalElevation="502.0" isOriginalElevationFromOSM="false" isAnchor="false"><ele>513.1</ele></trkpt>
<trkpt lat="33.402260" lon="126.408510" sectionIndex="0" pointIndex="591" originalElevation="502.0" isOriginalElevationFromOSM="false" isAnchor="false"><ele>511.7</ele></trkpt>
<trkpt lat="33.402340" lon="126.408500" sectionIndex="0" pointIndex="592" originalElevation="502.0" isOriginalElevationFromOSM="false" isAnchor="false"><ele>510.4</ele></trkpt>
<trkpt lat="33.402340" lon="126.408500" sectionIndex="0" pointIndex="593" originalElevation="510.0" isOriginalElevationFromOSM="false" isAnchor="false"><ele>509.2</ele></trkpt>
<trkpt lat="33.402380" lon="126.408476" sectionIndex="0" pointIndex="594" originalElevation="510.0" isOriginalElevationFromOSM="false" isAnchor="false"><ele>508.3</ele></trkpt>
<trkpt lat="33.402421" lon="126.408452" sectionIndex="0" pointIndex="595" originalElevation="510.0" isOriginalElevationFromOSM="false" isAnchor="false"><ele>507.4</ele></trkpt>
<trkpt lat="33.402461" lon="126.408428" sectionIndex="0" pointIndex="596" originalElevation="510.0" isOriginalElevationFromOSM="false" isAnchor="false"><ele>506.6</ele></trkpt>
<trkpt lat="33.402501" lon="126.408405" sectionIndex="0" pointIndex="597" originalElevation="502.0" isOriginalElevationFromOSM="false" isAnchor="false"><ele>505.9</ele></trkpt>
<trkpt lat="33.402542" lon="126.408381" sectionIndex="0" pointIndex="598" originalElevation="502.0" isOriginalElevationFromOSM="false" isAnchor="false"><ele>505.3</ele></trkpt>
<trkpt lat="33.402582" lon="126.408357" sectionIndex="0" pointIndex="599" originalElevation="502.0" isOriginalElevationFromOSM="false" isAnchor="false"><ele>504.7</ele></trkpt>
<trkpt lat="33.402622" lon="126.408333" sectionIndex="0" pointIndex="600" originalElevation="499.0" isOriginalElevationFromOSM="false" isAnchor="false"><ele>504.3</ele></trkpt>
<trkpt lat="33.402663" lon="126.408309" sectionIndex="0" pointIndex="601" originalElevation="499.0" isOriginalElevationFromOSM="false" isAnchor="false"><ele>503.8</ele></trkpt>
<trkpt lat="33.402689" lon="126.408293" sectionIndex="0" pointIndex="602" originalElevation="499.0" isOriginalElevationFromOSM="false" isAnchor="false"><ele>503.6</ele></trkpt>
</trkseg>
</trk>
</gpx>