<?xml version="1.0" encoding="UTF-8"?>
<gpx creator="GlobalMotionEditor" version="1.1" xmlns="http://www.topografix.com/GPX/1/1">
<metadata>
<name>거슨안돌밧돌</name>
<desc>Bientus, Inc. - www.ramblr.com - Share your outdoor stories on a map!</desc>
<author>
<name></name>
</author>
<link href="https://www.ramblr.com/web/mymap/trip/1320578/10581822"></link>
<time>2026-05-25T13:42:03Z</time>
</metadata>
<trk>
<name>거슨안돌밧돌</name>
<trkseg>
<trkpt lat="33.445945213566105" lon="126.75751612521708"><ele>260.8197631835938</ele><time></time></trkpt>
<trkpt lat="33.446350356576154" lon="126.75821878015995"><ele>260.4152526855469</ele><time></time></trkpt>
<trkpt lat="33.446782749125056" lon="126.7581557482481"><ele>262.4032287597656</ele><time></time></trkpt>
<trkpt lat="33.446875123343354" lon="126.75861658528447"><ele>263.0175170898438</ele><time></time></trkpt>
<trkpt lat="33.44680912872904" lon="126.75885764881968"><ele>262.1495056152344</ele><time></time></trkpt>
<trkpt lat="33.44696363644319" lon="126.75909577868879"><ele>263.2365112304688</ele><time></time></trkpt>
<trkpt lat="33.447285918495396" lon="126.7603125795722"><ele>263.3436889648438</ele><time></time></trkpt>
<trkpt lat="33.4473598189652" lon="126.76065380685031"><ele>227.8</ele><time></time></trkpt>
<trkpt lat="33.44737130217254" lon="126.76069211214781"><ele>228.0</ele><time></time></trkpt>
<trkpt lat="33.44740164466202" lon="126.76074776798487"><ele>228.2</ele><time></time></trkpt>
<trkpt lat="33.44742628745735" lon="126.76076461561024"><ele>228.2</ele><time></time></trkpt>
<trkpt lat="33.4474666044116" lon="126.76076176576316"><ele>228.8</ele><time></time></trkpt>
<trkpt lat="33.44749468378723" lon="126.76075212657452"><ele>229.0</ele><time></time></trkpt>
<trkpt lat="33.447532234713435" lon="126.7607476003468"><ele>229.8</ele><time></time></trkpt>
<trkpt lat="33.447587890550494" lon="126.76072924397886"><ele>230.6</ele><time></time></trkpt>
<trkpt lat="33.44760616309941" lon="126.76071977242827"><ele>231.0</ele><time></time></trkpt>
<trkpt lat="33.4476497489959" lon="126.76070569083095"><ele>231.8</ele><time></time></trkpt>
<trkpt lat="33.447699286043644" lon="126.76069688983262"><ele>232.4</ele><time></time></trkpt>
<trkpt lat="33.44772208482027" lon="126.76070066168904"><ele>232.6</ele><time></time></trkpt>
<trkpt lat="33.44775008037686" lon="126.76074340939522"><ele>233.2</ele><time></time></trkpt>
<trkpt lat="33.447748739272356" lon="126.760761346668"><ele>233.2</ele><time></time></trkpt>
<trkpt lat="33.44776156358421" lon="126.76079235970974"><ele>233.2</ele><time></time></trkpt>
<trkpt lat="33.447771202772856" lon="126.76082286983728"><ele>233.2</ele><time></time></trkpt>
<trkpt lat="33.447781428694725" lon="126.760845920071"><ele>233.0</ele><time></time></trkpt>
<trkpt lat="33.447799533605576" lon="126.76088724285364"><ele>233.2</ele><time></time></trkpt>
<trkpt lat="33.44780724495649" lon="126.76091163419187"><ele>233.2</ele><time></time></trkpt>
<trkpt lat="33.44781990163028" lon="126.760956896469"><ele>233.2</ele><time></time></trkpt>
<trkpt lat="33.447827361524105" lon="126.76101079210639"><ele>233.2</ele><time></time></trkpt>
<trkpt lat="33.44783741980791" lon="126.76104004494846"><ele>233.2</ele><time></time></trkpt>
<trkpt lat="33.44786365516484" lon="126.76110642962158"><ele>233.2</ele><time></time></trkpt>
<trkpt lat="33.447884107008576" lon="126.76115102134645"><ele>232.8</ele><time></time></trkpt>
<trkpt lat="33.4478897228837" lon="126.76116904243827"><ele>232.8</ele><time></time></trkpt>
<trkpt lat="33.44790204428136" lon="126.76119226031005"><ele>233.0</ele><time></time></trkpt>
<trkpt lat="33.44791168347001" lon="126.76120701245964"><ele>233.2</ele><time></time></trkpt>
<trkpt lat="33.4479174669832" lon="126.76121631637216"><ele>233.4</ele><time></time></trkpt>
<trkpt lat="33.4479330573231" lon="126.76124699413776"><ele>233.4</ele><time></time></trkpt>
<trkpt lat="33.44794051721692" lon="126.76126006990671"><ele>233.4</ele><time></time></trkpt>
<trkpt lat="33.44794470816851" lon="126.76126074045897"><ele>233.2</ele><time></time></trkpt>
<trkpt lat="33.44794881530106" lon="126.761260824278"><ele>233.4</ele><time></time></trkpt>
<trkpt lat="33.44795082695782" lon="126.76126124337316"><ele>233.2</ele><time></time></trkpt>
<trkpt lat="33.44795334152877" lon="126.7612637579441"><ele>233.0</ele><time></time></trkpt>
<trkpt lat="33.447965160012245" lon="126.76124883815646"><ele>233.0</ele><time></time></trkpt>
<trkpt lat="33.44796457327902" lon="126.76123894751072"><ele>232.8</ele><time></time></trkpt>
<trkpt lat="33.44796474091709" lon="126.76124045625329"><ele>232.8</ele><time></time></trkpt>
<trkpt lat="33.44796247780323" lon="126.76124188117683"><ele>232.8</ele><time></time></trkpt>
<trkpt lat="33.44796113669872" lon="126.76124942488968"><ele>232.8</ele><time></time></trkpt>
<trkpt lat="33.44796683639288" lon="126.76126392558217"><ele>232.8</ele><time></time></trkpt>
<trkpt lat="33.44797211699188" lon="126.76127105019987"><ele>232.8</ele><time></time></trkpt>
<trkpt lat="33.44798577949405" lon="126.76127943210304"><ele>232.8</ele><time></time></trkpt>
<trkpt lat="33.4480004478246" lon="126.76130876876414"><ele>232.8</ele><time></time></trkpt>
<trkpt lat="33.44800254330039" lon="126.76131270825863"><ele>233.0</ele><time></time></trkpt>
<trkpt lat="33.448007153347135" lon="126.76133039407432"><ele>233.0</ele><time></time></trkpt>
<trkpt lat="33.44801486469805" lon="126.76135319285095"><ele>233.0</ele><time></time></trkpt>
<trkpt lat="33.44803288578987" lon="126.76138227805495"><ele>233.0</ele><time></time></trkpt>
<trkpt lat="33.44804587773979" lon="126.76139552146196"><ele>233.0</ele><time></time></trkpt>
<trkpt lat="33.44806029461324" lon="126.76141161471605"><ele>232.8</ele><time></time></trkpt>
<trkpt lat="33.44808032736182" lon="126.76144774071872"><ele>232.6</ele><time></time></trkpt>
<trkpt lat="33.4480918943882" lon="126.76147020421922"><ele>232.6</ele><time></time></trkpt>
<trkpt lat="33.448119135573506" lon="126.76153323613107"><ele>232.6</ele><time></time></trkpt>
<trkpt lat="33.448144029825926" lon="126.76161244511604"><ele>232.4</ele><time></time></trkpt>
<trkpt lat="33.44815257936716" lon="126.76164630800486"><ele>232.4</ele><time></time></trkpt>
<trkpt lat="33.44816129654646" lon="126.76170665770769"><ele>232.0</ele><time></time></trkpt>
<trkpt lat="33.44816540367901" lon="126.76173817366362"><ele>232.0</ele><time></time></trkpt>
<trkpt lat="33.44816515222192" lon="126.76178762689233"><ele>231.8</ele><time></time></trkpt>
<trkpt lat="33.44816423021257" lon="126.7618354037404"><ele>231.8</ele><time></time></trkpt>
<trkpt lat="33.44816263765097" lon="126.76186147145927"><ele>231.6</ele><time></time></trkpt>
<trkpt lat="33.44817060045898" lon="126.76193674094975"><ele>231.4</ele><time></time></trkpt>
<trkpt lat="33.44817906618118" lon="126.76200044341385"><ele>231.0</ele><time></time></trkpt>
<trkpt lat="33.448185017332435" lon="126.76203011535108"><ele>231.0</ele><time></time></trkpt>
<trkpt lat="33.448199266567826" lon="126.76209725439548"><ele>231.0</ele><time></time></trkpt>
<trkpt lat="33.448211923241615" lon="126.76213027909398"><ele>230.8</ele><time></time></trkpt>
<trkpt lat="33.448240673169494" lon="126.76219255663455"><ele>230.8</ele><time></time></trkpt>
<trkpt lat="33.44826774671674" lon="126.76226656883955"><ele>231.0</ele><time></time></trkpt>
<trkpt lat="33.44828551635146" lon="126.76230696961284"><ele>231.2</ele><time></time></trkpt>
<trkpt lat="33.44831820577383" lon="126.76237033680081"><ele>231.4</ele><time></time></trkpt>
<trkpt lat="33.4483302757144" lon="126.76240059547126"><ele>231.8</ele><time></time></trkpt>
<trkpt lat="33.448345363140106" lon="126.76246010698378"><ele>232.0</ele><time></time></trkpt>
<trkpt lat="33.44835869036615" lon="126.76251190714538"><ele>232.0</ele><time></time></trkpt>
<trkpt lat="33.448367239907384" lon="126.7625368013978"><ele>232.0</ele><time></time></trkpt>
<trkpt lat="33.44838660210371" lon="126.76258583553135"><ele>231.6</ele><time></time></trkpt>
<trkpt lat="33.44840579666197" lon="126.76262967288494"><ele>231.4</ele><time></time></trkpt>
<trkpt lat="33.448428343981504" lon="126.76265909336507"><ele>231.4</ele><time></time></trkpt>
<trkpt lat="33.44845122657716" lon="126.76271826960146"><ele>231.2</ele><time></time></trkpt>
<trkpt lat="33.44846245832741" lon="126.76275263540447"><ele>231.0</ele><time></time></trkpt>
<trkpt lat="33.448469415307045" lon="126.76280518993735"><ele>230.8</ele><time></time></trkpt>
<trkpt lat="33.44847251661122" lon="126.76285506226122"><ele>230.4</ele><time></time></trkpt>
<trkpt lat="33.448472851887345" lon="126.76287434063852"><ele>230.2</ele><time></time></trkpt>
<trkpt lat="33.4484922979027" lon="126.76292630843818"><ele>229.8</ele><time></time></trkpt>
<trkpt lat="33.44851031899452" lon="126.76297718659043"><ele>229.8</ele><time></time></trkpt>
<trkpt lat="33.448519790545106" lon="126.76300585269928"><ele>229.8</ele><time></time></trkpt>
<trkpt lat="33.448540242388844" lon="126.76305547356606"><ele>229.8</ele><time></time></trkpt>
<trkpt lat="33.448548540472984" lon="126.76308422349393"><ele>229.8</ele><time></time></trkpt>
<trkpt lat="33.44857360236347" lon="126.76314708776772"><ele>229.6</ele><time></time></trkpt>
<trkpt lat="33.448590533807874" lon="126.7632030788809"><ele>229.2</ele><time></time></trkpt>
<trkpt lat="33.44860101118684" lon="126.76322537474334"><ele>229.0</ele><time></time></trkpt>
<trkpt lat="33.44861584715545" lon="126.7632707208395"><ele>228.8</ele><time></time></trkpt>
<trkpt lat="33.44862489961088" lon="126.76329033449292"><ele>228.8</ele><time></time></trkpt>
<trkpt lat="33.44865130260587" lon="126.76333232782781"><ele>228.6</ele><time></time></trkpt>
<trkpt lat="33.44867393374443" lon="126.7633796017617"><ele>228.4</ele><time></time></trkpt>
<trkpt lat="33.44868156127632" lon="126.76340499892831"><ele>228.2</ele><time></time></trkpt>
<trkpt lat="33.448704443871975" lon="126.76346199586987"><ele>227.6</ele><time></time></trkpt>
<trkpt lat="33.44871969893575" lon="126.76353148184717"><ele>227.0</ele><time></time></trkpt>
<trkpt lat="33.44872849993408" lon="126.76356190815568"><ele>226.8</ele><time></time></trkpt>
<trkpt lat="33.44874710775912" lon="126.76363416016102"><ele>226.6</ele><time></time></trkpt>
<trkpt lat="33.448755741119385" lon="126.76366525702178"><ele>226.6</ele><time></time></trkpt>
<trkpt lat="33.448772337287664" lon="126.76373356953263"><ele>226.2</ele><time></time></trkpt>
<trkpt lat="33.44878474250436" lon="126.76378939300776"><ele>225.8</ele><time></time></trkpt>
<trkpt lat="33.44879060983658" lon="126.76381378434598"><ele>225.6</ele><time></time></trkpt>
<trkpt lat="33.44880829565227" lon="126.76385376602411"><ele>225.2</ele><time></time></trkpt>
<trkpt lat="33.44882472418249" lon="126.76388695836067"><ele>225.0</ele><time></time></trkpt>
<trkpt lat="33.44883478246629" lon="126.7639047279954"><ele>225.0</ele><time></time></trkpt>
<trkpt lat="33.44886160455644" lon="126.76394403912127"><ele>224.8</ele><time></time></trkpt>
<trkpt lat="33.44887929037213" lon="126.76396206021309"><ele>224.8</ele><time></time></trkpt>
<trkpt lat="33.44891323707998" lon="126.76400011405349"><ele>225.0</ele><time></time></trkpt>
<trkpt lat="33.448951207101345" lon="126.76404051482677"><ele>225.0</ele><time></time></trkpt>
<trkpt lat="33.44897082075477" lon="126.76405610516667"><ele>225.0</ele><time></time></trkpt>
<trkpt lat="33.44900845550001" lon="126.76409801468253"><ele>224.8</ele><time></time></trkpt>
<trkpt lat="33.44904240220785" lon="126.76413187757134"><ele>224.6</ele><time></time></trkpt>
<trkpt lat="33.44906193204224" lon="126.7641481384635"><ele>224.6</ele><time></time></trkpt>
<trkpt lat="33.44910032115877" lon="126.76417890004814"><ele>224.6</ele><time></time></trkpt>
<trkpt lat="33.44912001863122" lon="126.7641896288842"><ele>224.6</ele><time></time></trkpt>
<trkpt lat="33.44916201196611" lon="126.76420915871859"><ele>224.6</ele><time></time></trkpt>
<trkpt lat="33.44921004027128" lon="126.76423975266516"><ele>224.8</ele><time></time></trkpt>
<trkpt lat="33.449229234829545" lon="126.76425458863378"><ele>224.8</ele><time></time></trkpt>
<trkpt lat="33.449267791584134" lon="126.76428853534162"><ele>224.6</ele><time></time></trkpt>
<trkpt lat="33.44928665086627" lon="126.7643083166331"><ele>224.6</ele><time></time></trkpt>
<trkpt lat="33.44932001084089" lon="126.76434142515063"><ele>224.6</ele><time></time></trkpt>
<trkpt lat="33.44934959895909" lon="126.76436489447951"><ele>224.4</ele><time></time></trkpt>
<trkpt lat="33.449365608394146" lon="126.76438316702843"><ele>224.4</ele><time></time></trkpt>
<trkpt lat="33.44939276576042" lon="126.76441116258502"><ele>224.4</ele><time></time></trkpt>
<trkpt lat="33.44941455870867" lon="126.76442977041006"><ele>224.4</ele><time></time></trkpt>
<trkpt lat="33.449431490153074" lon="126.76444217562675"><ele>224.4</ele><time></time></trkpt>
<trkpt lat="33.4494595695287" lon="126.76444821059704"><ele>224.4</ele><time></time></trkpt>
<trkpt lat="33.449467616155744" lon="126.76445256918669"><ele>224.6</ele><time></time></trkpt>
<trkpt lat="33.44949150457978" lon="126.76445575430989"><ele>224.6</ele><time></time></trkpt>
<trkpt lat="33.449529223144054" lon="126.764458687976"><ele>225.0</ele><time></time></trkpt>
<trkpt lat="33.44954648986459" lon="126.76446380093694"><ele>225.0</ele><time></time></trkpt>
<trkpt lat="33.44959141686559" lon="126.76447318866849"><ele>225.4</ele><time></time></trkpt>
<trkpt lat="33.449633326381445" lon="126.76449464634061"><ele>225.4</ele><time></time></trkpt>
<trkpt lat="33.449652940034866" lon="126.76450881175697"><ele>225.2</ele><time></time></trkpt>
<trkpt lat="33.44969384372234" lon="126.7645517271012"><ele>224.8</ele><time></time></trkpt>
<trkpt lat="33.449712954461575" lon="126.76456983201206"><ele>224.8</ele><time></time></trkpt>
<trkpt lat="33.449759893119335" lon="126.76460570655763"><ele>224.6</ele><time></time></trkpt>
<trkpt lat="33.449804317206144" lon="126.76464099436998"><ele>224.4</ele><time></time></trkpt>
<trkpt lat="33.449827283620834" lon="126.76465365104377"><ele>224.4</ele><time></time></trkpt>
<trkpt lat="33.44987346790731" lon="126.76467494107783"><ele>224.6</ele><time></time></trkpt>
<trkpt lat="33.44990037381649" lon="126.76468818448484"><ele>224.6</ele><time></time></trkpt>
<trkpt lat="33.449950916692615" lon="126.76469639874995"><ele>224.8</ele><time></time></trkpt>
<trkpt lat="33.45000330358744" lon="126.76469497382641"><ele>224.8</ele><time></time></trkpt>
<trkpt lat="33.45002735964954" lon="126.76469497382641"><ele>225.0</ele><time></time></trkpt>
<trkpt lat="33.45007915981114" lon="126.76469069905579"><ele>225.2</ele><time></time></trkpt>
<trkpt lat="33.45013523474336" lon="126.76469212397933"><ele>225.6</ele><time></time></trkpt>
<trkpt lat="33.450161973014474" lon="126.76469463855028"><ele>225.6</ele><time></time></trkpt>
<trkpt lat="33.45021829940379" lon="126.76469882950187"><ele>225.6</ele><time></time></trkpt>
<trkpt lat="33.45024327747524" lon="126.76469773985445"><ele>225.6</ele><time></time></trkpt>
<trkpt lat="33.45029423944652" lon="126.76469296216965"><ele>225.6</ele><time></time></trkpt>
<trkpt lat="33.4503541700542" lon="126.76470712758601"><ele>225.4</ele><time></time></trkpt>
<trkpt lat="33.450382417067885" lon="126.7647142522037"><ele>225.4</ele><time></time></trkpt>
<trkpt lat="33.45043941400945" lon="126.76473135128617"><ele>225.2</ele><time></time></trkpt>
<trkpt lat="33.4504902921617" lon="126.76474476233125"><ele>224.8</ele><time></time></trkpt>
<trkpt lat="33.450515773147345" lon="126.7647456843406"><ele>224.6</ele><time></time></trkpt>
<trkpt lat="33.450575368478894" lon="126.7647544015199"><ele>224.2</ele><time></time></trkpt>
<trkpt lat="33.45060755498707" lon="126.7647610232234"><ele>224.0</ele><time></time></trkpt>
<trkpt lat="33.45066706649959" lon="126.76477326080203"><ele>223.6</ele><time></time></trkpt>
<trkpt lat="33.450711742043495" lon="126.76477644592524"><ele>223.6</ele><time></time></trkpt>
<trkpt lat="33.45073403790593" lon="126.76477904431522"><ele>223.6</ele><time></time></trkpt>
<trkpt lat="33.45076949335635" lon="126.76478767767549"><ele>223.8</ele><time></time></trkpt>
<trkpt lat="33.45078282058239" lon="126.76479019224644"><ele>224.0</ele><time></time></trkpt>
<trkpt lat="33.45080302096903" lon="126.76479899324477"><ele>224.0</ele><time></time></trkpt>
<trkpt lat="33.450822634622455" lon="126.76480829715729"><ele>224.0</ele><time></time></trkpt>
<trkpt lat="33.45083378255367" lon="126.76481357775629"><ele>224.0</ele><time></time></trkpt>
<trkpt lat="33.45085892826319" lon="126.76482573151588"><ele>224.0</ele><time></time></trkpt>
<trkpt lat="33.45088725909591" lon="126.76483394578099"><ele>223.8</ele><time></time></trkpt>
<trkpt lat="33.45090217888355" lon="126.7648350354284"><ele>223.8</ele><time></time></trkpt>
<trkpt lat="33.45092263072729" lon="126.76482640206814"><ele>223.6</ele><time></time></trkpt>
<trkpt lat="33.45092975534499" lon="126.764818103984"><ele>223.6</ele><time></time></trkpt>
<trkpt lat="33.45095037482679" lon="126.7648056987673"><ele>223.8</ele><time></time></trkpt>
<trkpt lat="33.45097200013697" lon="126.76479480229318"><ele>224.0</ele><time></time></trkpt>
<trkpt lat="33.45098205842078" lon="126.76479069516063"><ele>224.0</ele><time></time></trkpt>
<trkpt lat="33.45100468955934" lon="126.76478281617165"><ele>224.4</ele><time></time></trkpt>
<trkpt lat="33.45102078281343" lon="126.76477921195328"><ele>224.6</ele><time></time></trkpt>
<trkpt lat="33.45103167928755" lon="126.76477669738233"><ele>224.8</ele><time></time></trkpt>
<trkpt lat="33.451051292940974" lon="126.76476823166013"><ele>224.8</ele><time></time></trkpt>
<trkpt lat="33.451063530519605" lon="126.76476345397532"><ele>224.8</ele><time></time></trkpt>
<trkpt lat="33.451094878837466" lon="126.76474962383509"><ele>225.0</ele><time></time></trkpt>
<trkpt lat="33.45112455077469" lon="126.76472866907716"><ele>225.4</ele><time></time></trkpt>
<trkpt lat="33.45114248804748" lon="126.76471919752657"><ele>225.4</ele><time></time></trkpt>
<trkpt lat="33.45118850469589" lon="126.76469597965479"><ele>225.2</ele><time></time></trkpt>
<trkpt lat="33.45120744779706" lon="126.76469396799803"><ele>225.0</ele><time></time></trkpt>
<trkpt lat="33.45123971812427" lon="126.76468801684678"><ele>224.8</ele><time></time></trkpt>
<trkpt lat="33.45125765539706" lon="126.7647094745189"><ele>224.6</ele><time></time></trkpt>
<trkpt lat="33.45126301981509" lon="126.76472003571689"><ele>224.6</ele><time></time></trkpt>
<trkpt lat="33.451269222423434" lon="126.76473755389452"><ele>224.6</ele><time></time></trkpt>
<trkpt lat="33.45127483829856" lon="126.76475708372891"><ele>224.6</ele><time></time></trkpt>
<trkpt lat="33.45127877779305" lon="126.76476596854627"><ele>224.6</ele><time></time></trkpt>
<trkpt lat="33.451291266828775" lon="126.76478239707649"><ele>224.6</ele><time></time></trkpt>
<trkpt lat="33.45129109919071" lon="126.7647866718471"><ele>224.8</ele><time></time></trkpt>
<trkpt lat="33.45129311084747" lon="126.76478901878"><ele>224.6</ele><time></time></trkpt>
<trkpt lat="33.45129679888487" lon="126.76478960551322"><ele>224.6</ele><time></time></trkpt>
<trkpt lat="33.4512968827039" lon="126.76478994078934"><ele>224.6</ele><time></time></trkpt>
<trkpt lat="33.45129797235131" lon="126.76479136571288"><ele>224.6</ele><time></time></trkpt>
<trkpt lat="33.45129889436066" lon="126.76479480229318"><ele>224.6</ele><time></time></trkpt>
<trkpt lat="33.451302917674184" lon="126.76479337736964"><ele>224.6</ele><time></time></trkpt>
<trkpt lat="33.45130794681609" lon="126.76479337736964"><ele>224.6</ele><time></time></trkpt>
<trkpt lat="33.45131004229188" lon="126.7647937964648"><ele>224.6</ele><time></time></trkpt>
<trkpt lat="33.45131104812026" lon="126.7647937964648"><ele>224.6</ele><time></time></trkpt>
<trkpt lat="33.45130844973028" lon="126.76479044370353"><ele>224.6</ele><time></time></trkpt>
<trkpt lat="33.45130660571158" lon="126.76478818058968"><ele>224.6</ele><time></time></trkpt>
<trkpt lat="33.45130425877869" lon="126.76477778702974"><ele>224.6</ele><time></time></trkpt>
<trkpt lat="33.45129973255098" lon="126.76477032713592"><ele>224.6</ele><time></time></trkpt>
<trkpt lat="33.45130124129355" lon="126.76476772874594"><ele>224.6</ele><time></time></trkpt>
<trkpt lat="33.45130844973028" lon="126.76476135849953"><ele>224.6</ele><time></time></trkpt>
<trkpt lat="33.45130811445415" lon="126.76473755389452"><ele>224.4</ele><time></time></trkpt>
<trkpt lat="33.45131649635732" lon="126.76471743732691"><ele>224.4</ele><time></time></trkpt>
<trkpt lat="33.45133585855365" lon="126.76469489000738"><ele>224.6</ele><time></time></trkpt>
<trkpt lat="33.45136377029121" lon="126.76467318087816"><ele>224.6</ele><time></time></trkpt>
<trkpt lat="33.45140132121742" lon="126.7646505497396"><ele>224.8</ele><time></time></trkpt>
<trkpt lat="33.4514279756695" lon="126.76463898271322"><ele>224.8</ele><time></time></trkpt>
<trkpt lat="33.45148438587785" lon="126.7646243982017"><ele>224.8</ele><time></time></trkpt>
<trkpt lat="33.45153291709721" lon="126.76460654474795"><ele>224.6</ele><time></time></trkpt>
<trkpt lat="33.45155839808285" lon="126.76459791138768"><ele>224.6</ele><time></time></trkpt>
<trkpt lat="33.451595110818744" lon="126.76458818838"><ele>224.6</ele><time></time></trkpt>
<trkpt lat="33.45163241028786" lon="126.76458391360939"><ele>224.4</ele><time></time></trkpt>
<trkpt lat="33.45165143720806" lon="126.76457578316331"><ele>224.4</ele><time></time></trkpt>
<trkpt lat="33.45168228261173" lon="126.76456555724144"><ele>224.6</ele><time></time></trkpt>
<trkpt lat="33.45169175416231" lon="126.76456061191857"><ele>224.6</ele><time></time></trkpt>
<trkpt lat="33.451715894043446" lon="126.76454703323543"><ele>224.8</ele><time></time></trkpt>
<trkpt lat="33.45173793844879" lon="126.76453605294228"><ele>225.0</ele><time></time></trkpt>
<trkpt lat="33.45174849964678" lon="126.7645384836942"><ele>225.2</ele><time></time></trkpt>
<trkpt lat="33.45176844857633" lon="126.76453429274261"><ele>225.0</ele><time></time></trkpt>
<trkpt lat="33.45177968032658" lon="126.76451727747917"><ele>224.8</ele><time></time></trkpt>
<trkpt lat="33.451790073886514" lon="126.7645057104528"><ele>224.8</ele><time></time></trkpt>
<trkpt lat="33.45181739889085" lon="126.76447335630655"><ele>225.4</ele><time></time></trkpt>
<trkpt lat="33.45182569697499" lon="126.76445256918669"><ele>226.0</ele><time></time></trkpt>
<trkpt lat="33.451838018372655" lon="126.76441283896565"><ele>227.4</ele><time></time></trkpt>
<trkpt lat="33.4518529381603" lon="126.76435936242342"><ele>228.8</ele><time></time></trkpt>
<trkpt lat="33.45185922458768" lon="126.76434083841741"><ele>229.2</ele><time></time></trkpt>
<trkpt lat="33.45187162980437" lon="126.76433321088552"><ele>229.8</ele><time></time></trkpt>
<trkpt lat="33.45187556929886" lon="126.76433295942843"><ele>230.0</ele><time></time></trkpt>
<trkpt lat="33.451882526278496" lon="126.76434243097901"><ele>230.2</ele><time></time></trkpt>
<trkpt lat="33.45188797451556" lon="126.76434628665447"><ele>230.2</ele><time></time></trkpt>
<trkpt lat="33.4518909920007" lon="126.7643479630351"><ele>230.0</ele><time></time></trkpt>
<trkpt lat="33.45189887098968" lon="126.76435039378703"><ele>230.0</ele><time></time></trkpt>
<trkpt lat="33.451903481036425" lon="126.76434863358736"><ele>230.2</ele><time></time></trkpt>
<trkpt lat="33.45190750434995" lon="126.76435181871057"><ele>230.0</ele><time></time></trkpt>
<trkpt lat="33.45190876163542" lon="126.76435827277601"><ele>230.0</ele><time></time></trkpt>
<trkpt lat="33.45190775580704" lon="126.76436170935631"><ele>230.0</ele><time></time></trkpt>
<trkpt lat="33.45190767198801" lon="126.76436707377434"><ele>230.0</ele><time></time></trkpt>
<trkpt lat="33.451907420530915" lon="126.76436740905046"><ele>230.0</ele><time></time></trkpt>
<trkpt lat="33.45190666615963" lon="126.7643672414124"><ele>230.0</ele><time></time></trkpt>
<trkpt lat="33.45191630534828" lon="126.76436916925013"><ele>230.0</ele><time></time></trkpt>
<trkpt lat="33.45192527398467" lon="126.76438006572425"><ele>229.8</ele><time></time></trkpt>
<trkpt lat="33.451926447451115" lon="126.76438408903778"><ele>229.8</ele><time></time></trkpt>
<trkpt lat="33.45193298533559" lon="126.76438886672258"><ele>229.8</ele><time></time></trkpt>
<trkpt lat="33.45193197950721" lon="126.76438568159938"><ele>229.8</ele><time></time></trkpt>
<trkpt lat="33.451923094689846" lon="126.764350309968"><ele>229.6</ele><time></time></trkpt>
<trkpt lat="33.45191798172891" lon="126.76432700827718"><ele>229.8</ele><time></time></trkpt>
<trkpt lat="33.45191697590053" lon="126.76431770436466"><ele>230.0</ele><time></time></trkpt>
<trkpt lat="33.451911360025406" lon="126.76429599523544"><ele>230.4</ele><time></time></trkpt>
<trkpt lat="33.45191194675863" lon="126.76428166218102"><ele>230.8</ele><time></time></trkpt>
<trkpt lat="33.45191068947315" lon="126.76425710320473"><ele>231.6</ele><time></time></trkpt>
<trkpt lat="33.45192083157599" lon="126.76422910764813"><ele>232.4</ele><time></time></trkpt>
<trkpt lat="33.4519237652421" lon="126.7642118409276"><ele>232.6</ele><time></time></trkpt>
<trkpt lat="33.45193549990654" lon="126.76416683010757"><ele>233.2</ele><time></time></trkpt>
<trkpt lat="33.4519443847239" lon="126.76411863416433"><ele>233.8</ele><time></time></trkpt>
<trkpt lat="33.451949497684836" lon="126.76409943960607"><ele>234.2</ele><time></time></trkpt>
<trkpt lat="33.45195008441806" lon="126.76407136023045"><ele>235.0</ele><time></time></trkpt>
<trkpt lat="33.45193793065846" lon="126.76406214013696"><ele>235.2</ele><time></time></trkpt>
<trkpt lat="33.45191244967282" lon="126.76404219120741"><ele>235.8</ele><time></time></trkpt>
<trkpt lat="33.451896104961634" lon="126.76400790922344"><ele>236.4</ele><time></time></trkpt>
<trkpt lat="33.45188747160137" lon="126.76398896612227"><ele>236.8</ele><time></time></trkpt>
<trkpt lat="33.4518719650805" lon="126.76395107991993"><ele>237.8</ele><time></time></trkpt>
<trkpt lat="33.45186039805412" lon="126.76390414126217"><ele>238.6</ele><time></time></trkpt>
<trkpt lat="33.451860984787345" lon="126.76388243213296"><ele>239.0</ele><time></time></trkpt>
<trkpt lat="33.45185587182641" lon="126.76384404301643"><ele>239.8</ele><time></time></trkpt>
<trkpt lat="33.45185671001673" lon="126.76382618956268"><ele>240.2</ele><time></time></trkpt>
<trkpt lat="33.45185528509319" lon="126.763811185956"><ele>240.6</ele><time></time></trkpt>
<trkpt lat="33.45185536891222" lon="126.76378075964749"><ele>241.0</ele><time></time></trkpt>
<trkpt lat="33.45185989513993" lon="126.76376014016569"><ele>241.2</ele><time></time></trkpt>
<trkpt lat="33.451861906796694" lon="126.76372166723013"><ele>241.8</ele><time></time></trkpt>
<trkpt lat="33.4518545307219" lon="126.7636853735894"><ele>242.6</ele><time></time></trkpt>
<trkpt lat="33.45185352489352" lon="126.76367028616369"><ele>242.8</ele><time></time></trkpt>
<trkpt lat="33.451844220981" lon="126.76365067251027"><ele>243.2</ele><time></time></trkpt>
<trkpt lat="33.45183818601072" lon="126.76364555954933"><ele>243.4</ele><time></time></trkpt>
<trkpt lat="33.45181882381439" lon="126.76363164559007"><ele>243.8</ele><time></time></trkpt>
<trkpt lat="33.45180206000805" lon="126.76361320540309"><ele>244.2</ele><time></time></trkpt>
<trkpt lat="33.451798455789685" lon="126.76360675133765"><ele>244.4</ele><time></time></trkpt>
<trkpt lat="33.45178688876331" lon="126.76358479075134"><ele>244.8</ele><time></time></trkpt>
<trkpt lat="33.451782865449786" lon="126.76357858814299"><ele>245.0</ele><time></time></trkpt>
<trkpt lat="33.45177071169019" lon="126.76355830393732"><ele>245.6</ele><time></time></trkpt>
<trkpt lat="33.45175797119737" lon="126.76353542134166"><ele>246.2</ele><time></time></trkpt>
<trkpt lat="33.451750092208385" lon="126.76351706497371"><ele>246.6</ele><time></time></trkpt>
<trkpt lat="33.451742716133595" lon="126.76348680630326"><ele>247.4</ele><time></time></trkpt>
<trkpt lat="33.45173911191523" lon="126.76345084793866"><ele>248.0</ele><time></time></trkpt>
<trkpt lat="33.45173844136298" lon="126.76343693397939"><ele>248.2</ele><time></time></trkpt>
<trkpt lat="33.45173869282007" lon="126.76341891288757"><ele>248.8</ele><time></time></trkpt>
<trkpt lat="33.45174020156264" lon="126.7634105309844"><ele>249.0</ele><time></time></trkpt>
<trkpt lat="33.451729053631425" lon="126.76339745521545"><ele>249.6</ele><time></time></trkpt>
<trkpt lat="33.45171430148184" lon="126.76337029784918"><ele>250.2</ele><time></time></trkpt>
<trkpt lat="33.45170868560672" lon="126.763361915946"><ele>250.4</ele><time></time></trkpt>
<trkpt lat="33.451700722798705" lon="126.76333853043616"><ele>251.0</ele><time></time></trkpt>
<trkpt lat="33.451692424714565" lon="126.76331464201212"><ele>251.4</ele><time></time></trkpt>
<trkpt lat="33.4516853839159" lon="126.76330441609025"><ele>251.8</ele><time></time></trkpt>
<trkpt lat="33.45167364925146" lon="126.7632778454572"><ele>252.4</ele><time></time></trkpt>
<trkpt lat="33.45166862010956" lon="126.76327558234334"><ele>252.6</ele><time></time></trkpt>
<trkpt lat="33.45165311358869" lon="126.76325052045286"><ele>253.2</ele><time></time></trkpt>
<trkpt lat="33.4516457375139" lon="126.76323744468391"><ele>254.0</ele><time></time></trkpt>
<trkpt lat="33.451639199629426" lon="126.76320970058441"><ele>254.2</ele><time></time></trkpt>
<trkpt lat="33.451627967879176" lon="126.76317147910595"><ele>254.8</ele><time></time></trkpt>
<trkpt lat="33.45162386074662" lon="126.76316301338375"><ele>255.0</ele><time></time></trkpt>
<trkpt lat="33.4516283031553" lon="126.76313107833266"><ele>255.4</ele><time></time></trkpt>
<trkpt lat="33.45162897370756" lon="126.76310484297574"><ele>255.8</ele><time></time></trkpt>
<trkpt lat="33.45163308084011" lon="126.76307810470462"><ele>255.8</ele><time></time></trkpt>
<trkpt lat="33.45164146274328" lon="126.76304809749126"><ele>255.8</ele><time></time></trkpt>
<trkpt lat="33.45164909027517" lon="126.76302479580045"><ele>255.8</ele><time></time></trkpt>
<trkpt lat="33.4516507666558" lon="126.76300585269928"><ele>255.8</ele><time></time></trkpt>
<trkpt lat="33.45165705308318" lon="126.76298297010362"><ele>256.0</ele><time></time></trkpt>
<trkpt lat="33.451661579310894" lon="126.76296754740179"><ele>256.0</ele><time></time></trkpt>
<trkpt lat="33.45166786573827" lon="126.76292044110596"><ele>256.2</ele><time></time></trkpt>
<trkpt lat="33.451669793576" lon="126.76289470866323"><ele>256.4</ele><time></time></trkpt>
<trkpt lat="33.45167105086148" lon="126.76288364455104"><ele>256.2</ele><time></time></trkpt>
<trkpt lat="33.45167130231857" lon="126.76286579109728"><ele>255.8</ele><time></time></trkpt>
<trkpt lat="33.451669877395034" lon="126.76284911110997"><ele>255.2</ele><time></time></trkpt>
<trkpt lat="33.45167247578502" lon="126.76283377222717"><ele>255.0</ele><time></time></trkpt>
<trkpt lat="33.45167884603143" lon="126.7628077045083"><ele>254.4</ele><time></time></trkpt>
<trkpt lat="33.45168077386916" lon="126.76280007697642"><ele>254.0</ele><time></time></trkpt>
<trkpt lat="33.45168638974428" lon="126.76278314553201"><ele>253.4</ele><time></time></trkpt>
<trkpt lat="33.451690496876836" lon="126.76276319660246"><ele>253.2</ele><time></time></trkpt>
<trkpt lat="33.45169175416231" lon="126.76275514997542"><ele>253.0</ele><time></time></trkpt>
<trkpt lat="33.451694352552295" lon="126.76272824406624"><ele>253.2</ele><time></time></trkpt>
<trkpt lat="33.45169426873326" lon="126.76271399483085"><ele>253.2</ele><time></time></trkpt>
<trkpt lat="33.45169602893293" lon="126.76268926821649"><ele>253.6</ele><time></time></trkpt>
<trkpt lat="33.45168965868652" lon="126.76266588270664"><ele>254.0</ele><time></time></trkpt>
<trkpt lat="33.45168680883944" lon="126.76265515387058"><ele>254.2</ele><time></time></trkpt>
<trkpt lat="33.45168940722942" lon="126.76263243891299"><ele>254.6</ele><time></time></trkpt>
<trkpt lat="33.45170055516064" lon="126.76262103952467"><ele>254.8</ele><time></time></trkpt>
<trkpt lat="33.45171078108251" lon="126.76262305118144"><ele>255.0</ele><time></time></trkpt>
<trkpt lat="33.45173609443009" lon="126.76262388937175"><ele>255.2</ele><time></time></trkpt>
<trkpt lat="33.451744141057134" lon="126.76262187771499"><ele>255.6</ele><time></time></trkpt>
<trkpt lat="33.45176878385246" lon="126.76261894404888"><ele>256.0</ele><time></time></trkpt>
<trkpt lat="33.45179527066648" lon="126.76261500455439"><ele>256.6</ele><time></time></trkpt>
<trkpt lat="33.451805831864476" lon="126.76261559128761"><ele>257.0</ele><time></time></trkpt>
<trkpt lat="33.45182737335563" lon="126.76261542364955"><ele>257.6</ele><time></time></trkpt>
<trkpt lat="33.451850172132254" lon="126.76261517219245"><ele>258.0</ele><time></time></trkpt>
<trkpt lat="33.45185863785446" lon="126.76261517219245"><ele>258.2</ele><time></time></trkpt>
<trkpt lat="33.451885962858796" lon="126.76261399872601"><ele>258.4</ele><time></time></trkpt>
<trkpt lat="33.451896607875824" lon="126.76261248998344"><ele>258.6</ele><time></time></trkpt>
<trkpt lat="33.4519221726805" lon="126.76261181943119"><ele>258.8</ele><time></time></trkpt>
<trkpt lat="33.45194907858968" lon="126.76261114887893"><ele>259.2</ele><time></time></trkpt>
<trkpt lat="33.45196777023375" lon="126.76260813139379"><ele>259.2</ele><time></time></trkpt>
<trkpt lat="33.45200641080737" lon="126.76260335370898"><ele>259.4</ele><time></time></trkpt>
<trkpt lat="33.452040357515216" lon="126.76261031068861"><ele>259.8</ele><time></time></trkpt>
<trkpt lat="33.45205754041672" lon="126.76261282525957"><ele>259.8</ele><time></time></trkpt>
<trkpt lat="33.45208318904042" lon="126.76261022686958"><ele>259.8</ele><time></time></trkpt>
<trkpt lat="33.45209517516196" lon="126.76261274144053"><ele>259.6</ele><time></time></trkpt>
<trkpt lat="33.45211956650019" lon="126.76261986605823"><ele>259.8</ele><time></time></trkpt>
<trkpt lat="33.452141443267465" lon="126.76261944696307"><ele>260.0</ele><time></time></trkpt>
<trkpt lat="33.45215435139835" lon="126.76262036897242"><ele>260.2</ele><time></time></trkpt>
<trkpt lat="33.45218284986913" lon="126.76262388937175"><ele>260.4</ele><time></time></trkpt>
<trkpt lat="33.45219500362873" lon="126.7626266553998"><ele>260.6</ele><time></time></trkpt>
<trkpt lat="33.45222618430853" lon="126.76262573339045"><ele>261.0</ele><time></time></trkpt>
<trkpt lat="33.452271446585655" lon="126.76261969842017"><ele>261.6</ele><time></time></trkpt>
<trkpt lat="33.452291479334235" lon="126.76261240616441"><ele>261.8</ele><time></time></trkpt>
<trkpt lat="33.45233380794525" lon="126.76259513944387"><ele>262.2</ele><time></time></trkpt>
<trkpt lat="33.45237638801336" lon="126.76257661543787"><ele>262.6</ele><time></time></trkpt>
<trkpt lat="33.45240178517997" lon="126.76256286911666"><ele>262.8</ele><time></time></trkpt>
<trkpt lat="33.45243623480201" lon="126.7625365499407"><ele>263.0</ele><time></time></trkpt>
<trkpt lat="33.45245140604675" lon="126.76251978613436"><ele>263.4</ele><time></time></trkpt>
<trkpt lat="33.45248376019299" lon="126.76248039118946"><ele>263.4</ele><time></time></trkpt>
<trkpt lat="33.45252231694758" lon="126.76244116388261"><ele>263.6</ele><time></time></trkpt>
<trkpt lat="33.45254662446678" lon="126.76242020912468"><ele>263.4</ele><time></time></trkpt>
<trkpt lat="33.452587109059095" lon="126.76238844171166"><ele>263.6</ele><time></time></trkpt>
<trkpt lat="33.452622732147574" lon="126.76234980113804"><ele>263.8</ele><time></time></trkpt>
<trkpt lat="33.45264066942036" lon="126.76233127713203"><ele>264.0</ele><time></time></trkpt>
<trkpt lat="33.45266690477729" lon="126.76230470649898"><ele>264.2</ele><time></time></trkpt>
<trkpt lat="33.45267972908914" lon="126.76229288801551"><ele>264.4</ele><time></time></trkpt>
<trkpt lat="33.452701438218355" lon="126.76227687858045"><ele>264.4</ele><time></time></trkpt>
<trkpt lat="33.45271887257695" lon="126.76225458271801"><ele>264.2</ele><time></time></trkpt>
<trkpt lat="33.45273060724139" lon="126.76224033348262"><ele>264.0</ele><time></time></trkpt>
<trkpt lat="33.4527491312474" lon="126.76221686415374"><ele>263.8</ele><time></time></trkpt>
<trkpt lat="33.452755166217685" lon="126.76220487803221"><ele>263.8</ele><time></time></trkpt>
<trkpt lat="33.4527750313282" lon="126.76217084750533"><ele>263.8</ele><time></time></trkpt>
<trkpt lat="33.45280126668513" lon="126.76213606260717"><ele>263.6</ele><time></time></trkpt>
<trkpt lat="33.45280763693154" lon="126.7621208075434"><ele>263.6</ele><time></time></trkpt>
<trkpt lat="33.45281945541501" lon="126.76209172233939"><ele>263.4</ele><time></time></trkpt>
<trkpt lat="33.4528337046504" lon="126.76207051612437"><ele>263.4</ele><time></time></trkpt>
<trkpt lat="33.45284292474389" lon="126.76205618306994"><ele>263.4</ele><time></time></trkpt>
<trkpt lat="33.45286195166409" lon="126.76202349364758"><ele>263.2</ele><time></time></trkpt>
<trkpt lat="33.45287368632853" lon="126.76200538873672"><ele>263.2</ele><time></time></trkpt>
<trkpt lat="33.45288634300232" lon="126.76197102293372"><ele>263.2</ele><time></time></trkpt>
<trkpt lat="33.45289304852486" lon="126.76193883642554"><ele>263.2</ele><time></time></trkpt>
<trkpt lat="33.45289723947644" lon="126.76192458719015"><ele>263.2</ele><time></time></trkpt>
<trkpt lat="33.45290897414088" lon="126.76188309676945"><ele>263.2</ele><time></time></trkpt>
<trkpt lat="33.45290168188512" lon="126.76183557137847"><ele>263.2</ele><time></time></trkpt>
<trkpt lat="33.4528958145529" lon="126.76180967129767"><ele>263.2</ele><time></time></trkpt>
<trkpt lat="33.45289028249681" lon="126.7617563623935"><ele>263.2</ele><time></time></trkpt>
<trkpt lat="33.45288793556392" lon="126.7617251817137"><ele>263.2</ele><time></time></trkpt>
<trkpt lat="33.452886594459414" lon="126.76167623139918"><ele>263.0</ele><time></time></trkpt>
<trkpt lat="33.45288986340165" lon="126.76162635907531"><ele>262.4</ele><time></time></trkpt>
<trkpt lat="33.45289011485875" lon="126.76160087808967"><ele>262.2</ele><time></time></trkpt>
<trkpt lat="33.4528873488307" lon="126.76154849119484"><ele>261.6</ele><time></time></trkpt>
<trkpt lat="33.452887600287795" lon="126.76152292639017"><ele>261.4</ele><time></time></trkpt>
<trkpt lat="33.452887600287795" lon="126.7614767421037"><ele>261.0</ele><time></time></trkpt>
<trkpt lat="33.45289329998195" lon="126.76143080927432"><ele>260.6</ele><time></time></trkpt>
<trkpt lat="33.45289824530482" lon="126.76140524446964"><ele>260.2</ele><time></time></trkpt>
<trkpt lat="33.45290536992252" lon="126.76135746762156"><ele>259.6</ele><time></time></trkpt>
<trkpt lat="33.452908052131534" lon="126.7613023146987"><ele>258.8</ele><time></time></trkpt>
<trkpt lat="33.45291023142636" lon="126.7612777557224"><ele>258.6</ele><time></time></trkpt>
<trkpt lat="33.45291576348245" lon="126.76124003715813"><ele>258.2</ele><time></time></trkpt>
<trkpt lat="33.452918445691466" lon="126.76122603937984"><ele>257.8</ele><time></time></trkpt>
<trkpt lat="33.45292733050883" lon="126.76123240962625"><ele>258.0</ele><time></time></trkpt>
<trkpt lat="33.45293269492686" lon="126.7612293921411"><ele>258.0</ele><time></time></trkpt>
<trkpt lat="33.45293579623103" lon="126.7612296435982"><ele>258.0</ele><time></time></trkpt>
<trkpt lat="33.45293713733554" lon="126.76123039796948"><ele>258.0</ele><time></time></trkpt>
<trkpt lat="33.45293621532619" lon="126.76123266108334"><ele>258.0</ele><time></time></trkpt>
<trkpt lat="33.45293872989714" lon="126.76123224198818"><ele>258.0</ele><time></time></trkpt>
<trkpt lat="33.45292950980365" lon="126.76122746430337"><ele>258.0</ele><time></time></trkpt>
<trkpt lat="33.45292557030916" lon="126.7612275481224"><ele>258.0</ele><time></time></trkpt>
<trkpt lat="33.452931102365255" lon="126.76122360862792"><ele>258.0</ele><time></time></trkpt>
<trkpt lat="33.45292749814689" lon="126.76121966913342"><ele>258.0</ele><time></time></trkpt>
<trkpt lat="33.452917942777276" lon="126.76121556200087"><ele>258.0</ele><time></time></trkpt>
<trkpt lat="33.4529235586524" lon="126.7612069286406"><ele>258.2</ele><time></time></trkpt>
<trkpt lat="33.452922804281116" lon="126.7612074315548"><ele>258.2</ele><time></time></trkpt>
<trkpt lat="33.45292875543237" lon="126.76119418814778"><ele>257.6</ele><time></time></trkpt>
<trkpt lat="33.45293629914522" lon="126.76115663722157"><ele>257.6</ele><time></time></trkpt>
<trkpt lat="33.45293931663036" lon="126.76114750094712"><ele>257.6</ele><time></time></trkpt>
<trkpt lat="33.45295918174088" lon="126.7611117940396"><ele>257.2</ele><time></time></trkpt>
<trkpt lat="33.45297041349113" lon="126.76107659004629"><ele>256.2</ele><time></time></trkpt>
<trkpt lat="33.45297435298562" lon="126.76105513237417"><ele>255.8</ele><time></time></trkpt>
<trkpt lat="33.45299061387777" lon="126.7610015720129"><ele>254.8</ele><time></time></trkpt>
<trkpt lat="33.45299472101033" lon="126.76097575575113"><ele>254.6</ele><time></time></trkpt>
<trkpt lat="33.45300695858896" lon="126.76092001609504"><ele>254.4</ele><time></time></trkpt>
<trkpt lat="33.453020034357905" lon="126.76086394116282"><ele>254.4</ele><time></time></trkpt>
<trkpt lat="33.453027410432696" lon="126.76084374077618"><ele>254.6</ele><time></time></trkpt>
<trkpt lat="33.45304534770548" lon="126.76079059951007"><ele>254.4</ele><time></time></trkpt>
<trkpt lat="33.45305926166475" lon="126.76073997281492"><ele>254.2</ele><time></time></trkpt>
<trkpt lat="33.45306387171149" lon="126.76071440801024"><ele>254.2</ele><time></time></trkpt>
<trkpt lat="33.45308088697493" lon="126.7606669664383"><ele>254.0</ele><time></time></trkpt>
<trkpt lat="33.45309169963002" lon="126.76064567640424"><ele>253.8</ele><time></time></trkpt>
<trkpt lat="33.4531082957983" lon="126.7606130708009"><ele>253.2</ele><time></time></trkpt>
<trkpt lat="33.453121706843376" lon="126.76059102639556"><ele>252.8</ele><time></time></trkpt>
<trkpt lat="33.45313226804137" lon="126.7605768609792"><ele>252.4</ele><time></time></trkpt>
<trkpt lat="33.453155905008316" lon="126.76054509356618"><ele>252.0</ele><time></time></trkpt>
<trkpt lat="33.453176356852055" lon="126.76051575690508"><ele>251.6</ele><time></time></trkpt>
<trkpt lat="33.45318314619362" lon="126.76050519570708"><ele>251.4</ele><time></time></trkpt>
<trkpt lat="33.453198401257396" lon="126.7604751046747"><ele>251.2</ele><time></time></trkpt>
<trkpt lat="33.4532068669796" lon="126.76046160981059"><ele>251.2</ele><time></time></trkpt>
<trkpt lat="33.453217931091785" lon="126.76042850129306"><ele>251.0</ele><time></time></trkpt>
<trkpt lat="33.45323100686073" lon="126.76039363257587"><ele>251.0</ele><time></time></trkpt>
<trkpt lat="33.4532380476594" lon="126.76038114354014"><ele>251.0</ele><time></time></trkpt>
<trkpt lat="33.45325590111315" lon="126.76035029813647"><ele>250.8</ele><time></time></trkpt>
<trkpt lat="33.453266797587276" lon="126.76032951101661"><ele>250.8</ele><time></time></trkpt>
<trkpt lat="33.453289680182934" lon="126.76028885878623"><ele>250.2</ele><time></time></trkpt>
<trkpt lat="33.4533033426851" lon="126.76025667227805"><ele>249.6</ele><time></time></trkpt>
<trkpt lat="33.453308790922165" lon="126.76024141721427"><ele>249.4</ele><time></time></trkpt>
<trkpt lat="33.45331407152116" lon="126.7602140083909"><ele>249.0</ele><time></time></trkpt>
<trkpt lat="33.453324213624" lon="126.76019171252847"><ele>248.8</ele><time></time></trkpt>
<trkpt lat="33.45333142206073" lon="126.76018106751144"><ele>248.6</ele><time></time></trkpt>
<trkpt lat="33.453338630497456" lon="126.76016002893448"><ele>248.2</ele><time></time></trkpt>
<trkpt lat="33.45334131270647" lon="126.76015298813581"><ele>248.0</ele><time></time></trkpt>
<trkpt lat="33.45335145480931" lon="126.7601312790066"><ele>247.8</ele><time></time></trkpt>
<trkpt lat="33.45336872152984" lon="126.76010621711612"><ele>247.6</ele><time></time></trkpt>
<trkpt lat="33.45337852835655" lon="126.76010160706937"><ele>247.6</ele><time></time></trkpt>
<trkpt lat="33.45340283587575" lon="126.7600913811475"><ele>247.0</ele><time></time></trkpt>
<trkpt lat="33.45343963243067" lon="126.76008031703532"><ele>246.0</ele><time></time></trkpt>
<trkpt lat="33.45345354638994" lon="126.76007671281695"><ele>245.4</ele><time></time></trkpt>
<trkpt lat="33.453477434813976" lon="126.76006816327572"><ele>244.6</ele><time></time></trkpt>
<trkpt lat="33.453484643250704" lon="126.76006296649575"><ele>244.2</ele><time></time></trkpt>
<trkpt lat="33.45350702293217" lon="126.76005223765969"><ele>243.8</ele><time></time></trkpt>
<trkpt lat="33.453529654070735" lon="126.76003790460527"><ele>243.2</ele><time></time></trkpt>
<trkpt lat="33.453548764809966" lon="126.76002189517021"><ele>242.6</ele><time></time></trkpt>
<trkpt lat="33.45358950085938" lon="126.75999314524233"><ele>241.6</ele><time></time></trkpt>
<trkpt lat="33.45361498184502" lon="126.75998493097723"><ele>241.2</ele><time></time></trkpt>
<trkpt lat="33.453655717894435" lon="126.7599795665592"><ele>240.4</ele><time></time></trkpt>
<trkpt lat="33.453698297962546" lon="126.75997319631279"><ele>239.4</ele><time></time></trkpt>
<trkpt lat="33.453718749806285" lon="126.75997051410377"><ele>238.8</ele><time></time></trkpt>
<trkpt lat="33.45377038232982" lon="126.75995534285903"><ele>237.6</ele><time></time></trkpt>
<trkpt lat="33.45381774008274" lon="126.75993924960494"><ele>236.4</ele><time></time></trkpt>
<trkpt lat="33.45383835956454" lon="126.75993447192013"><ele>235.8</ele><time></time></trkpt>
<trkpt lat="33.4538974519819" lon="126.75994385965168"><ele>234.8</ele><time></time></trkpt>
<trkpt lat="33.45392318442464" lon="126.75993765704334"><ele>234.2</ele><time></time></trkpt>
<trkpt lat="33.45397439785302" lon="126.7599259223789"><ele>233.6</ele><time></time></trkpt>
<trkpt lat="33.454026617109776" lon="126.75992349162698"><ele>232.8</ele><time></time></trkpt>
<trkpt lat="33.454053942114115" lon="126.7599206417799"><ele>232.4</ele><time></time></trkpt>
<trkpt lat="33.45411429181695" lon="126.75990915857255"><ele>231.4</ele><time></time></trkpt>
<trkpt lat="33.454170702025294" lon="126.75988191738725"><ele>230.6</ele><time></time></trkpt>
<trkpt lat="33.45419936813414" lon="126.75986163318157"><ele>230.4</ele><time></time></trkpt>
<trkpt lat="33.45426667481661" lon="126.7598461266607"><ele>229.8</ele><time></time></trkpt>
<trkpt lat="33.454296346753836" lon="126.75984771922231"><ele>229.4</ele><time></time></trkpt>
<trkpt lat="33.45436457544565" lon="126.75985492765903"><ele>228.8</ele><time></time></trkpt>
<trkpt lat="33.45442836172879" lon="126.75985962152481"><ele>228.6</ele><time></time></trkpt>
<trkpt lat="33.4544416051358" lon="126.7598550952971"><ele>228.6</ele><time></time></trkpt>
<trkpt lat="33.45446800813079" lon="126.75982131622732"><ele>228.6</ele><time></time></trkpt>
<trkpt lat="33.454485861584544" lon="126.75980773754418"><ele>228.4</ele><time></time></trkpt>
<trkpt lat="33.45450581051409" lon="126.75980631262064"><ele>228.4</ele><time></time></trkpt>
<trkpt lat="33.45452173613012" lon="126.75982793793082"><ele>228.6</ele><time></time></trkpt>
<trkpt lat="33.45453456044197" lon="126.75983523018658"><ele>228.8</ele><time></time></trkpt>
<trkpt lat="33.45455643720925" lon="126.75984218716621"><ele>228.8</ele><time></time></trkpt>
<trkpt lat="33.454548474401236" lon="126.75983380526304"><ele>228.8</ele><time></time></trkpt>
<trkpt lat="33.45454285852611" lon="126.759831039235"><ele>228.8</ele><time></time></trkpt>
<trkpt lat="33.454533722251654" lon="126.75983204506338"><ele>228.8</ele><time></time></trkpt>
<trkpt lat="33.45452534034848" lon="126.7598255071789"><ele>228.8</ele><time></time></trkpt>
<trkpt lat="33.4545277711004" lon="126.75982257351279"><ele>228.6</ele><time></time></trkpt>
<trkpt lat="33.45454998314381" lon="126.75982802174985"><ele>228.4</ele><time></time></trkpt>
<trkpt lat="33.45456817187369" lon="126.75983162596822"><ele>228.6</ele><time></time></trkpt>
<trkpt lat="33.45458451658487" lon="126.75983992405236"><ele>228.6</ele><time></time></trkpt>
<trkpt lat="33.45461058430374" lon="126.75984310917556"><ele>228.6</ele><time></time></trkpt>
<trkpt lat="33.45462148077786" lon="126.75983908586204"><ele>228.6</ele><time></time></trkpt>
<trkpt lat="33.454636819660664" lon="126.75981821492314"><ele>228.6</ele><time></time></trkpt>
<trkpt lat="33.45464159734547" lon="126.75980631262064"><ele>228.6</ele><time></time></trkpt>
<trkpt lat="33.45464302226901" lon="126.75976859405637"><ele>229.0</ele><time></time></trkpt>
<trkpt lat="33.45463086850941" lon="126.75971754826605"><ele>229.4</ele><time></time></trkpt>
<trkpt lat="33.45462298952043" lon="126.75968762487173"><ele>229.6</ele><time></time></trkpt>
<trkpt lat="33.45460060983896" lon="126.75961428321898"><ele>229.8</ele><time></time></trkpt>
<trkpt lat="33.454573368653655" lon="126.75955812446773"><ele>230.2</ele><time></time></trkpt>
<trkpt lat="33.45455652102828" lon="126.75952761434019"><ele>230.2</ele><time></time></trkpt>
<trkpt lat="33.454540176317096" lon="126.75948780030012"><ele>230.4</ele><time></time></trkpt>
<trkpt lat="33.454530872404575" lon="126.75947723910213"><ele>230.6</ele><time></time></trkpt>
<trkpt lat="33.45452073030174" lon="126.75944689661264"><ele>230.8</ele><time></time></trkpt>
<trkpt lat="33.454514192417264" lon="126.75942040979862"><ele>231.0</ele><time></time></trkpt>
<trkpt lat="33.45450991764665" lon="126.75940825603902"><ele>231.2</ele><time></time></trkpt>
<trkpt lat="33.45450237393379" lon="126.75937632098794"><ele>231.2</ele><time></time></trkpt>
<trkpt lat="33.45449642278254" lon="126.75936123356223"><ele>231.2</ele><time></time></trkpt>
<trkpt lat="33.454485358670354" lon="126.75933172926307"><ele>231.2</ele><time></time></trkpt>
<trkpt lat="33.45447404310107" lon="126.75931571982801"><ele>231.2</ele><time></time></trkpt>
<trkpt lat="33.45447035506368" lon="126.75930976867676"><ele>231.4</ele><time></time></trkpt>
<trkpt lat="33.454463398084044" lon="126.75929501652718"><ele>231.6</ele><time></time></trkpt>
<trkpt lat="33.454454597085714" lon="126.75926894880831"><ele>231.8</ele><time></time></trkpt>
<trkpt lat="33.454450070858" lon="126.75925511866808"><ele>231.8</ele><time></time></trkpt>
<trkpt lat="33.454440934583545" lon="126.759236427024"><ele>232.0</ele><time></time></trkpt>
<trkpt lat="33.454433642327785" lon="126.75921899266541"><ele>232.2</ele><time></time></trkpt>
<trkpt lat="33.45442123711109" lon="126.7591883148998"><ele>232.4</ele><time></time></trkpt>
<trkpt lat="33.45441176556051" lon="126.759162414819"><ele>232.6</ele><time></time></trkpt>
<trkpt lat="33.45440682023764" lon="126.75914481282234"><ele>232.6</ele><time></time></trkpt>
<trkpt lat="33.45439659431577" lon="126.75910810008645"><ele>232.6</ele><time></time></trkpt>
<trkpt lat="33.45439634285867" lon="126.75907960161567"><ele>232.8</ele><time></time></trkpt>
<trkpt lat="33.45439760014415" lon="126.75907205790281"><ele>232.8</ele><time></time></trkpt>
<trkpt lat="33.45440447330475" lon="126.75906501710415"><ele>232.8</ele><time></time></trkpt>
<trkpt lat="33.45440598204732" lon="126.75906300544739"><ele>233.0</ele><time></time></trkpt>
<trkpt lat="33.45441687852144" lon="126.75906401127577"><ele>233.2</ele><time></time></trkpt>
<trkpt lat="33.45442106947303" lon="126.75904565490782"><ele>233.0</ele><time></time></trkpt>
<trkpt lat="33.45442157238722" lon="126.75904397852719"><ele>233.0</ele><time></time></trkpt>
<trkpt lat="33.45442458987236" lon="126.75903685390949"><ele>233.0</ele><time></time></trkpt>
<trkpt lat="33.45442852936685" lon="126.75903249531984"><ele>233.0</ele><time></time></trkpt>
<trkpt lat="33.4544310439378" lon="126.75901346839964"><ele>232.8</ele><time></time></trkpt>
<trkpt lat="33.45444554463029" lon="126.75900475122035"><ele>233.0</ele><time></time></trkpt>
<trkpt lat="33.45445082522929" lon="126.75900190137327"><ele>233.2</ele><time></time></trkpt>
<trkpt lat="33.4544759709388" lon="126.75900810398161"><ele>232.8</ele><time></time></trkpt>
<trkpt lat="33.45450329594314" lon="126.75902721472085"><ele>233.0</ele><time></time></trkpt>
<trkpt lat="33.45451142638922" lon="126.7590207606554"><ele>233.4</ele><time></time></trkpt>
<trkpt lat="33.454535733908415" lon="126.75901740789413"><ele>233.4</ele><time></time></trkpt>
<trkpt lat="33.454551408067346" lon="126.75901263020933"><ele>233.2</ele><time></time></trkpt>
<trkpt lat="33.45457320101559" lon="126.7590003926307"><ele>232.8</ele><time></time></trkpt>
<trkpt lat="33.45459507778287" lon="126.75899251364172"><ele>232.8</ele><time></time></trkpt>
<trkpt lat="33.45460639335215" lon="126.75898698158562"><ele>233.0</ele><time></time></trkpt>
<trkpt lat="33.454635897651315" lon="126.75897818058729"><ele>233.0</ele><time></time></trkpt>
<trkpt lat="33.454664312303066" lon="126.75896669737995"><ele>233.0</ele><time></time></trkpt>
<trkpt lat="33.45467763952911" lon="126.75896124914289"><ele>233.0</ele><time></time></trkpt>
<trkpt lat="33.45470353960991" lon="126.75895026884973"><ele>232.8</ele><time></time></trkpt>
<trkpt lat="33.45471644774079" lon="126.7589451558888"><ele>232.8</ele><time></time></trkpt>
<trkpt lat="33.45474888570607" lon="126.75893384031951"><ele>232.4</ele><time></time></trkpt>
<trkpt lat="33.45478040166199" lon="126.75891824997962"><ele>232.0</ele><time></time></trkpt>
<trkpt lat="33.45479590818286" lon="126.75891070626676"><ele>231.8</ele><time></time></trkpt>
<trkpt lat="33.45482381992042" lon="126.75890282727778"><ele>231.6</ele><time></time></trkpt>
<trkpt lat="33.454839158803225" lon="126.75889830105007"><ele>231.6</ele><time></time></trkpt>
<trkpt lat="33.454864639788866" lon="126.75889327190816"><ele>231.6</ele><time></time></trkpt>
<trkpt lat="33.4548922162503" lon="126.75888983532786"><ele>231.4</ele><time></time></trkpt>
<trkpt lat="33.4549043700099" lon="126.7588859796524"><ele>231.4</ele><time></time></trkpt>
<trkpt lat="33.45493068918586" lon="126.75887491554022"><ele>231.6</ele><time></time></trkpt>
<trkpt lat="33.45495927147567" lon="126.75886083394289"><ele>231.6</ele><time></time></trkpt>
<trkpt lat="33.454975029453635" lon="126.75885253585875"><ele>231.6</ele><time></time></trkpt>
<trkpt lat="33.45499439164996" lon="126.75883132964373"><ele>231.6</ele><time></time></trkpt>
<trkpt lat="33.45500369556248" lon="126.75881892442703"><ele>231.4</ele><time></time></trkpt>
<trkpt lat="33.455023393034935" lon="126.75878346897662"><ele>231.6</ele><time></time></trkpt>
<trkpt lat="33.45505004748702" lon="126.7587361112237"><ele>232.0</ele><time></time></trkpt>
<trkpt lat="33.45506035722792" lon="126.75871599465609"><ele>232.4</ele><time></time></trkpt>
<trkpt lat="33.455086424946785" lon="126.75867827609181"><ele>233.4</ele><time></time></trkpt>
<trkpt lat="33.45511794090271" lon="126.75863008014858"><ele>234.4</ele><time></time></trkpt>
<trkpt lat="33.45511886291206" lon="126.75861013121903"><ele>235.0</ele><time></time></trkpt>
<trkpt lat="33.4551493730396" lon="126.75857693888247"><ele>235.8</ele><time></time></trkpt>
<trkpt lat="33.4551668073982" lon="126.75856470130384"><ele>236.2</ele><time></time></trkpt>
<trkpt lat="33.45520628616214" lon="126.75854693166912"><ele>237.2</ele><time></time></trkpt>
<trkpt lat="33.4552394784987" lon="126.75852379761636"><ele>238.0</ele><time></time></trkpt>
<trkpt lat="33.45524735748768" lon="126.75850770436227"><ele>238.2</ele><time></time></trkpt>
<trkpt lat="33.45527099445462" lon="126.7584842350334"><ele>239.2</ele><time></time></trkpt>
<trkpt lat="33.45529002137482" lon="126.75847199745476"><ele>240.0</ele><time></time></trkpt>
<trkpt lat="33.45529915764928" lon="126.75846730358899"><ele>240.4</ele><time></time></trkpt>
<trkpt lat="33.45531541854143" lon="126.75845556892455"><ele>241.0</ele><time></time></trkpt>
<trkpt lat="33.45532262697816" lon="126.75844609737396"><ele>241.4</ele><time></time></trkpt>
<trkpt lat="33.45533687621355" lon="126.75843277014792"><ele>242.2</ele><time></time></trkpt>
<trkpt lat="33.45534333027899" lon="126.75842757336795"><ele>242.8</ele><time></time></trkpt>
<trkpt lat="33.455353640019894" lon="126.75842422060668"><ele>243.0</ele><time></time></trkpt>
<trkpt lat="33.45537543296814" lon="126.75840770825744"><ele>243.4</ele><time></time></trkpt>
<trkpt lat="33.45536855980754" lon="126.75841005519032"><ele>244.0</ele><time></time></trkpt>
<trkpt lat="33.45538725145161" lon="126.75838591530919"><ele>244.6</ele><time></time></trkpt>
<trkpt lat="33.45539253205061" lon="126.75837066024542"><ele>245.2</ele><time></time></trkpt>
<trkpt lat="33.455392364412546" lon="126.75836185924709"><ele>245.6</ele><time></time></trkpt>
<trkpt lat="33.455406948924065" lon="126.75833034329116"><ele>246.2</ele><time></time></trkpt>
<trkpt lat="33.45540979877114" lon="126.75831307657063"><ele>246.6</ele><time></time></trkpt>
<trkpt lat="33.455414324998856" lon="126.75830167718232"><ele>247.0</ele><time></time></trkpt>
<trkpt lat="33.45542865805328" lon="126.75827854312956"><ele>247.6</ele><time></time></trkpt>
<trkpt lat="33.45542983151972" lon="126.75827661529183"><ele>247.8</ele><time></time></trkpt>
<trkpt lat="33.455439638346434" lon="126.75825901329517"><ele>249.0</ele><time></time></trkpt>
<trkpt lat="33.4554638620466" lon="126.75823034718633"><ele>250.2</ele><time></time></trkpt>
<trkpt lat="33.455474926158786" lon="126.75822020508349"><ele>250.6</ele><time></time></trkpt>
<trkpt lat="33.45548330806196" lon="126.75819966942072"><ele>251.2</ele><time></time></trkpt>
<trkpt lat="33.45549227669835" lon="126.75818759948015"><ele>252.0</ele><time></time></trkpt>
<trkpt lat="33.45550795085728" lon="126.75817720592022"><ele>252.4</ele><time></time></trkpt>
<trkpt lat="33.455497892573476" lon="126.75817050039768"><ele>253.4</ele><time></time></trkpt>
<trkpt lat="33.455506609752774" lon="126.75815323367715"><ele>253.8</ele><time></time></trkpt>
<trkpt lat="33.455528570339084" lon="126.7581298481673"><ele>254.4</ele><time></time></trkpt>
<trkpt lat="33.45553368330002" lon="126.75812121480703"><ele>255.0</ele><time></time></trkpt>
<trkpt lat="33.45553963445127" lon="126.75811694003642"><ele>255.2</ele><time></time></trkpt>
<trkpt lat="33.455546759068966" lon="126.75810269080102"><ele>255.4</ele><time></time></trkpt>
<trkpt lat="33.455551536753774" lon="126.75809782929718"><ele>255.8</ele><time></time></trkpt>
<trkpt lat="33.45556410960853" lon="126.75808827392757"><ele>256.4</ele><time></time></trkpt>
<trkpt lat="33.45557182095945" lon="126.75807494670153"><ele>257.2</ele><time></time></trkpt>
<trkpt lat="33.455575928092" lon="126.7580677382648"><ele>257.4</ele><time></time></trkpt>
<trkpt lat="33.45558355562389" lon="126.75805323757231"><ele>258.0</ele><time></time></trkpt>
<trkpt lat="33.45559051260352" lon="126.75803504884243"><ele>258.8</ele><time></time></trkpt>
<trkpt lat="33.45559235662222" lon="126.75802725367248"><ele>259.0</ele><time></time></trkpt>
<trkpt lat="33.45559990033507" lon="126.7580088134855"><ele>259.6</ele><time></time></trkpt>
<trkpt lat="33.45560065470636" lon="126.7579982522875"><ele>259.8</ele><time></time></trkpt>
<trkpt lat="33.455610210075974" lon="126.75798115320504"><ele>260.4</ele><time></time></trkpt>
<trkpt lat="33.455620016902685" lon="126.7579694185406"><ele>261.0</ele><time></time></trkpt>
<trkpt lat="33.455614568665624" lon="126.75797008909285"><ele>261.6</ele><time></time></trkpt>
<trkpt lat="33.45561490394175" lon="126.75796841271222"><ele>261.6</ele><time></time></trkpt>
<trkpt lat="33.45562035217881" lon="126.75795760005713"><ele>261.6</ele><time></time></trkpt>
<trkpt lat="33.4556174185127" lon="126.7579485476017"><ele>261.8</ele><time></time></trkpt>
<trkpt lat="33.45561540685594" lon="126.75794226117432"><ele>262.0</ele><time></time></trkpt>
<trkpt lat="33.45561716705561" lon="126.75793262198567"><ele>262.2</ele><time></time></trkpt>
<trkpt lat="33.45562747679651" lon="126.75790605135262"><ele>262.6</ele><time></time></trkpt>
<trkpt lat="33.45562471076846" lon="126.75788979046047"><ele>263.0</ele><time></time></trkpt>
<trkpt lat="33.45562169328332" lon="126.75788903608918"><ele>263.2</ele><time></time></trkpt>
<trkpt lat="33.45563946291804" lon="126.75787344574928"><ele>264.0</ele><time></time></trkpt>
<trkpt lat="33.45564306713641" lon="126.75786389037967"><ele>264.4</ele><time></time></trkpt>
<trkpt lat="33.45564088784158" lon="126.75784980878234"><ele>265.0</ele><time></time></trkpt>
<trkpt lat="33.45565346069634" lon="126.75782918930054"><ele>265.4</ele><time></time></trkpt>
<trkpt lat="33.45566092059016" lon="126.7578190471977"><ele>265.8</ele><time></time></trkpt>
<trkpt lat="33.45566611737013" lon="126.75780781544745"><ele>266.6</ele><time></time></trkpt>
<trkpt lat="33.45568589866161" lon="126.75779080018401"><ele>267.4</ele><time></time></trkpt>
<trkpt lat="33.455684054642916" lon="126.75778535194695"><ele>267.6</ele><time></time></trkpt>
<trkpt lat="33.45569159835577" lon="126.75778149627149"><ele>268.4</ele><time></time></trkpt>
<trkpt lat="33.45570484176278" lon="126.75777110271156"><ele>268.6</ele><time></time></trkpt>
<trkpt lat="33.455704003572464" lon="126.7577674984932"><ele>269.2</ele><time></time></trkpt>
<trkpt lat="33.45571833662689" lon="126.75775157287717"><ele>269.8</ele><time></time></trkpt>
<trkpt lat="33.45572562888265" lon="126.75774302333593"><ele>270.0</ele><time></time></trkpt>
<trkpt lat="33.45573744736612" lon="126.75772089511156"><ele>271.0</ele><time></time></trkpt>
<trkpt lat="33.45573996193707" lon="126.757727349177"><ele>271.6</ele><time></time></trkpt>
<trkpt lat="33.45574633218348" lon="126.75772408023477"><ele>271.8</ele><time></time></trkpt>
<trkpt lat="33.4557453263551" lon="126.75773774273694"><ele>272.2</ele><time></time></trkpt>
<trkpt lat="33.45574473962188" lon="126.75774092786014"><ele>272.2</ele><time></time></trkpt>
<trkpt lat="33.45574155449867" lon="126.75773715600371"><ele>272.2</ele><time></time></trkpt>
<trkpt lat="33.45574490725994" lon="126.75774377770722"><ele>272.4</ele><time></time></trkpt>
<trkpt lat="33.45575152896345" lon="126.75775618292391"><ele>272.4</ele><time></time></trkpt>
<trkpt lat="33.455748511478305" lon="126.75775433890522"><ele>272.2</ele><time></time></trkpt>
<trkpt lat="33.45574147067964" lon="126.75771268084645"><ele>272.4</ele><time></time></trkpt>
<trkpt lat="33.45573375932872" lon="126.75769465975463"><ele>272.6</ele><time></time></trkpt>
<trkpt lat="33.45572588033974" lon="126.75763632170856"><ele>273.6</ele><time></time></trkpt>
<trkpt lat="33.45572034828365" lon="126.75759843550622"><ele>274.4</ele><time></time></trkpt>
<trkpt lat="33.455714816227555" lon="126.75753833726048"><ele>275.4</ele><time></time></trkpt>
<trkpt lat="33.455707440152764" lon="126.75748670473695"><ele>276.4</ele><time></time></trkpt>
<trkpt lat="33.45570760779083" lon="126.75745476968586"><ele>277.0</ele><time></time></trkpt>
<trkpt lat="33.4557003993541" lon="126.75740900449455"><ele>277.8</ele><time></time></trkpt>
<trkpt lat="33.45569780096412" lon="126.75739953294396"><ele>278.4</ele><time></time></trkpt>
<trkpt lat="33.4556900896132" lon="126.75736223347485"><ele>279.2</ele><time></time></trkpt>
<trkpt lat="33.45569394528866" lon="126.75733239389956"><ele>280.0</ele><time></time></trkpt>
<trkpt lat="33.45569930970669" lon="126.75732459872961"><ele>280.4</ele><time></time></trkpt>
<trkpt lat="33.45569838769734" lon="126.75730573944747"><ele>281.0</ele><time></time></trkpt>
<trkpt lat="33.45569738186896" lon="126.75729651935399"><ele>281.6</ele><time></time></trkpt>
<trkpt lat="33.45570132136345" lon="126.75727791152894"><ele>282.0</ele><time></time></trkpt>
<trkpt lat="33.45569796860218" lon="126.75723348744214"><ele>282.6</ele><time></time></trkpt>
<trkpt lat="33.45569176599383" lon="126.7572281230241"><ele>283.0</ele><time></time></trkpt>
<trkpt lat="33.45568975433707" lon="126.75721177831292"><ele>283.4</ele><time></time></trkpt>
<trkpt lat="33.455690927803516" lon="126.7571836989373"><ele>284.2</ele><time></time></trkpt>
<trkpt lat="33.45568715594709" lon="126.75716190598905"><ele>284.4</ele><time></time></trkpt>
<trkpt lat="33.45567651093006" lon="126.75715302117169"><ele>284.8</ele><time></time></trkpt>
<trkpt lat="33.455679612234235" lon="126.75711697898805"><ele>285.0</ele><time></time></trkpt>
<trkpt lat="33.45567969605327" lon="126.75710876472294"><ele>285.2</ele><time></time></trkpt>
<trkpt lat="33.45568330027163" lon="126.75707590766251"><ele>285.4</ele><time></time></trkpt>
<trkpt lat="33.45568539574742" lon="126.75706501118839"><ele>285.6</ele><time></time></trkpt>
<trkpt lat="33.45568950287998" lon="126.7570502590388"><ele>286.2</ele><time></time></trkpt>
<trkpt lat="33.45570073463023" lon="126.75700818188488"><ele>287.0</ele><time></time></trkpt>
<trkpt lat="33.455699225887656" lon="126.75699451938272"><ele>287.2</ele><time></time></trkpt>
<trkpt lat="33.455699225887656" lon="126.75697817467153"><ele>287.8</ele><time></time></trkpt>
<trkpt lat="33.45570920035243" lon="126.75697105005383"><ele>288.4</ele><time></time></trkpt>
<trkpt lat="33.45572328194976" lon="126.75693777389824"><ele>289.0</ele><time></time></trkpt>
<trkpt lat="33.45572479069233" lon="126.75691899843514"><ele>289.4</ele><time></time></trkpt>
<trkpt lat="33.45571900717914" lon="126.75691899843514"><ele>290.0</ele><time></time></trkpt>
<trkpt lat="33.45572026446462" lon="126.75690759904683"><ele>290.6</ele><time></time></trkpt>
<trkpt lat="33.45572395250201" lon="126.75688840448856"><ele>291.0</ele><time></time></trkpt>
<trkpt lat="33.455729987472296" lon="126.75687901675701"><ele>291.4</ele><time></time></trkpt>
<trkpt lat="33.455734848976135" lon="126.75686225295067"><ele>291.8</ele><time></time></trkpt>
<trkpt lat="33.455738201737404" lon="126.75685496069491"><ele>292.0</ele><time></time></trkpt>
<trkpt lat="33.45574096776545" lon="126.7568417172879"><ele>292.6</ele><time></time></trkpt>
<trkpt lat="33.45574792474508" lon="126.75682285800576"><ele>293.2</ele><time></time></trkpt>
<trkpt lat="33.455750439316034" lon="126.75681472755969"><ele>293.4</ele><time></time></trkpt>
<trkpt lat="33.455750355497" lon="126.75680877640843"><ele>294.0</ele><time></time></trkpt>
<trkpt lat="33.455755300819874" lon="126.7568160686642"><ele>294.4</ele><time></time></trkpt>
<trkpt lat="33.45575697720051" lon="126.75681355409324"><ele>294.4</ele><time></time></trkpt>
<trkpt lat="33.45575370825827" lon="126.75682503730059"><ele>294.4</ele><time></time></trkpt>
<trkpt lat="33.455752870067954" lon="126.7568263784051"><ele>294.4</ele><time></time></trkpt>
<trkpt lat="33.45575463026762" lon="126.75681455992162"><ele>294.4</ele><time></time></trkpt>
<trkpt lat="33.45575555227697" lon="126.75681145861745"><ele>294.4</ele><time></time></trkpt>
<trkpt lat="33.45575647428632" lon="126.75681129097939"><ele>294.4</ele><time></time></trkpt>
<trkpt lat="33.45575521700084" lon="126.75680877640843"><ele>294.4</ele><time></time></trkpt>
<trkpt lat="33.45575504936278" lon="126.75680886022747"><ele>294.2</ele><time></time></trkpt>
<trkpt lat="33.45575613901019" lon="126.75680634565651"><ele>294.2</ele><time></time></trkpt>
<trkpt lat="33.45576301217079" lon="126.75680626183748"><ele>294.4</ele><time></time></trkpt>
<trkpt lat="33.45576426945627" lon="126.75681070424616"><ele>294.4</ele><time></time></trkpt>
<trkpt lat="33.45575354062021" lon="126.75682302564383"><ele>294.4</ele><time></time></trkpt>
<trkpt lat="33.45575278624892" lon="126.75682042725384"><ele>294.4</ele><time></time></trkpt>
<trkpt lat="33.45575228333473" lon="126.75681908614933"><ele>294.6</ele><time></time></trkpt>
<trkpt lat="33.45575496554375" lon="126.75680886022747"><ele>294.6</ele><time></time></trkpt>
<trkpt lat="33.45575328916311" lon="126.7568121291697"><ele>294.6</ele><time></time></trkpt>
<trkpt lat="33.4557572286576" lon="126.75680517219007"><ele>294.4</ele><time></time></trkpt>
<trkpt lat="33.45575496554375" lon="126.75680886022747"><ele>294.4</ele><time></time></trkpt>
<trkpt lat="33.45575169660151" lon="126.75679570063949"><ele>294.4</ele><time></time></trkpt>
<trkpt lat="33.45574641600251" lon="126.75677575170994"><ele>294.4</ele><time></time></trkpt>
<trkpt lat="33.45574054867029" lon="126.75673417747021"><ele>294.4</ele><time></time></trkpt>
<trkpt lat="33.45573619008064" lon="126.75673275254667"><ele>294.4</ele><time></time></trkpt>
<trkpt lat="33.455752953886986" lon="126.7567433975637"><ele>294.4</ele><time></time></trkpt>
<trkpt lat="33.45575697720051" lon="126.75675647333264"><ele>294.4</ele><time></time></trkpt>
<trkpt lat="33.45576292835176" lon="126.75677021965384"><ele>294.4</ele><time></time></trkpt>
<trkpt lat="33.455765107646585" lon="126.7567814514041"><ele>294.4</ele><time></time></trkpt>
<trkpt lat="33.45576829276979" lon="126.75678170286119"><ele>294.4</ele><time></time></trkpt>
<trkpt lat="33.45576829276979" lon="126.75678530707955"><ele>294.6</ele><time></time></trkpt>
<trkpt lat="33.45577156171203" lon="126.75678421743214"><ele>294.6</ele><time></time></trkpt>
<trkpt lat="33.45577416010201" lon="126.75679352134466"><ele>294.8</ele><time></time></trkpt>
<trkpt lat="33.45577483065426" lon="126.75680299289525"><ele>294.8</ele><time></time></trkpt>
<trkpt lat="33.45577600412071" lon="126.75680575892329"><ele>294.8</ele><time></time></trkpt>
<trkpt lat="33.45577801577747" lon="126.75680777058005"><ele>294.8</ele><time></time></trkpt>
<trkpt lat="33.4557799436152" lon="126.75680357962847"><ele>294.8</ele><time></time></trkpt>
<trkpt lat="33.45577902160585" lon="126.75680299289525"><ele>294.8</ele><time></time></trkpt>
<trkpt lat="33.45577700994909" lon="126.7567983828485"><ele>294.6</ele><time></time></trkpt>
<trkpt lat="33.455775417387486" lon="126.75679561682045"><ele>294.6</ele><time></time></trkpt>
<trkpt lat="33.45576259307563" lon="126.75679318606853"><ele>294.2</ele><time></time></trkpt>
<trkpt lat="33.45576242543757" lon="126.75676066428423"><ele>294.2</ele><time></time></trkpt>
<trkpt lat="33.45575999468565" lon="126.75673509947956"><ele>294.2</ele><time></time></trkpt>
<trkpt lat="33.455746499821544" lon="126.75671121105552"><ele>294.4</ele><time></time></trkpt>
<trkpt lat="33.4557350166142" lon="126.75670467317104"><ele>294.6</ele><time></time></trkpt>
<trkpt lat="33.45573451370001" lon="126.75669302232563"><ele>294.8</ele><time></time></trkpt>
<trkpt lat="33.45573308877647" lon="126.75666812807322"><ele>295.4</ele><time></time></trkpt>
<trkpt lat="33.455732334405184" lon="126.75666318275034"><ele>295.6</ele><time></time></trkpt>
<trkpt lat="33.4557418897748" lon="126.75663719885051"><ele>296.2</ele><time></time></trkpt>
<trkpt lat="33.45575471408665" lon="126.75661582499743"><ele>296.6</ele><time></time></trkpt>
<trkpt lat="33.455760916695" lon="126.75660828128457"><ele>296.6</ele><time></time></trkpt>
<trkpt lat="33.45576879568398" lon="126.75659704953432"><ele>297.0</ele><time></time></trkpt>
<trkpt lat="33.45578161999583" lon="126.75657961517572"><ele>297.6</ele><time></time></trkpt>
<trkpt lat="33.45578505657613" lon="126.75657475367188"><ele>297.8</ele><time></time></trkpt>
<trkpt lat="33.45579863525927" lon="126.75656268373132"><ele>298.4</ele><time></time></trkpt>
<trkpt lat="33.455802826210856" lon="126.75655648112297"><ele>298.6</ele><time></time></trkpt>
<trkpt lat="33.45581313595176" lon="126.75654675811529"><ele>299.2</ele><time></time></trkpt>
<trkpt lat="33.45582260750234" lon="126.75653871148825"><ele>299.8</ele><time></time></trkpt>
<trkpt lat="33.45582612790167" lon="126.75653477199376"><ele>300.0</ele><time></time></trkpt>
<trkpt lat="33.455823697149754" lon="126.75652479752898"><ele>300.4</ele><time></time></trkpt>
<trkpt lat="33.45583375543356" lon="126.75652370788157"><ele>300.4</ele><time></time></trkpt>
<trkpt lat="33.45585479401052" lon="126.75651306286454"><ele>300.8</ele><time></time></trkpt>
<trkpt lat="33.455876586958766" lon="126.75650308839977"><ele>302.2</ele><time></time></trkpt>
<trkpt lat="33.4558920096606" lon="126.75649512559175"><ele>302.6</ele><time></time></trkpt>
<trkpt lat="33.45590466633439" lon="126.75648213364184"><ele>303.0</ele><time></time></trkpt>
<trkpt lat="33.455917071551085" lon="126.75646612420678"><ele>303.6</ele><time></time></trkpt>
<trkpt lat="33.455920089036226" lon="126.75646134652197"><ele>304.0</ele><time></time></trkpt>
<trkpt lat="33.45592997968197" lon="126.75643871538341"><ele>304.4</ele><time></time></trkpt>
<trkpt lat="33.455939618870616" lon="126.75642555579543"><ele>304.6</ele><time></time></trkpt>
<trkpt lat="33.45594112761319" lon="126.75641641952097"><ele>305.0</ele><time></time></trkpt>
<trkpt lat="33.45595881342888" lon="126.75640543922782"><ele>305.4</ele><time></time></trkpt>
<trkpt lat="33.45595730468631" lon="126.7564046010375"><ele>305.6</ele><time></time></trkpt>
<trkpt lat="33.45598043873906" lon="126.75639948807657"><ele>306.2</ele><time></time></trkpt>
<trkpt lat="33.4559921734035" lon="126.75639672204852"><ele>306.6</ele><time></time></trkpt>
<trkpt lat="33.45599804073572" lon="126.75639219582081"><ele>307.0</ele><time></time></trkpt>
<trkpt lat="33.45601254142821" lon="126.75637995824218"><ele>307.4</ele><time></time></trkpt>
<trkpt lat="33.45602125860751" lon="126.75637073814869"><ele>307.6</ele><time></time></trkpt>
<trkpt lat="33.45603408291936" lon="126.75635263323784"><ele>307.8</ele><time></time></trkpt>
<trkpt lat="33.45605017617345" lon="126.75632782280445"><ele>308.4</ele><time></time></trkpt>
<trkpt lat="33.45604489557445" lon="126.75631759688258"><ele>308.6</ele><time></time></trkpt>
<trkpt lat="33.45606040209532" lon="126.75629706121981"><ele>309.0</ele><time></time></trkpt>
<trkpt lat="33.45607657916844" lon="126.75627803429961"><ele>309.2</ele><time></time></trkpt>
<trkpt lat="33.45609082840383" lon="126.75625674426556"><ele>309.2</ele><time></time></trkpt>
<trkpt lat="33.45608931966126" lon="126.75624065101147"><ele>309.4</ele><time></time></trkpt>
<trkpt lat="33.45610155723989" lon="126.75623084418476"><ele>309.4</ele><time></time></trkpt>
<trkpt lat="33.45612502656877" lon="126.75620100460947"><ele>309.4</ele><time></time></trkpt>
<trkpt lat="33.456138437613845" lon="126.75615993328393"><ele>309.4</ele><time></time></trkpt>
<trkpt lat="33.45614145509899" lon="126.75613570958376"><ele>309.6</ele><time></time></trkpt>
<trkpt lat="33.456149417907" lon="126.7561057023704"><ele>309.8</ele><time></time></trkpt>
<trkpt lat="33.456155117601156" lon="126.75609639845788"><ele>309.8</ele><time></time></trkpt>
<trkpt lat="33.45616710372269" lon="126.7560710851103"><ele>309.8</ele><time></time></trkpt>
<trkpt lat="33.45616408623755" lon="126.75604828633368"><ele>309.4</ele><time></time></trkpt>
<trkpt lat="33.45616173930466" lon="126.75603990443051"><ele>309.4</ele><time></time></trkpt>
<trkpt lat="33.45616492442787" lon="126.7560248170048"><ele>309.0</ele><time></time></trkpt>
<trkpt lat="33.45616115257144" lon="126.75598852336407"><ele>309.0</ele><time></time></trkpt>
<trkpt lat="33.45616224221885" lon="126.75596949644387"><ele>309.0</ele><time></time></trkpt>
<trkpt lat="33.45618252642453" lon="126.75594996660948"><ele>308.8</ele><time></time></trkpt>
<trkpt lat="33.456191243603826" lon="126.75593747757375"><ele>308.8</ele><time></time></trkpt>
<trkpt lat="33.45620507374406" lon="126.75591057166457"><ele>308.6</ele><time></time></trkpt>
<trkpt lat="33.45621295273304" lon="126.75588056445122"><ele>308.2</ele><time></time></trkpt>
<trkpt lat="33.45621932297945" lon="126.75586639903486"><ele>308.0</ele><time></time></trkpt>
<trkpt lat="33.45622410066426" lon="126.75583731383085"><ele>307.8</ele><time></time></trkpt>
<trkpt lat="33.45622359775007" lon="126.75582247786224"><ele>307.8</ele><time></time></trkpt>
<trkpt lat="33.45622569322586" lon="126.75579607486725"><ele>307.8</ele><time></time></trkpt>
<trkpt lat="33.45622602850199" lon="126.75576590001583"><ele>307.8</ele><time></time></trkpt>
<trkpt lat="33.45622703433037" lon="126.75575056113303"><ele>307.8</ele><time></time></trkpt>
<trkpt lat="33.456230303272605" lon="126.75571594387293"><ele>308.0</ele><time></time></trkpt>
<trkpt lat="33.45623885281384" lon="126.75568342208862"><ele>308.2</ele><time></time></trkpt>
<trkpt lat="33.45624530687928" lon="126.75567034631968"><ele>308.2</ele><time></time></trkpt>
<trkpt lat="33.456262070685625" lon="126.75564126111567"><ele>308.2</ele><time></time></trkpt>
<trkpt lat="33.45626802183688" lon="126.7556278500706"><ele>308.4</ele><time></time></trkpt>
<trkpt lat="33.45628495328128" lon="126.75560086034238"><ele>308.6</ele><time></time></trkpt>
<trkpt lat="33.45630339346826" lon="126.75557630136609"><ele>308.8</ele><time></time></trkpt>
<trkpt lat="33.45631252974272" lon="126.7555623035878"><ele>309.0</ele><time></time></trkpt>
<trkpt lat="33.45632761716843" lon="126.75553942099214"><ele>309.0</ele><time></time></trkpt>
<trkpt lat="33.45634396187961" lon="126.75551762804389"><ele>309.2</ele><time></time></trkpt>
<trkpt lat="33.45635284669697" lon="126.7555036302656"><ele>309.2</ele><time></time></trkpt>
<trkpt lat="33.45636399462819" lon="126.75547865219414"><ele>309.6</ele><time></time></trkpt>
<trkpt lat="33.456370113417506" lon="126.75546674989164"><ele>309.6</ele><time></time></trkpt>
<trkpt lat="33.45638603903353" lon="126.75544646568596"><ele>309.8</ele><time></time></trkpt>
<trkpt lat="33.456405233591795" lon="126.75542743876576"><ele>310.0</ele><time></time></trkpt>
<trkpt lat="33.456412525847554" lon="126.75541939213872"><ele>310.2</ele><time></time></trkpt>
<trkpt lat="33.456421410664916" lon="126.75540698692203"><ele>310.4</ele><time></time></trkpt>
<trkpt lat="33.45644244924188" lon="126.75538351759315"><ele>311.0</ele><time></time></trkpt>
<trkpt lat="33.45645535737276" lon="126.7553688492626"><ele>311.2</ele><time></time></trkpt>
<trkpt lat="33.4564567822963" lon="126.75535342656076"><ele>311.4</ele><time></time></trkpt>
<trkpt lat="33.45645988360047" lon="126.75534018315375"><ele>311.6</ele><time></time></trkpt>
<trkpt lat="33.45648846589029" lon="126.75531889311969"><ele>311.8</ele><time></time></trkpt>
<trkpt lat="33.45650715753436" lon="126.75530615262687"><ele>312.2</ele><time></time></trkpt>
<trkpt lat="33.45651838928461" lon="126.75529886037111"><ele>312.4</ele><time></time></trkpt>
<trkpt lat="33.45653733238578" lon="126.75528662279248"><ele>313.0</ele><time></time></trkpt>
<trkpt lat="33.45654772594571" lon="126.75527731887996"><ele>313.0</ele><time></time></trkpt>
<trkpt lat="33.45656331628561" lon="126.75526809878647"><ele>313.2</ele><time></time></trkpt>
<trkpt lat="33.4565897192806" lon="126.75526776351035"><ele>313.6</ele><time></time></trkpt>
<trkpt lat="33.45660061575472" lon="126.75526508130133"><ele>313.8</ele><time></time></trkpt>
<trkpt lat="33.45662240870297" lon="126.7552597168833"><ele>314.2</ele><time></time></trkpt>
<trkpt lat="33.45664487220347" lon="126.7552560288459"><ele>314.6</ele><time></time></trkpt>
<trkpt lat="33.45665174536407" lon="126.7552546877414"><ele>314.8</ele><time></time></trkpt>
<trkpt lat="33.456668090075254" lon="126.75524739548564"><ele>315.2</ele><time></time></trkpt>
<trkpt lat="33.456679824739695" lon="126.75524429418147"><ele>315.4</ele><time></time></trkpt>
<trkpt lat="33.45669977366924" lon="126.75524043850601"><ele>316.2</ele><time></time></trkpt>
<trkpt lat="33.456719890236855" lon="126.75524018704891"><ele>317.0</ele><time></time></trkpt>
<trkpt lat="33.456730619072914" lon="126.75523842684925"><ele>317.4</ele><time></time></trkpt>
<trkpt lat="33.456750148907304" lon="126.75523549318314"><ele>317.8</ele><time></time></trkpt>
<trkpt lat="33.45677244476974" lon="126.7552372533828"><ele>318.0</ele><time></time></trkpt>
<trkpt lat="33.456781916320324" lon="126.75523792393506"><ele>318.0</ele><time></time></trkpt>
<trkpt lat="33.45680027268827" lon="126.75524387508631"><ele>318.2</ele><time></time></trkpt>
<trkpt lat="33.45680898986757" lon="126.75524630583823"><ele>318.4</ele><time></time></trkpt>
<trkpt lat="33.456824999302626" lon="126.75524991005659"><ele>318.8</ele><time></time></trkpt>
<trkpt lat="33.456841846928" lon="126.7552565317601"><ele>319.0</ele><time></time></trkpt>
<trkpt lat="33.45685207284987" lon="126.75525896251202"><ele>319.2</ele><time></time></trkpt>
<trkpt lat="33.45686464570463" lon="126.75526089034975"><ele>319.8</ele><time></time></trkpt>
<trkpt lat="33.456873362883925" lon="126.75526239909232"><ele>320.0</ele><time></time></trkpt>
<trkpt lat="33.45688761211932" lon="126.75526566803455"><ele>320.2</ele><time></time></trkpt>
<trkpt lat="33.45690445974469" lon="126.75527128390968"><ele>320.4</ele><time></time></trkpt>
<trkpt lat="33.456913428381085" lon="126.75527824088931"><ele>320.8</ele><time></time></trkpt>
<trkpt lat="33.45692968927324" lon="126.75528637133539"><ele>321.4</ele><time></time></trkpt>
<trkpt lat="33.45694553107023" lon="126.7552893050015"><ele>322.0</ele><time></time></trkpt>
<trkpt lat="33.4569525718689" lon="126.75529106520116"><ele>322.2</ele><time></time></trkpt>
<trkpt lat="33.45696698874235" lon="126.75529768690467"><ele>322.6</ele><time></time></trkpt>
<trkpt lat="33.45697654411197" lon="126.75529827363789"><ele>322.8</ele><time></time></trkpt>
<trkpt lat="33.45698953606188" lon="126.75530548207462"><ele>323.2</ele><time></time></trkpt>
<trkpt lat="33.45700202509761" lon="126.75530665554106"><ele>323.6</ele><time></time></trkpt>
<trkpt lat="33.457010993734" lon="126.75530757755041"><ele>324.0</ele><time></time></trkpt>
<trkpt lat="33.457026248797774" lon="126.75530707463622"><ele>324.4</ele><time></time></trkpt>
<trkpt lat="33.45703815110028" lon="126.75531109794974"><ele>325.0</ele><time></time></trkpt>
<trkpt lat="33.45704644918442" lon="126.75531260669231"><ele>325.2</ele><time></time></trkpt>
<trkpt lat="33.457061955705285" lon="126.75531931221485"><ele>325.6</ele><time></time></trkpt>
<trkpt lat="33.457069834694266" lon="126.7553183902055"><ele>325.8</ele><time></time></trkpt>
<trkpt lat="33.45708316192031" lon="126.7553220782429"><ele>326.2</ele><time></time></trkpt>
<trkpt lat="33.45709690824151" lon="126.75532559864223"><ele>326.6</ele><time></time></trkpt>
<trkpt lat="33.45710512250662" lon="126.7553268559277"><ele>326.8</ele><time></time></trkpt>
<trkpt lat="33.45712121576071" lon="126.75532819703221"><ele>327.2</ele><time></time></trkpt>
<trkpt lat="33.45713060349226" lon="126.75532903522253"><ele>327.6</ele><time></time></trkpt>
<trkpt lat="33.45714518800378" lon="126.7553326394409"><ele>328.0</ele><time></time></trkpt>
<trkpt lat="33.45716220326722" lon="126.755340853706"><ele>328.6</ele><time></time></trkpt>
<trkpt lat="33.4571666456759" lon="126.75534814596176"><ele>328.8</ele><time></time></trkpt>
<trkpt lat="33.45718231983483" lon="126.75535384565592"><ele>329.2</ele><time></time></trkpt>
<trkpt lat="33.45719707198441" lon="126.75535594113171"><ele>329.4</ele><time></time></trkpt>
<trkpt lat="33.45720402896404" lon="126.75535568967462"><ele>329.6</ele><time></time></trkpt>
<trkpt lat="33.45721509307623" lon="126.7553596291691"><ele>330.0</ele><time></time></trkpt>
<trkpt lat="33.457223726436496" lon="126.75536088645458"><ele>330.2</ele><time></time></trkpt>
<trkpt lat="33.45724007114768" lon="126.75536583177745"><ele>330.6</ele><time></time></trkpt>
<trkpt lat="33.45725750550628" lon="126.75536977127194"><ele>331.0</ele><time></time></trkpt>
<trkpt lat="33.45726513303816" lon="126.75536826252937"><ele>331.2</ele><time></time></trkpt>
<trkpt lat="33.45728357322514" lon="126.75536750815809"><ele>331.6</ele><time></time></trkpt>
<trkpt lat="33.457300923764706" lon="126.75536650232971"><ele>332.0</ele><time></time></trkpt>
<trkpt lat="33.45731031149626" lon="126.75536868162453"><ele>332.0</ele><time></time></trkpt>
<trkpt lat="33.45732506364584" lon="126.75536817871034"><ele>332.4</ele><time></time></trkpt>
<trkpt lat="33.45733059570193" lon="126.75537102855742"><ele>332.4</ele><time></time></trkpt>
<trkpt lat="33.45734559930861" lon="126.75537597388029"><ele>332.4</ele><time></time></trkpt>
<trkpt lat="33.45736160874367" lon="126.75538334995508"><ele>332.8</ele><time></time></trkpt>
<trkpt lat="33.457366302609444" lon="126.75538888201118"><ele>333.0</ele><time></time></trkpt>
<trkpt lat="33.45738273113966" lon="126.75539751537144"><ele>333.8</ele><time></time></trkpt>
<trkpt lat="33.45739488489926" lon="126.75540874712169"><ele>334.0</ele><time></time></trkpt>
<trkpt lat="33.45740091986954" lon="126.75541553646326"><ele>334.0</ele><time></time></trkpt>
<trkpt lat="33.457412738353014" lon="126.75542794167995"><ele>334.0</ele><time></time></trkpt>
<trkpt lat="33.45742070116103" lon="126.7554288636893"><ele>333.8</ele><time></time></trkpt>
<trkpt lat="33.45743788406253" lon="126.75544864498079"><ele>333.4</ele><time></time></trkpt>
<trkpt lat="33.45746277831495" lon="126.7554653249681"><ele>333.4</ele><time></time></trkpt>
<trkpt lat="33.45747350715101" lon="126.75547605380416"><ele>333.6</ele><time></time></trkpt>
<trkpt lat="33.457492869347334" lon="126.75548695027828"><ele>333.8</ele><time></time></trkpt>
<trkpt lat="33.45750058069825" lon="126.75548887811601"><ele>333.8</ele><time></time></trkpt>
<trkpt lat="33.45751089043915" lon="126.7555173765868"><ele>333.8</ele><time></time></trkpt>
<trkpt lat="33.457532515749335" lon="126.75554411485791"><ele>334.0</ele><time></time></trkpt>
<trkpt lat="33.45754492096603" lon="126.75555777736008"><ele>334.2</ele><time></time></trkpt>
<trkpt lat="33.457568138837814" lon="126.75556716509163"><ele>334.2</ele><time></time></trkpt>
<trkpt lat="33.45758171752095" lon="126.75556582398713"><ele>334.2</ele><time></time></trkpt>
<trkpt lat="33.4575929492712" lon="126.75557638518512"><ele>334.2</ele><time></time></trkpt>
<trkpt lat="33.457608204334974" lon="126.75559147261083"><ele>334.2</ele><time></time></trkpt>
<trkpt lat="33.45761189237237" lon="126.75559532828629"><ele>334.4</ele><time></time></trkpt>
<trkpt lat="33.45758800394833" lon="126.7555776424706"><ele>334.4</ele><time></time></trkpt>
<trkpt lat="33.45756973139942" lon="126.7555757984519"><ele>334.4</ele><time></time></trkpt>
<trkpt lat="33.45756344497204" lon="126.75557294860482"><ele>334.2</ele><time></time></trkpt>
<trkpt lat="33.457544753327966" lon="126.75555341877043"><ele>334.0</ele><time></time></trkpt>
<trkpt lat="33.45752941444516" lon="126.75554470159113"><ele>334.0</ele><time></time></trkpt>
<trkpt lat="33.457523211836815" lon="126.75554721616209"><ele>334.0</ele><time></time></trkpt>
<trkpt lat="33.457511980086565" lon="126.7555480543524"><ele>333.8</ele><time></time></trkpt>
<trkpt lat="33.45750485546887" lon="126.75553841516376"><ele>333.8</ele><time></time></trkpt>
<trkpt lat="33.457494881004095" lon="126.75551519729197"><ele>334.0</ele><time></time></trkpt>
<trkpt lat="33.457478284835815" lon="126.7554928176105"><ele>334.0</ele><time></time></trkpt>
<trkpt lat="33.45747065730393" lon="126.75548510625958"><ele>334.0</ele><time></time></trkpt>
<trkpt lat="33.45745255239308" lon="126.75547085702419"><ele>333.8</ele><time></time></trkpt>
<trkpt lat="33.45744039863348" lon="126.75546289421618"><ele>333.8</ele><time></time></trkpt>
<trkpt lat="33.45742120407522" lon="126.75544277764857"><ele>333.6</ele><time></time></trkpt>
<trkpt lat="33.457402512431145" lon="126.75542433746159"><ele>333.6</ele><time></time></trkpt>
<trkpt lat="33.45739111304283" lon="126.75541520118713"><ele>333.6</ele><time></time></trkpt>
<trkpt lat="33.457370828837156" lon="126.75540874712169"><ele>333.8</ele><time></time></trkpt>
<trkpt lat="33.45735775306821" lon="126.75540388561785"><ele>334.0</ele><time></time></trkpt>
<trkpt lat="33.45735892653465" lon="126.7553979344666"><ele>333.4</ele><time></time></trkpt>
<trkpt lat="33.45737501978874" lon="126.75540195778012"><ele>333.0</ele><time></time></trkpt>
<trkpt lat="33.45738667063415" lon="126.75540841184556"><ele>333.0</ele><time></time></trkpt>
<trkpt lat="33.457399494946" lon="126.75540380179882"><ele>333.0</ele><time></time></trkpt>
<trkpt lat="33.45741500146687" lon="126.75541587173939"><ele>333.2</ele><time></time></trkpt>
<trkpt lat="33.45742371864617" lon="126.75542131997645"><ele>333.2</ele><time></time></trkpt>
<trkpt lat="33.4574325196445" lon="126.75543246790767"><ele>333.2</ele><time></time></trkpt>
<trkpt lat="33.45744953490794" lon="126.75544520840049"><ele>333.2</ele><time></time></trkpt>
<trkpt lat="33.457452300935984" lon="126.75545166246593"><ele>333.4</ele><time></time></trkpt>
<trkpt lat="33.45746194012463" lon="126.75546054728329"><ele>333.8</ele><time></time></trkpt>
<trkpt lat="33.45746663399041" lon="126.75546180456877"><ele>334.0</ele><time></time></trkpt>
<trkpt lat="33.45746520906687" lon="126.75545669160783"><ele>334.6</ele><time></time></trkpt>
<trkpt lat="33.457451881840825" lon="126.75545928999782"><ele>333.8</ele><time></time></trkpt>
<trkpt lat="33.45745364204049" lon="126.75546356476843"><ele>333.2</ele><time></time></trkpt>
<trkpt lat="33.45745909027755" lon="126.75546306185424"><ele>333.2</ele><time></time></trkpt>
<trkpt lat="33.45746034756303" lon="126.75546985119581"><ele>333.2</ele><time></time></trkpt>
<trkpt lat="33.4574668854475" lon="126.75547370687127"><ele>333.4</ele><time></time></trkpt>
<trkpt lat="33.45747954212129" lon="126.75548720173538"><ele>333.4</ele><time></time></trkpt>
<trkpt lat="33.45747954212129" lon="126.75548845902085"><ele>333.4</ele><time></time></trkpt>
<trkpt lat="33.457484571263194" lon="126.75549717620015"><ele>333.4</ele><time></time></trkpt>
<trkpt lat="33.45749412663281" lon="126.7555084079504"><ele>333.4</ele><time></time></trkpt>
<trkpt lat="33.45749890431762" lon="126.75551109015942"><ele>333.4</ele><time></time></trkpt>
<trkpt lat="33.45751231536269" lon="126.75553514622152"><ele>333.6</ele><time></time></trkpt>
<trkpt lat="33.457524636760354" lon="126.75554780289531"><ele>333.8</ele><time></time></trkpt>
<trkpt lat="33.45754257403314" lon="126.75555819645524"><ele>334.0</ele><time></time></trkpt>
<trkpt lat="33.45756294205785" lon="126.75556741654873"><ele>334.2</ele><time></time></trkpt>
<trkpt lat="33.457573922351" lon="126.75557227805257"><ele>334.2</ele><time></time></trkpt>
<trkpt lat="33.45759538002312" lon="126.75558853894472"><ele>334.2</ele><time></time></trkpt>
<trkpt lat="33.457607198506594" lon="126.75560303963721"><ele>334.0</ele><time></time></trkpt>
<trkpt lat="33.4576156642288" lon="126.75561645068228"><ele>334.0</ele><time></time></trkpt>
<trkpt lat="33.45763351768255" lon="126.7556376568973"><ele>334.4</ele><time></time></trkpt>
<trkpt lat="33.45764466561377" lon="126.7556482180953"><ele>334.6</ele><time></time></trkpt>
<trkpt lat="33.45768146216869" lon="126.75568325445056"><ele>334.6</ele><time></time></trkpt>
<trkpt lat="33.45773166976869" lon="126.75572549924254"><ele>334.4</ele><time></time></trkpt>
<trkpt lat="33.45775061286986" lon="126.75576481036842"><ele>334.4</ele><time></time></trkpt>
<trkpt lat="33.457790426909924" lon="126.75581837072968"><ele>334.6</ele><time></time></trkpt>
<trkpt lat="33.4578107111156" lon="126.7558347992599"><ele>334.8</ele><time></time></trkpt>
<trkpt lat="33.457848597317934" lon="126.7558847554028"><ele>334.8</ele><time></time></trkpt>
<trkpt lat="33.45787919126451" lon="126.75593253225088"><ele>334.8</ele><time></time></trkpt>
<trkpt lat="33.457885812968016" lon="126.75594544038177"><ele>334.8</ele><time></time></trkpt>
<trkpt lat="33.457886232063174" lon="126.75595826469362"><ele>334.8</ele><time></time></trkpt>
<trkpt lat="33.45788162201643" lon="126.75596673041582"><ele>334.6</ele><time></time></trkpt>
<trkpt lat="33.457882376387715" lon="126.75596513785422"><ele>334.8</ele><time></time></trkpt>
<trkpt lat="33.45787768252194" lon="126.75596346147358"><ele>335.0</ele><time></time></trkpt>
<trkpt lat="33.457874078303576" lon="126.75596362911165"><ele>335.0</ele><time></time></trkpt>
<trkpt lat="33.45789084210992" lon="126.7559709213674"><ele>334.8</ele><time></time></trkpt>
<trkpt lat="33.45790911465883" lon="126.75598760135472"><ele>334.6</ele><time></time></trkpt>
<trkpt lat="33.45791925676167" lon="126.75599673762918"><ele>334.8</ele><time></time></trkpt>
<trkpt lat="33.45793484710157" lon="126.75601526163518"><ele>335.0</ele><time></time></trkpt>
<trkpt lat="33.457951191812754" lon="126.75603277981281"><ele>335.0</ele><time></time></trkpt>
<trkpt lat="33.457959992811084" lon="126.7560417484492"><ele>335.0</ele><time></time></trkpt>
<trkpt lat="33.457981115207076" lon="126.75605951808393"><ele>334.8</ele><time></time></trkpt>
<trkpt lat="33.45799268223345" lon="126.75607041455805"><ele>334.8</ele><time></time></trkpt>
<trkpt lat="33.458012295886874" lon="126.75608826801181"><ele>334.6</ele><time></time></trkpt>
<trkpt lat="33.458042135462165" lon="126.75611659884453"><ele>334.6</ele><time></time></trkpt>
<trkpt lat="33.45805462449789" lon="126.7561352904886"><ele>334.4</ele><time></time></trkpt>
<trkpt lat="33.458070466294885" lon="126.75615859217942"><ele>334.4</ele><time></time></trkpt>
<trkpt lat="33.45808052457869" lon="126.75617669709027"><ele>334.2</ele><time></time></trkpt>
<trkpt lat="33.45808731392026" lon="126.75619279034436"><ele>334.2</ele><time></time></trkpt>
<trkpt lat="33.45809460617602" lon="126.75621248781681"><ele>334.0</ele><time></time></trkpt>
<trkpt lat="33.45809770748019" lon="126.7562253959477"><ele>334.0</ele><time></time></trkpt>
<trkpt lat="33.45809527672827" lon="126.7562352027744"><ele>333.8</ele><time></time></trkpt>
<trkpt lat="33.45809821039438" lon="126.75624534487724"><ele>333.6</ele><time></time></trkpt>
<trkpt lat="33.45809997059405" lon="126.75625221803784"><ele>333.4</ele><time></time></trkpt>
<trkpt lat="33.458106089383364" lon="126.75626311451197"><ele>333.2</ele><time></time></trkpt>
<trkpt lat="33.458110112696886" lon="126.75627359189093"><ele>333.2</ele><time></time></trkpt>
<trkpt lat="33.4581231046468" lon="126.75629337318242"><ele>332.8</ele><time></time></trkpt>
<trkpt lat="33.45813148654997" lon="126.7563147470355"><ele>332.6</ele><time></time></trkpt>
<trkpt lat="33.45813509076834" lon="126.7563221231103"><ele>332.4</ele><time></time></trkpt>
<trkpt lat="33.4581405390054" lon="126.75634240731597"><ele>332.0</ele><time></time></trkpt>
<trkpt lat="33.458151603117585" lon="126.75636688247323"><ele>331.6</ele><time></time></trkpt>
<trkpt lat="33.45815462060273" lon="126.75637409090996"><ele>331.4</ele><time></time></trkpt>
<trkpt lat="33.45815487205982" lon="126.75638222135603"><ele>330.8</ele><time></time></trkpt>
<trkpt lat="33.45815822482109" lon="126.75640200264752"><ele>330.6</ele><time></time></trkpt>
<trkpt lat="33.45816451124847" lon="126.75642144866288"><ele>330.4</ele><time></time></trkpt>
<trkpt lat="33.45816995948553" lon="126.7564373742789"><ele>330.2</ele><time></time></trkpt>
<trkpt lat="33.45817289315164" lon="126.75644684582949"><ele>330.0</ele><time></time></trkpt>
<trkpt lat="33.45817876048386" lon="126.75645908340812"><ele>329.2</ele><time></time></trkpt>
<trkpt lat="33.4581854660064" lon="126.75647215917706"><ele>328.8</ele><time></time></trkpt>
<trkpt lat="33.45818806439638" lon="126.7564804572612"><ele>328.6</ele><time></time></trkpt>
<trkpt lat="33.45819468609989" lon="126.75649185664952"><ele>328.2</ele><time></time></trkpt>
<trkpt lat="33.45819829031825" lon="126.75649856217206"><ele>327.8</ele><time></time></trkpt>
<trkpt lat="33.45820885151625" lon="126.75651415251195"><ele>327.2</ele><time></time></trkpt>
<trkpt lat="33.45821279101074" lon="126.75652043893933"><ele>327.0</ele><time></time></trkpt>
<trkpt lat="33.4582145512104" lon="126.75652362406254"><ele>327.0</ele><time></time></trkpt>
<trkpt lat="33.45821932889521" lon="126.75653493963182"><ele>326.6</ele><time></time></trkpt>
<trkpt lat="33.45822209492326" lon="126.75654130987823"><ele>326.4</ele><time></time></trkpt>
<trkpt lat="33.458229722455144" lon="126.75655514001846"><ele>326.0</ele><time></time></trkpt>
<trkpt lat="33.45823751762509" lon="126.75656109116971"><ele>325.8</ele><time></time></trkpt>
<trkpt lat="33.45824028365314" lon="126.75656645558774"><ele>325.6</ele><time></time></trkpt>
<trkpt lat="33.4582441393286" lon="126.75657760351896"><ele>325.2</ele><time></time></trkpt>
<trkpt lat="33.45824581570923" lon="126.7565792798996"><ele>324.8</ele><time></time></trkpt>
<trkpt lat="33.458245480433106" lon="126.75657827407122"><ele>324.6</ele><time></time></trkpt>
<trkpt lat="33.45824707299471" lon="126.75658053718507"><ele>324.8</ele><time></time></trkpt>
<trkpt lat="33.45824799500406" lon="126.75658581778407"><ele>324.6</ele><time></time></trkpt>
<trkpt lat="33.45825478434563" lon="126.75659654662013"><ele>324.2</ele><time></time></trkpt>
<trkpt lat="33.458263920620084" lon="126.75661096349359"><ele>323.4</ele><time></time></trkpt>
<trkpt lat="33.45826769247651" lon="126.75661649554968"><ele>323.2</ele><time></time></trkpt>
<trkpt lat="33.4582734759897" lon="126.75662755966187"><ele>322.8</ele><time></time></trkpt>
<trkpt lat="33.45828479155898" lon="126.75663812085986"><ele>322.2</ele><time></time></trkpt>
<trkpt lat="33.45829023979604" lon="126.75664549693465"><ele>322.0</ele><time></time></trkpt>
<trkpt lat="33.45829803496599" lon="126.75665287300944"><ele>321.6</ele><time></time></trkpt>
<trkpt lat="33.458301639184356" lon="126.7566564772278"><ele>321.4</ele><time></time></trkpt>
<trkpt lat="33.458309853449464" lon="126.75666309893131"><ele>321.2</ele><time></time></trkpt>
<trkpt lat="33.4583147149533" lon="126.75667223520577"><ele>320.4</ele><time></time></trkpt>
<trkpt lat="33.458316726610065" lon="126.7566760070622"><ele>320.2</ele><time></time></trkpt>
<trkpt lat="33.45832728780806" lon="126.75669025629759"><ele>320.2</ele><time></time></trkpt>
<trkpt lat="33.458331897854805" lon="126.75669620744884"><ele>320.2</ele><time></time></trkpt>
<trkpt lat="33.45833608880639" lon="126.75670232623816"><ele>320.2</ele><time></time></trkpt>
<trkpt lat="33.45833860337734" lon="126.75670433789492"><ele>319.8</ele><time></time></trkpt>
<trkpt lat="33.458339190110564" lon="126.75670492462814"><ele>319.8</ele><time></time></trkpt>
<trkpt lat="33.45834195613861" lon="126.75670743919909"><ele>320.0</ele><time></time></trkpt>
<trkpt lat="33.45834673382342" lon="126.75671163015068"><ele>319.4</ele><time></time></trkpt>
<trkpt lat="33.45834371633828" lon="126.75672202371061"><ele>319.2</ele><time></time></trkpt>
<trkpt lat="33.45835167914629" lon="126.75672789104283"><ele>319.0</ele><time></time></trkpt>
<trkpt lat="33.45835670828819" lon="126.75673535093665"><ele>318.8</ele><time></time></trkpt>
<trkpt lat="33.45836576074362" lon="126.7567449901253"><ele>318.6</ele><time></time></trkpt>
<trkpt lat="33.45836743712425" lon="126.75675479695201"><ele>318.2</ele><time></time></trkpt>
<trkpt lat="33.45837070606649" lon="126.75675840117037"><ele>318.0</ele><time></time></trkpt>
<trkpt lat="33.45837799832225" lon="126.75676393322647"><ele>317.6</ele><time></time></trkpt>
<trkpt lat="33.45838688313961" lon="126.7567780148238"><ele>317.2</ele><time></time></trkpt>
<trkpt lat="33.45839325338602" lon="126.756781199947"><ele>317.2</ele><time></time></trkpt>
<trkpt lat="33.45839895308018" lon="126.75679159350693"><ele>316.6</ele><time></time></trkpt>
<trkpt lat="33.45840146765113" lon="126.75679804757237"><ele>316.2</ele><time></time></trkpt>
<trkpt lat="33.45840649679303" lon="126.75681087188423"><ele>315.8</ele><time></time></trkpt>
<trkpt lat="33.45841127447784" lon="126.75682319328189"><ele>315.4</ele><time></time></trkpt>
<trkpt lat="33.45841286703944" lon="126.7568298149854"><ele>315.2</ele><time></time></trkpt>
<trkpt lat="33.45841244794428" lon="126.75684565678239"><ele>314.6</ele><time></time></trkpt>
<trkpt lat="33.45841278322041" lon="126.7568568047136"><ele>314.4</ele><time></time></trkpt>
<trkpt lat="33.458414962515235" lon="126.75686107948422"><ele>314.2</ele><time></time></trkpt>
<trkpt lat="33.45841957256198" lon="126.75687172450125"><ele>313.8</ele><time></time></trkpt>
<trkpt lat="33.45842443406582" lon="126.75687524490058"><ele>313.8</ele><time></time></trkpt>
<trkpt lat="33.458426194265485" lon="126.75688044168055"><ele>313.4</ele><time></time></trkpt>
<trkpt lat="33.45843189395964" lon="126.75689158961177"><ele>313.2</ele><time></time></trkpt>
<trkpt lat="33.4584323130548" lon="126.7569019831717"><ele>312.8</ele><time></time></trkpt>
<trkpt lat="33.458437509834766" lon="126.75691799260676"><ele>312.4</ele><time></time></trkpt>
<trkpt lat="33.458434576168656" lon="126.75692050717771"><ele>312.2</ele><time></time></trkpt>
<trkpt lat="33.45844010822475" lon="126.7569334153086"><ele>312.0</ele><time></time></trkpt>
<trkpt lat="33.45844312570989" lon="126.75694221630692"><ele>311.6</ele><time></time></trkpt>
<trkpt lat="33.4584463108331" lon="126.75694632343948"><ele>311.4</ele><time></time></trkpt>
<trkpt lat="33.458447735756636" lon="126.75695579499006"><ele>311.0</ele><time></time></trkpt>
<trkpt lat="33.458447232842445" lon="126.75697163678706"><ele>310.6</ele><time></time></trkpt>
<trkpt lat="33.45845175907016" lon="126.75698412582278"><ele>310.4</ele><time></time></trkpt>
<trkpt lat="33.458451172336936" lon="126.75699451938272"><ele>310.0</ele><time></time></trkpt>
<trkpt lat="33.45844983123243" lon="126.75700013525784"><ele>310.0</ele><time></time></trkpt>
<trkpt lat="33.458449663594365" lon="126.75700834952295"><ele>309.8</ele><time></time></trkpt>
<trkpt lat="33.458447651937604" lon="126.75701505504549"><ele>309.4</ele><time></time></trkpt>
<trkpt lat="33.458445807918906" lon="126.75702075473964"><ele>309.2</ele><time></time></trkpt>
<trkpt lat="33.45844195224345" lon="126.75703978165984"><ele>308.6</ele><time></time></trkpt>
<trkpt lat="33.45844698138535" lon="126.7570536956191"><ele>308.2</ele><time></time></trkpt>
<trkpt lat="33.45844840630889" lon="126.75705864094198"><ele>308.0</ele><time></time></trkpt>
<trkpt lat="33.45844564028084" lon="126.7570679448545"><ele>307.2</ele><time></time></trkpt>
<trkpt lat="33.458442874252796" lon="126.7570766620338"><ele>307.0</ele><time></time></trkpt>
<trkpt lat="33.45844371244311" lon="126.75708789378405"><ele>306.8</ele><time></time></trkpt>
<trkpt lat="33.45843809656799" lon="126.75709811970592"><ele>306.6</ele><time></time></trkpt>
<trkpt lat="33.458442790433764" lon="126.75710239447653"><ele>306.2</ele><time></time></trkpt>
<trkpt lat="33.45844111405313" lon="126.75711622461677"><ele>305.8</ele><time></time></trkpt>
<trkpt lat="33.45844019204378" lon="126.75712544471025"><ele>305.6</ele><time></time></trkpt>
<trkpt lat="33.4584357496351" lon="126.75713424570858"><ele>305.2</ele><time></time></trkpt>
<trkpt lat="33.45843248069286" lon="126.75714832730591"><ele>304.8</ele><time></time></trkpt>
<trkpt lat="33.45842996612191" lon="126.75715494900942"><ele>304.6</ele><time></time></trkpt>
<trkpt lat="33.45843080431223" lon="126.75716090016067"><ele>304.2</ele><time></time></trkpt>
<trkpt lat="33.458430636674166" lon="126.75717305392027"><ele>303.6</ele><time></time></trkpt>
<trkpt lat="33.45843214541674" lon="126.75717925652862"><ele>303.2</ele><time></time></trkpt>
<trkpt lat="33.458434492349625" lon="126.75719124265015"><ele>302.8</ele><time></time></trkpt>
<trkpt lat="33.45843516290188" lon="126.75719736143947"><ele>302.6</ele><time></time></trkpt>
<trkpt lat="33.45843608491123" lon="126.75720926374197"><ele>302.4</ele><time></time></trkpt>
<trkpt lat="33.458437928929925" lon="126.75722351297736"><ele>302.0</ele><time></time></trkpt>
<trkpt lat="33.458443293347955" lon="126.75722686573863"><ele>301.8</ele><time></time></trkpt>
<trkpt lat="33.45844647847116" lon="126.75723692402244"><ele>301.6</ele><time></time></trkpt>
<trkpt lat="33.45844698138535" lon="126.75724932923913"><ele>301.0</ele><time></time></trkpt>
<trkpt lat="33.45844840630889" lon="126.75725435838103"><ele>300.8</ele><time></time></trkpt>
<trkpt lat="33.458455950021744" lon="126.75726575776935"><ele>300.4</ele><time></time></trkpt>
<trkpt lat="33.45845335163176" lon="126.75727380439639"><ele>300.2</ele><time></time></trkpt>
<trkpt lat="33.458450082689524" lon="126.75728319212794"><ele>300.0</ele><time></time></trkpt>
<trkpt lat="33.45844597555697" lon="126.75729190930724"><ele>299.6</ele><time></time></trkpt>
<trkpt lat="33.458444215357304" lon="126.7572957649827"><ele>299.4</ele><time></time></trkpt>
<trkpt lat="33.45843876712024" lon="126.75730993039906"><ele>299.0</ele><time></time></trkpt>
<trkpt lat="33.45844069495797" lon="126.75731671974063"><ele>298.8</ele><time></time></trkpt>
<trkpt lat="33.45844170078635" lon="126.75732837058604"><ele>298.2</ele><time></time></trkpt>
<trkpt lat="33.45843968912959" lon="126.75734211690724"><ele>297.8</ele><time></time></trkpt>
<trkpt lat="33.45843818038702" lon="126.75734899006784"><ele>297.6</ele><time></time></trkpt>
<trkpt lat="33.45843432471156" lon="126.75736784934998"><ele>296.8</ele><time></time></trkpt>
<trkpt lat="33.45843130722642" lon="126.75738268531859"><ele>296.6</ele><time></time></trkpt>
<trkpt lat="33.45843021757901" lon="126.75739022903144"><ele>296.4</ele><time></time></trkpt>
<trkpt lat="33.45842678099871" lon="126.75740079022944"><ele>296.2</ele><time></time></trkpt>
<trkpt lat="33.458424266427755" lon="126.75740816630423"><ele>296.0</ele><time></time></trkpt>
<trkpt lat="33.458422841504216" lon="126.75742476247251"><ele>295.4</ele><time></time></trkpt>
<trkpt lat="33.458418902009726" lon="126.75743800587952"><ele>294.8</ele><time></time></trkpt>
<trkpt lat="33.458417393267155" lon="126.75744496285915"><ele>294.6</ele><time></time></trkpt>
<trkpt lat="33.458418818190694" lon="126.75745694898069"><ele>294.0</ele><time></time></trkpt>
<trkpt lat="33.45841521397233" lon="126.75746248103678"><ele>293.6</ele><time></time></trkpt>
<trkpt lat="33.45841730944812" lon="126.75747119821608"><ele>293.4</ele><time></time></trkpt>
<trkpt lat="33.45841437578201" lon="126.75748779438436"><ele>293.0</ele><time></time></trkpt>
<trkpt lat="33.45841378904879" lon="126.7574960924685"><ele>292.8</ele><time></time></trkpt>
<trkpt lat="33.45841554924846" lon="126.7575114313513"><ele>292.4</ele><time></time></trkpt>
<trkpt lat="33.458415465429425" lon="126.75752584822476"><ele>292.0</ele><time></time></trkpt>
<trkpt lat="33.458416890352964" lon="126.75753112882376"><ele>292.0</ele><time></time></trkpt>
<trkpt lat="33.45841521397233" lon="126.75754244439304"><ele>291.6</ele><time></time></trkpt>
<trkpt lat="33.45841538161039" lon="126.75754956901073"><ele>291.0</ele><time></time></trkpt>
<trkpt lat="33.4584148786962" lon="126.75755677744746"><ele>290.8</ele><time></time></trkpt>
<trkpt lat="33.45841370522976" lon="126.75757077522576"><ele>290.2</ele><time></time></trkpt>
<trkpt lat="33.45841261558235" lon="126.75757630728185"><ele>289.8</ele><time></time></trkpt>
<trkpt lat="33.45841370522976" lon="126.7575912270695"><ele>289.6</ele><time></time></trkpt>
<trkpt lat="33.45841462723911" lon="126.7575996927917"><ele>289.2</ele><time></time></trkpt>
<trkpt lat="33.4584151301533" lon="126.75760447047651"><ele>289.0</ele><time></time></trkpt>
<trkpt lat="33.4584167227149" lon="126.75761276856065"><ele>288.6</ele><time></time></trkpt>
<trkpt lat="33.45841714181006" lon="126.75761637277901"><ele>288.4</ele><time></time></trkpt>
<trkpt lat="33.458419824019074" lon="126.75762651488185"><ele>288.2</ele><time></time></trkpt>
<trkpt lat="33.458419404923916" lon="126.75763984210789"><ele>287.8</ele><time></time></trkpt>
<trkpt lat="33.458419321104884" lon="126.7576478049159"><ele>287.4</ele><time></time></trkpt>
<trkpt lat="33.4584201592952" lon="126.75766356289387"><ele>286.8</ele><time></time></trkpt>
<trkpt lat="33.45842217095196" lon="126.75767588429153"><ele>286.4</ele><time></time></trkpt>
<trkpt lat="33.45842158421874" lon="126.75768116489053"><ele>286.2</ele><time></time></trkpt>
<trkpt lat="33.45842057839036" lon="126.75769281573594"><ele>285.8</ele><time></time></trkpt>
<trkpt lat="33.458419824019074" lon="126.75770069472492"><ele>285.6</ele><time></time></trkpt>
<trkpt lat="33.45841814763844" lon="126.75771217793226"><ele>285.0</ele><time></time></trkpt>
<trkpt lat="33.45841630361974" lon="126.7577207274735"><ele>284.4</ele><time></time></trkpt>
<trkpt lat="33.4584167227149" lon="126.757727349177"><ele>284.2</ele><time></time></trkpt>
<trkpt lat="33.45841429196298" lon="126.75774469971657"><ele>284.0</ele><time></time></trkpt>
<trkpt lat="33.45841420814395" lon="126.75776104442775"><ele>283.8</ele><time></time></trkpt>
<trkpt lat="33.458413034677505" lon="126.7577672470361"><ele>283.6</ele><time></time></trkpt>
<trkpt lat="33.458411525934935" lon="126.75777856260538"><ele>283.0</ele><time></time></trkpt>
<trkpt lat="33.45840968191624" lon="126.7577844299376"><ele>282.8</ele><time></time></trkpt>
<trkpt lat="33.458407083526254" lon="126.75779549404979"><ele>282.4</ele><time></time></trkpt>
<trkpt lat="33.45840255729854" lon="126.75780454650521"><ele>282.0</ele><time></time></trkpt>
<trkpt lat="33.458400294184685" lon="126.75780856981874"><ele>281.8</ele><time></time></trkpt>
<trkpt lat="33.45839803107083" lon="126.75781996920705"><ele>281.4</ele><time></time></trkpt>
<trkpt lat="33.458396941423416" lon="126.7578259203583"><ele>281.2</ele><time></time></trkpt>
<trkpt lat="33.458396857604384" lon="126.75783706828952"><ele>280.8</ele><time></time></trkpt>
<trkpt lat="33.45840289257467" lon="126.75784913823009"><ele>280.4</ele><time></time></trkpt>
<trkpt lat="33.45840406604111" lon="126.75785575993359"><ele>280.0</ele><time></time></trkpt>
<trkpt lat="33.45840691588819" lon="126.7578724399209"><ele>279.4</ele><time></time></trkpt>
<trkpt lat="33.458411609753966" lon="126.75788652151823"><ele>279.0</ele><time></time></trkpt>
<trkpt lat="33.458414962515235" lon="126.75789264030755"><ele>278.8</ele><time></time></trkpt>
<trkpt lat="33.45842585898936" lon="126.75790445879102"><ele>278.4</ele><time></time></trkpt>
<trkpt lat="33.45843281596899" lon="126.75790906883776"><ele>278.2</ele><time></time></trkpt>
<trkpt lat="33.4584479033947" lon="126.75792206078768"><ele>277.8</ele><time></time></trkpt>
<trkpt lat="33.458460895344615" lon="126.75793035887182"><ele>277.2</ele><time></time></trkpt>
<trkpt lat="33.45846651121974" lon="126.75793396309018"><ele>277.0</ele><time></time></trkpt>
<trkpt lat="33.458472127094865" lon="126.75793865695596"><ele>276.6</ele><time></time></trkpt>
<trkpt lat="33.45848025754094" lon="126.75794016569853"><ele>276.0</ele><time></time></trkpt>
<trkpt lat="33.458480508998036" lon="126.75794033333659"><ele>276.0</ele><time></time></trkpt>
<trkpt lat="33.45848201774061" lon="126.75793522037566"><ele>275.4</ele><time></time></trkpt>
<trkpt lat="33.45848352648318" lon="126.75793572328985"><ele>275.4</ele><time></time></trkpt>
<trkpt lat="33.45849961973727" lon="126.75793840549886"><ele>275.8</ele><time></time></trkpt>
<trkpt lat="33.4585118573159" lon="126.75793790258467"><ele>275.8</ele><time></time></trkpt>
<trkpt lat="33.45851797610521" lon="126.75793312489986"><ele>275.6</ele><time></time></trkpt>
<trkpt lat="33.45853448845446" lon="126.7579327058047"><ele>275.4</ele><time></time></trkpt>
<trkpt lat="33.458542032167315" lon="126.75793245434761"><ele>275.2</ele><time></time></trkpt>
<trkpt lat="33.45855787396431" lon="126.7579276766628"><ele>275.2</ele><time></time></trkpt>
<trkpt lat="33.45856089144945" lon="126.75791954621673"><ele>275.0</ele><time></time></trkpt>
<trkpt lat="33.4585670940578" lon="126.75791786983609"><ele>274.4</ele><time></time></trkpt>
<trkpt lat="33.45856281928718" lon="126.75791879184544"><ele>275.0</ele><time></time></trkpt>
<trkpt lat="33.45856483094394" lon="126.75791669636965"><ele>275.0</ele><time></time></trkpt>
<trkpt lat="33.45856608822942" lon="126.7579155229032"><ele>275.0</ele><time></time></trkpt>
<trkpt lat="33.458562567830086" lon="126.7579297721386"><ele>274.8</ele><time></time></trkpt>
<trkpt lat="33.458565920591354" lon="126.75793337635696"><ele>274.8</ele><time></time></trkpt>
<trkpt lat="33.45858218148351" lon="126.75792206078768"><ele>274.6</ele><time></time></trkpt>
<trkpt lat="33.45859500579536" lon="126.7579160258174"><ele>274.6</ele><time></time></trkpt>
<trkpt lat="33.45860087312758" lon="126.75791661255062"><ele>274.4</ele><time></time></trkpt>
<trkpt lat="33.45861931331456" lon="126.75790932029486"><ele>274.2</ele><time></time></trkpt>
<trkpt lat="33.45863599330187" lon="126.75790236331522"><ele>274.0</ele><time></time></trkpt>
<trkpt lat="33.45863699913025" lon="126.75789934583008"><ele>274.0</ele><time></time></trkpt>
<trkpt lat="33.45865258947015" lon="126.75789582543075"><ele>273.8</ele><time></time></trkpt>
<trkpt lat="33.458660217002034" lon="126.75789532251656"><ele>273.8</ele><time></time></trkpt>
<trkpt lat="33.45867270603776" lon="126.75789054483175"><ele>273.6</ele><time></time></trkpt>
<trkpt lat="33.45868536271155" lon="126.75788660533726"><ele>273.6</ele><time></time></trkpt>
<trkpt lat="33.458689637482166" lon="126.75788526423275"><ele>273.6</ele><time></time></trkpt>
<trkpt lat="33.45870153978467" lon="126.7578843422234"><ele>273.4</ele><time></time></trkpt>
<trkpt lat="33.45871243625879" lon="126.75788610242307"><ele>273.0</ele><time></time></trkpt>
<trkpt lat="33.458719393238425" lon="126.75788769498467"><ele>273.0</ele><time></time></trkpt>
<trkpt lat="33.4587346483022" lon="126.75788995809853"><ele>272.8</ele><time></time></trkpt>
<trkpt lat="33.45873900689185" lon="126.75789238885045"><ele>272.6</ele><time></time></trkpt>
<trkpt lat="33.45874588005245" lon="126.75789725035429"><ele>272.6</ele><time></time></trkpt>
<trkpt lat="33.45875141210854" lon="126.7579001840204"><ele>272.0</ele><time></time></trkpt>
<trkpt lat="33.458754010498524" lon="126.75790839828551"><ele>271.6</ele><time></time></trkpt>
<trkpt lat="33.45876314677298" lon="126.75791543908417"><ele>271.2</ele><time></time></trkpt>
<trkpt lat="33.45876658335328" lon="126.75792088732123"><ele>270.8</ele><time></time></trkpt>
<trkpt lat="33.45877328887582" lon="126.75793337635696"><ele>270.4</ele><time></time></trkpt>
<trkpt lat="33.458774629980326" lon="126.75794041715562"><ele>270.0</ele><time></time></trkpt>
<trkpt lat="33.45877496525645" lon="126.75794837996364"><ele>269.8</ele><time></time></trkpt>
<trkpt lat="33.4587761387229" lon="126.75796472467482"><ele>269.4</ele><time></time></trkpt>
<trkpt lat="33.458774127066135" lon="126.75798048265278"><ele>269.0</ele><time></time></trkpt>
<trkpt lat="33.45877815037966" lon="126.75798458978534"><ele>268.8</ele><time></time></trkpt>
<trkpt lat="33.458786364644766" lon="126.75798735581338"><ele>268.2</ele><time></time></trkpt>
<trkpt lat="33.45878854393959" lon="126.75799054093659"><ele>267.8</ele><time></time></trkpt>
<trkpt lat="33.458796087652445" lon="126.75800579600036"><ele>267.2</ele><time></time></trkpt>
<trkpt lat="33.45880379900336" lon="126.75803328864276"><ele>266.6</ele><time></time></trkpt>
<trkpt lat="33.458808325231075" lon="126.75804561004043"><ele>266.2</ele><time></time></trkpt>
<trkpt lat="33.45882089808583" lon="126.75806195475161"><ele>265.8</ele><time></time></trkpt>
<trkpt lat="33.458828777074814" lon="126.7580727674067"><ele>265.6</ele><time></time></trkpt>
<trkpt lat="33.45883062109351" lon="126.75808274187148"><ele>265.6</ele><time></time></trkpt>
<trkpt lat="33.458836656063795" lon="126.75810612738132"><ele>265.0</ele><time></time></trkpt>
<trkpt lat="33.45883883535862" lon="126.75811802968383"><ele>265.0</ele><time></time></trkpt>
<trkpt lat="33.45884704962373" lon="126.75812724977732"><ele>264.6</ele><time></time></trkpt>
<trkpt lat="33.45885291695595" lon="126.75813211128116"><ele>264.2</ele><time></time></trkpt>
<trkpt lat="33.45885459333658" lon="126.75813496112823"><ele>264.0</ele><time></time></trkpt>
<trkpt lat="33.4588572755456" lon="126.75813546404243"><ele>263.8</ele><time></time></trkpt>
<trkpt lat="33.45885660499334" lon="126.75813873298466"><ele>263.8</ele><time></time></trkpt>
<trkpt lat="33.458857191726565" lon="126.75815449096262"><ele>263.8</ele><time></time></trkpt>
<trkpt lat="33.458863981068134" lon="126.75815985538065"><ele>263.6</ele><time></time></trkpt>
<trkpt lat="33.45887169241905" lon="126.75816563889384"><ele>263.6</ele><time></time></trkpt>
<trkpt lat="33.45888082869351" lon="126.75818106159568"><ele>263.2</ele><time></time></trkpt>
<trkpt lat="33.45889566466212" lon="126.75820578821003"><ele>262.4</ele><time></time></trkpt>
<trkpt lat="33.45890186727047" lon="126.75822070799768"><ele>261.8</ele><time></time></trkpt>
<trkpt lat="33.4589106682688" lon="126.75823428668082"><ele>261.0</ele><time></time></trkpt>
<trkpt lat="33.4589090757072" lon="126.75822372548282"><ele>261.0</ele><time></time></trkpt>
<trkpt lat="33.45890337601304" lon="126.75821844488382"><ele>261.6</ele><time></time></trkpt>
<trkpt lat="33.458892898634076" lon="126.75820629112422"><ele>261.2</ele><time></time></trkpt>
<trkpt lat="33.458889462053776" lon="126.75820528529584"><ele>261.2</ele><time></time></trkpt>
<trkpt lat="33.458884097635746" lon="126.75819690339267"><ele>261.6</ele><time></time></trkpt>
<trkpt lat="33.45888812094927" lon="126.7582022678107"><ele>261.6</ele><time></time></trkpt>
<trkpt lat="33.458883007988334" lon="126.75820394419134"><ele>262.2</ele><time></time></trkpt>
<trkpt lat="33.45888024196029" lon="126.75820721313357"><ele>261.6</ele><time></time></trkpt>
<trkpt lat="33.458881666883826" lon="126.75820704549551"><ele>261.6</ele><time></time></trkpt>
<trkpt lat="33.458884013816714" lon="126.75820746459067"><ele>262.0</ele><time></time></trkpt>
<trkpt lat="33.45888384617865" lon="126.75820645876229"><ele>261.2</ele><time></time></trkpt>
<trkpt lat="33.45889566466212" lon="126.75821634940803"><ele>261.0</ele><time></time></trkpt>
<trkpt lat="33.458905555307865" lon="126.75823168829083"><ele>260.8</ele><time></time></trkpt>
<trkpt lat="33.45891016535461" lon="126.75824275240302"><ele>260.6</ele><time></time></trkpt>
<trkpt lat="33.45890639349818" lon="126.75824786536396"><ele>260.0</ele><time></time></trkpt>
<trkpt lat="33.45891117118299" lon="126.758250631392"><ele>260.0</ele><time></time></trkpt>
<trkpt lat="33.45891368575394" lon="126.75826789811254"><ele>260.2</ele><time></time></trkpt>
<trkpt lat="33.458916787058115" lon="126.7582746874541"><ele>260.4</ele><time></time></trkpt>
<trkpt lat="33.45891812816262" lon="126.7582939658314"><ele>260.2</ele><time></time></trkpt>
<trkpt lat="33.45891980454326" lon="126.7583026830107"><ele>260.0</ele><time></time></trkpt>
<trkpt lat="33.45892340876162" lon="126.75831911154091"><ele>259.4</ele><time></time></trkpt>
<trkpt lat="33.458927515894175" lon="126.75832631997764"><ele>259.2</ele><time></time></trkpt>
<trkpt lat="33.45893573015928" lon="126.75834056921303"><ele>258.8</ele><time></time></trkpt>
<trkpt lat="33.45894352532923" lon="126.75833528861403"><ele>259.0</ele><time></time></trkpt>
<trkpt lat="33.458932880312204" lon="126.7583320196718"><ele>259.4</ele><time></time></trkpt>
<trkpt lat="33.458932377398014" lon="126.7583201173693"><ele>259.6</ele><time></time></trkpt>
<trkpt lat="33.45893405377865" lon="126.75831508822739"><ele>259.4</ele><time></time></trkpt>
<trkpt lat="33.45893765799701" lon="126.75830838270485"><ele>259.4</ele><time></time></trkpt>
<trkpt lat="33.45893849618733" lon="126.75830352120101"><ele>259.4</ele><time></time></trkpt>
<trkpt lat="33.458938244730234" lon="126.75830310210586"><ele>259.6</ele><time></time></trkpt>
<trkpt lat="33.458938244730234" lon="126.75832388922572"><ele>260.0</ele><time></time></trkpt>
<trkpt lat="33.45894888974726" lon="126.75832891836762"><ele>260.0</ele><time></time></trkpt>
<trkpt lat="33.458944614976645" lon="126.75834199413657"><ele>259.6</ele><time></time></trkpt>
<trkpt lat="33.458941262215376" lon="126.75832615233958"><ele>259.4</ele><time></time></trkpt>
<trkpt lat="33.45893179066479" lon="126.75830838270485"><ele>259.6</ele><time></time></trkpt>
<trkpt lat="33.45892039127648" lon="126.75827074795961"><ele>259.8</ele><time></time></trkpt>
<trkpt lat="33.45892156474292" lon="126.75826504826546"><ele>260.6</ele><time></time></trkpt>
<trkpt lat="33.45892231911421" lon="126.758271753788"><ele>260.6</ele><time></time></trkpt>
<trkpt lat="33.45893363468349" lon="126.75829296000302"><ele>260.6</ele><time></time></trkpt>
<trkpt lat="33.458941262215376" lon="126.75831165164709"><ele>260.6</ele><time></time></trkpt>
<trkpt lat="33.45894335769117" lon="126.75831525586545"><ele>260.6</ele><time></time></trkpt>
<trkpt lat="33.45894402824342" lon="126.75828625448048"><ele>259.6</ele><time></time></trkpt>
<trkpt lat="33.458934891968966" lon="126.75827904604375"><ele>259.6</ele><time></time></trkpt>
<trkpt lat="33.45891980454326" lon="126.7582815606147"><ele>259.8</ele><time></time></trkpt>
<trkpt lat="33.45891024917364" lon="126.75828876905143"><ele>259.8</ele><time></time></trkpt>
<trkpt lat="33.458906980231404" lon="126.75829815678298"><ele>259.8</ele><time></time></trkpt>
<trkpt lat="33.45891854725778" lon="126.75827871076763"><ele>260.0</ele><time></time></trkpt>
<trkpt lat="33.458920642733574" lon="126.75827099941671"><ele>260.4</ele><time></time></trkpt>
<trkpt lat="33.45892935991287" lon="126.75827971659601"><ele>260.0</ele><time></time></trkpt>
<trkpt lat="33.45893606543541" lon="126.75828239880502"><ele>260.8</ele><time></time></trkpt>
<trkpt lat="33.45893405377865" lon="126.75828424282372"><ele>260.2</ele><time></time></trkpt>
<trkpt lat="33.45894679427147" lon="126.75829094834626"><ele>260.4</ele><time></time></trkpt>
<trkpt lat="33.45894293859601" lon="126.75830343738198"><ele>259.8</ele><time></time></trkpt>
<trkpt lat="33.45894696190953" lon="126.75830855034292"><ele>259.8</ele><time></time></trkpt>
<trkpt lat="33.45895567908883" lon="126.75832883454859"><ele>259.6</ele><time></time></trkpt>
<trkpt lat="33.45897856168449" lon="126.75834434106946"><ele>259.4</ele><time></time></trkpt>
<trkpt lat="33.458992056548595" lon="126.75835071131587"><ele>259.2</ele><time></time></trkpt>
<trkpt lat="33.459012508392334" lon="126.75837057642639"><ele>258.8</ele><time></time></trkpt>
<trkpt lat="33.45902223140001" lon="126.7583803832531"><ele>258.4</ele><time></time></trkpt>
<trkpt lat="33.45903522334993" lon="126.75839480012655"><ele>258.4</ele><time></time></trkpt>
<trkpt lat="33.45904653891921" lon="126.7584099713713"><ele>258.4</ele><time></time></trkpt>
<trkpt lat="33.459050646051764" lon="126.758419778198"><ele>258.6</ele><time></time></trkpt>
<trkpt lat="33.459057519212365" lon="126.7584337759763"><ele>258.4</ele><time></time></trkpt>
<trkpt lat="33.459062464535236" lon="126.75843897275627"><ele>258.6</ele><time></time></trkpt>
<trkpt lat="33.45906690694392" lon="126.75845087505877"><ele>258.8</ele><time></time></trkpt>
<trkpt lat="33.45907093025744" lon="126.75845716148615"><ele>259.0</ele><time></time></trkpt>
<trkpt lat="33.459075540304184" lon="126.75846185535192"><ele>259.0</ele><time></time></trkpt>
<trkpt lat="33.459090292453766" lon="126.75846755504608"><ele>259.0</ele><time></time></trkpt>
<trkpt lat="33.45910211093724" lon="126.75847057253122"><ele>259.0</ele><time></time></trkpt>
<trkpt lat="33.45910873264074" lon="126.7584802955389"><ele>259.2</ele><time></time></trkpt>
<trkpt lat="33.459116695448756" lon="126.75849999301136"><ele>259.4</ele><time></time></trkpt>
<trkpt lat="33.45911845564842" lon="126.75851072184741"><ele>259.4</ele><time></time></trkpt>
<trkpt lat="33.45912231132388" lon="126.7585215345025"><ele>259.4</ele><time></time></trkpt>
<trkpt lat="33.45912574790418" lon="126.758549278602"><ele>259.6</ele><time></time></trkpt>
<trkpt lat="33.45913262106478" lon="126.7585582472384"><ele>259.8</ele><time></time></trkpt>
<trkpt lat="33.45914234407246" lon="126.75857534632087"><ele>260.2</ele><time></time></trkpt>
<trkpt lat="33.4591522347182" lon="126.75859395414591"><ele>260.4</ele><time></time></trkpt>
<trkpt lat="33.45915458165109" lon="126.758599486202"><ele>260.6</ele><time></time></trkpt>
<trkpt lat="33.45916086807847" lon="126.75861172378063"><ele>261.0</ele><time></time></trkpt>
<trkpt lat="33.459162628278136" lon="126.75861801020801"><ele>261.4</ele><time></time></trkpt>
<trkpt lat="33.459170423448086" lon="126.75863125361502"><ele>261.8</ele><time></time></trkpt>
<trkpt lat="33.45918232575059" lon="126.75864634104073"><ele>262.2</ele><time></time></trkpt>
<trkpt lat="33.45918735489249" lon="126.75865572877228"><ele>262.2</ele><time></time></trkpt>
<trkpt lat="33.45919691026211" lon="126.75867064855993"><ele>262.6</ele><time></time></trkpt>
<trkpt lat="33.459203615784645" lon="126.75867592915893"><ele>263.0</ele><time></time></trkpt>
<trkpt lat="33.45921065658331" lon="126.75868950784206"><ele>263.4</ele><time></time></trkpt>
<trkpt lat="33.459220295771956" lon="126.75870576873422"><ele>264.0</ele><time></time></trkpt>
<trkpt lat="33.45922281034291" lon="126.75871440209448"><ele>264.2</ele><time></time></trkpt>
<trkpt lat="33.45923370681703" lon="126.75873049534857"><ele>264.6</ele><time></time></trkpt>
<trkpt lat="33.45924259163439" lon="126.7587445769459"><ele>265.2</ele><time></time></trkpt>
<trkpt lat="33.45924720168114" lon="126.75875161774457"><ele>265.6</ele><time></time></trkpt>
<trkpt lat="33.45925457775593" lon="126.75876410678029"><ele>266.2</ele><time></time></trkpt>
<trkpt lat="33.45925625413656" lon="126.75877869129181"><ele>266.4</ele><time></time></trkpt>
<trkpt lat="33.45926648005843" lon="126.75878640264273"><ele>266.8</ele><time></time></trkpt>
<trkpt lat="33.459273017942905" lon="126.75879721529782"><ele>267.2</ele><time></time></trkpt>
<trkpt lat="33.4592767059803" lon="126.75880090333521"><ele>267.4</ele><time></time></trkpt>
<trkpt lat="33.45928458496928" lon="126.75881188362837"><ele>267.8</ele><time></time></trkpt>
<trkpt lat="33.459296990185976" lon="126.758824121207"><ele>268.2</ele><time></time></trkpt>
<trkpt lat="33.45929967239499" lon="126.7588254623115"><ele>268.6</ele><time></time></trkpt>
<trkpt lat="33.459306210279465" lon="126.75883887335658"><ele>269.0</ele><time></time></trkpt>
<trkpt lat="33.459311155602336" lon="126.75884457305074"><ele>269.2</ele><time></time></trkpt>
<trkpt lat="33.459319453686476" lon="126.75884943455458"><ele>269.4</ele><time></time></trkpt>
<trkpt lat="33.459328254684806" lon="126.75886016339064"><ele>269.6</ele><time></time></trkpt>
<trkpt lat="33.45933345146477" lon="126.75886552780867"><ele>269.8</ele><time></time></trkpt>
<trkpt lat="33.45933915115893" lon="126.75886913202703"><ele>270.4</ele><time></time></trkpt>
<trkpt lat="33.45934510231018" lon="126.75887173041701"><ele>270.6</ele><time></time></trkpt>
<trkpt lat="33.459355579689145" lon="126.75888078287244"><ele>271.0</ele><time></time></trkpt>
<trkpt lat="33.459365386515856" lon="126.75888514146209"><ele>271.4</ele><time></time></trkpt>
<trkpt lat="33.45937033183873" lon="126.75889025442302"><ele>271.6</ele><time></time></trkpt>
<trkpt lat="33.459383407607675" lon="126.75889779813588"><ele>272.0</ele><time></time></trkpt>
<trkpt lat="33.45939354971051" lon="126.75890458747745"><ele>272.4</ele><time></time></trkpt>
<trkpt lat="33.45939832739532" lon="126.75891221500933"><ele>272.6</ele><time></time></trkpt>
<trkpt lat="33.459406374022365" lon="126.7589221894741"><ele>273.0</ele><time></time></trkpt>
<trkpt lat="33.45940997824073" lon="126.75892529077828"><ele>273.2</ele><time></time></trkpt>
<trkpt lat="33.459411822259426" lon="126.75893417559564"><ele>273.6</ele><time></time></trkpt>
<trkpt lat="33.459427412599325" lon="126.75894130021334"><ele>274.0</ele><time></time></trkpt>
<trkpt lat="33.45943143591285" lon="126.7589451558888"><ele>274.2</ele><time></time></trkpt>
<trkpt lat="33.45944073982537" lon="126.75895345397294"><ele>274.6</ele><time></time></trkpt>
<trkpt lat="33.45944761298597" lon="126.75896083004773"><ele>275.0</ele><time></time></trkpt>
<trkpt lat="33.45945415087044" lon="126.75896351225674"><ele>275.0</ele><time></time></trkpt>
<trkpt lat="33.45946412533522" lon="126.75896510481834"><ele>275.4</ele><time></time></trkpt>
<trkpt lat="33.459468903020024" lon="126.75896778702736"><ele>275.6</ele><time></time></trkpt>
<trkpt lat="33.45948055386543" lon="126.75897784531116"><ele>276.0</ele><time></time></trkpt>
<trkpt lat="33.4594875946641" lon="126.75898362882435"><ele>276.4</ele><time></time></trkpt>
<trkpt lat="33.459489438682795" lon="126.75898706540465"><ele>276.6</ele><time></time></trkpt>
<trkpt lat="33.4594960603863" lon="126.75899452529848"><ele>277.0</ele><time></time></trkpt>
<trkpt lat="33.45950377173722" lon="126.7590070143342"><ele>277.2</ele><time></time></trkpt>
<trkpt lat="33.45950930379331" lon="126.75901288166642"><ele>277.4</ele><time></time></trkpt>
<trkpt lat="33.45951986499131" lon="126.75902109593153"><ele>277.6</ele><time></time></trkpt>
<trkpt lat="33.45952589996159" lon="126.75902453251183"><ele>277.8</ele><time></time></trkpt>
<trkpt lat="33.45953210256994" lon="126.75902738235891"><ele>278.2</ele><time></time></trkpt>
<trkpt lat="33.459539813920856" lon="126.7590313218534"><ele>278.4</ele><time></time></trkpt>
<trkpt lat="33.4595409873873" lon="126.75903216004372"><ele>278.6</ele><time></time></trkpt>
<trkpt lat="33.45954358577728" lon="126.7590350098908"><ele>278.8</ele><time></time></trkpt>
<trkpt lat="33.459545178338885" lon="126.75903785973787"><ele>279.0</ele><time></time></trkpt>
<trkpt lat="33.45955280587077" lon="126.75904498435557"><ele>279.2</ele><time></time></trkpt>
<trkpt lat="33.45956110395491" lon="126.75905588082969"><ele>279.6</ele><time></time></trkpt>
<trkpt lat="33.45956604927778" lon="126.75906149670482"><ele>279.8</ele><time></time></trkpt>
<trkpt lat="33.45957702957094" lon="126.75907054916024"><ele>280.0</ele><time></time></trkpt>
<trkpt lat="33.45958482474089" lon="126.75907549448311"><ele>280.4</ele><time></time></trkpt>
<trkpt lat="33.4595875069499" lon="126.75907742232084"><ele>280.6</ele><time></time></trkpt>
<trkpt lat="33.45959194935858" lon="126.75908203236759"><ele>280.8</ele><time></time></trkpt>
<trkpt lat="33.45959329046309" lon="126.75908379256725"><ele>281.0</ele><time></time></trkpt>
<trkpt lat="33.459602342918515" lon="126.75909234210849"><ele>281.2</ele><time></time></trkpt>
<trkpt lat="33.459610641002655" lon="126.75909628160298"><ele>281.2</ele><time></time></trkpt>
<trkpt lat="33.45961634069681" lon="126.75909887999296"><ele>281.4</ele><time></time></trkpt>
<trkpt lat="33.45961927436292" lon="126.75910315476358"><ele>281.8</ele><time></time></trkpt>
<trkpt lat="33.4596289973706" lon="126.75911882892251"><ele>282.0</ele><time></time></trkpt>
<trkpt lat="33.45963151194155" lon="126.75912385806441"><ele>282.2</ele><time></time></trkpt>
<trkpt lat="33.459638971835375" lon="126.75913358107209"><ele>282.8</ele><time></time></trkpt>
<trkpt lat="33.45964249223471" lon="126.75913743674755"><ele>283.0</ele><time></time></trkpt>
<trkpt lat="33.459645844995975" lon="126.7591470759362"><ele>283.6</ele><time></time></trkpt>
<trkpt lat="33.4596514608711" lon="126.75915637984872"><ele>284.2</ele><time></time></trkpt>
<trkpt lat="33.45965665765107" lon="126.75916635431349"><ele>284.4</ele><time></time></trkpt>
<trkpt lat="33.459666296839714" lon="126.75917934626341"><ele>284.8</ele><time></time></trkpt>
<trkpt lat="33.45967191271484" lon="126.75918722525239"><ele>285.0</ele><time></time></trkpt>
<trkpt lat="33.45968062989414" lon="126.75919527187943"><ele>285.6</ele><time></time></trkpt>
<trkpt lat="33.459689766168594" lon="126.75920004956424"><ele>286.0</ele><time></time></trkpt>
<trkpt lat="33.45969186164439" lon="126.75920289941132"><ele>286.2</ele><time></time></trkpt>
<trkpt lat="33.459696639329195" lon="126.75920750945807"><ele>286.6</ele><time></time></trkpt>
<trkpt lat="33.45970124937594" lon="126.75921387970448"><ele>286.8</ele><time></time></trkpt>
<trkpt lat="33.459709296002984" lon="126.75921362824738"><ele>287.0</ele><time></time></trkpt>
<trkpt lat="33.45972170121968" lon="126.75922100432217"><ele>287.2</ele><time></time></trkpt>
<trkpt lat="33.4597273170948" lon="126.75922301597893"><ele>287.4</ele><time></time></trkpt>
<trkpt lat="33.45973561517894" lon="126.75922058522701"><ele>287.6</ele><time></time></trkpt>
<trkpt lat="33.45974173396826" lon="126.75922326743603"><ele>287.8</ele><time></time></trkpt>
<trkpt lat="33.45974517054856" lon="126.75922544673085"><ele>287.8</ele><time></time></trkpt>
<trkpt lat="33.45975858159363" lon="126.75923340953887"><ele>288.2</ele><time></time></trkpt>
<trkpt lat="33.45976713113487" lon="126.75923927687109"><ele>288.8</ele><time></time></trkpt>
<trkpt lat="33.45977081917226" lon="126.75924070179462"><ele>289.2</ele><time></time></trkpt>
<trkpt lat="33.459778279066086" lon="126.75924824550748"><ele>289.4</ele><time></time></trkpt>
<trkpt lat="33.459783559665084" lon="126.75925184972584"><ele>289.4</ele><time></time></trkpt>
<trkpt lat="33.459793366491795" lon="126.75926023162901"><ele>289.4</ele><time></time></trkpt>
<trkpt lat="33.45980292186141" lon="126.75926358439028"><ele>289.8</ele><time></time></trkpt>
<trkpt lat="33.45980719663203" lon="126.75926475785673"><ele>290.0</ele><time></time></trkpt>
<trkpt lat="33.45981381833553" lon="126.75926400348544"><ele>290.4</ele><time></time></trkpt>
<trkpt lat="33.45981867983937" lon="126.75926844589412"><ele>290.4</ele><time></time></trkpt>
<trkpt lat="33.45982823520899" lon="126.75928009673953"><ele>290.6</ele><time></time></trkpt>
<trkpt lat="33.45983183942735" lon="126.7592900712043"><ele>291.4</ele><time></time></trkpt>
<trkpt lat="33.45983695238829" lon="126.75929845310748"><ele>291.6</ele><time></time></trkpt>
<trkpt lat="33.45984541811049" lon="126.75930658355355"><ele>292.0</ele><time></time></trkpt>
<trkpt lat="33.459850531071424" lon="126.75931228324771"><ele>292.0</ele><time></time></trkpt>
<trkpt lat="33.45985405147076" lon="126.75931588746607"><ele>292.0</ele><time></time></trkpt>
<trkpt lat="33.45985916443169" lon="126.75932879559696"><ele>292.4</ele><time></time></trkpt>
<trkpt lat="33.45986167900264" lon="126.75933633930981"><ele>292.6</ele><time></time></trkpt>
<trkpt lat="33.4598673786968" lon="126.75934178754687"><ele>293.0</ele><time></time></trkpt>
<trkpt lat="33.459876012057066" lon="126.75936014391482"><ele>293.4</ele><time></time></trkpt>
<trkpt lat="33.45987911336124" lon="126.7593629937619"><ele>293.6</ele><time></time></trkpt>
<trkpt lat="33.459883723407984" lon="126.75936768762767"><ele>294.0</ele><time></time></trkpt>
<trkpt lat="33.459885735064745" lon="126.7593733035028"><ele>294.4</ele><time></time></trkpt>
<trkpt lat="33.45988749526441" lon="126.75938118249178"><ele>294.6</ele><time></time></trkpt>
<trkpt lat="33.45989093184471" lon="126.75940331071615"><ele>295.0</ele><time></time></trkpt>
<trkpt lat="33.45989118330181" lon="126.759410854429"><ele>295.2</ele><time></time></trkpt>
<trkpt lat="33.459894955158234" lon="126.7594248522073"><ele>295.4</ele><time></time></trkpt>
<trkpt lat="33.45990115776658" lon="126.75943851470947"><ele>296.0</ele><time></time></trkpt>
<trkpt lat="33.45990275032818" lon="126.75944438204169"><ele>296.2</ele><time></time></trkpt>
<trkpt lat="33.459910629317164" lon="126.7594510037452"><ele>296.6</ele><time></time></trkpt>
<trkpt lat="33.45991767011583" lon="126.75946089439094"><ele>297.0</ele><time></time></trkpt>
<trkpt lat="33.459920939058065" lon="126.75946684554219"><ele>297.2</ele><time></time></trkpt>
<trkpt lat="33.45992621965706" lon="126.7594784963876"><ele>297.6</ele><time></time></trkpt>
<trkpt lat="33.459928315132856" lon="126.75948478281498"><ele>298.0</ele><time></time></trkpt>
<trkpt lat="33.45992940478027" lon="126.75949173979461"><ele>298.4</ele><time></time></trkpt>
<trkpt lat="33.45993200317025" lon="126.75949710421264"><ele>298.8</ele><time></time></trkpt>
<trkpt lat="33.45993342809379" lon="126.75950481556356"><ele>299.0</ele><time></time></trkpt>
<trkpt lat="33.459935020655394" lon="126.75951864570379"><ele>299.2</ele><time></time></trkpt>
<trkpt lat="33.459935607388616" lon="126.75952543504536"><ele>299.4</ele><time></time></trkpt>
<trkpt lat="33.45993719995022" lon="126.75954027101398"><ele>299.8</ele><time></time></trkpt>
<trkpt lat="33.45994038507342" lon="126.75955569371581"><ele>300.4</ele><time></time></trkpt>
<trkpt lat="33.45993887633085" lon="126.75956415943801"><ele>300.6</ele><time></time></trkpt>
<trkpt lat="33.459941474720836" lon="126.75957505591214"><ele>300.6</ele><time></time></trkpt>
<trkpt lat="33.459947761148214" lon="126.75958804786205"><ele>300.6</ele><time></time></trkpt>
<trkpt lat="33.459946336224675" lon="126.75959575921297"><ele>300.8</ele><time></time></trkpt>
<trkpt lat="33.459950778633356" lon="126.75960891880095"><ele>301.2</ele><time></time></trkpt>
<trkpt lat="33.45995161682367" lon="126.75961470231414"><ele>301.6</ele><time></time></trkpt>
<trkpt lat="33.45995597541332" lon="126.7596341483295"><ele>302.0</ele><time></time></trkpt>
<trkpt lat="33.45995966345072" lon="126.75964915193617"><ele>302.6</ele><time></time></trkpt>
<trkpt lat="33.45996184274554" lon="126.75965652801096"><ele>302.8</ele><time></time></trkpt>
<trkpt lat="33.459966871887445" lon="126.75967002287507"><ele>303.0</ele><time></time></trkpt>
<trkpt lat="33.4599725715816" lon="126.75968351773918"><ele>303.2</ele><time></time></trkpt>
<trkpt lat="33.459975086152554" lon="126.75969525240362"><ele>303.4</ele><time></time></trkpt>
<trkpt lat="33.45997894182801" lon="126.75971033982933"><ele>303.8</ele><time></time></trkpt>
<trkpt lat="33.45997994765639" lon="126.7597182188183"><ele>304.0</ele><time></time></trkpt>
<trkpt lat="33.45998858101666" lon="126.75973540171981"><ele>304.4</ele><time></time></trkpt>
<trkpt lat="33.45999436452985" lon="126.75974529236555"><ele>304.6</ele><time></time></trkpt>
<trkpt lat="33.45999830402434" lon="126.7597512435168"><ele>304.8</ele><time></time></trkpt>
<trkpt lat="33.460006434470415" lon="126.75976607948542"><ele>305.2</ele><time></time></trkpt>
<trkpt lat="33.460008865222335" lon="126.75977194681764"><ele>305.4</ele><time></time></trkpt>
<trkpt lat="33.4600174985826" lon="126.75978678278625"><ele>306.0</ele><time></time></trkpt>
<trkpt lat="33.46002529375255" lon="126.7598064802587"><ele>306.6</ele><time></time></trkpt>
<trkpt lat="33.460028478875756" lon="126.75981192849576"><ele>306.8</ele><time></time></trkpt>
<trkpt lat="33.460035268217325" lon="126.7598273511976"><ele>307.2</ele><time></time></trkpt>
<trkpt lat="33.46004096791148" lon="126.75984352827072"><ele>307.6</ele><time></time></trkpt>
<trkpt lat="33.46004390157759" lon="126.75985098816454"><ele>307.8</ele><time></time></trkpt>
<trkpt lat="33.46005161292851" lon="126.759865405038"><ele>308.2</ele><time></time></trkpt>
<trkpt lat="33.460054798051715" lon="126.75986766815186"><ele>308.4</ele><time></time></trkpt>
<trkpt lat="33.460058653727174" lon="126.75987990573049"><ele>308.8</ele><time></time></trkpt>
<trkpt lat="33.46006711944938" lon="126.75989205949008"><ele>309.0</ele><time></time></trkpt>
<trkpt lat="33.46007055602968" lon="126.75989625044167"><ele>309.2</ele><time></time></trkpt>
<trkpt lat="33.46007910557091" lon="126.75990228541195"><ele>309.6</ele><time></time></trkpt>
<trkpt lat="33.46008983440697" lon="126.7599100805819"><ele>310.0</ele><time></time></trkpt>
<trkpt lat="33.46009721048176" lon="126.75991611555219"><ele>310.0</ele><time></time></trkpt>
<trkpt lat="33.46011715941131" lon="126.75992500036955"><ele>310.2</ele><time></time></trkpt>
<trkpt lat="33.460126128047705" lon="126.75993145443499"><ele>310.4</ele><time></time></trkpt>
<trkpt lat="33.46013417467475" lon="126.75993748940527"><ele>311.0</ele><time></time></trkpt>
<trkpt lat="33.46014582552016" lon="126.75994352437556"><ele>311.4</ele><time></time></trkpt>
<trkpt lat="33.4601522795856" lon="126.75994830206037"><ele>311.2</ele><time></time></trkpt>
<trkpt lat="33.46016996540129" lon="126.75995995290577"><ele>311.2</ele><time></time></trkpt>
<trkpt lat="33.460177509114146" lon="126.75996447913349"><ele>311.4</ele><time></time></trkpt>
<trkpt lat="33.46018949523568" lon="126.75997671671212"><ele>311.8</ele><time></time></trkpt>
<trkpt lat="33.460198463872075" lon="126.75998602062464"><ele>312.2</ele><time></time></trkpt>
<trkpt lat="33.4602040797472" lon="126.75999297760427"><ele>312.4</ele><time></time></trkpt>
<trkpt lat="33.46021539531648" lon="126.76000689156353"><ele>312.6</ele><time></time></trkpt>
<trkpt lat="33.46022947691381" lon="126.76001426763833"><ele>312.8</ele><time></time></trkpt>
<trkpt lat="33.46023718826473" lon="126.76001963205636"><ele>312.8</ele><time></time></trkpt>
<trkpt lat="33.46024992875755" lon="126.76003094762564"><ele>313.4</ele><time></time></trkpt>
<trkpt lat="33.46025487408042" lon="126.76003916189075"><ele>313.6</ele><time></time></trkpt>
<trkpt lat="33.46027004532516" lon="126.76005106419325"><ele>314.0</ele><time></time></trkpt>
<trkpt lat="33.46028513275087" lon="126.7600570153445"><ele>314.4</ele><time></time></trkpt>
<trkpt lat="33.46029192209244" lon="126.76006028428674"><ele>314.4</ele><time></time></trkpt>
<trkpt lat="33.460303992033005" lon="126.76006279885769"><ele>314.4</ele><time></time></trkpt>
<trkpt lat="33.46031690016389" lon="126.76006489433348"><ele>314.6</ele><time></time></trkpt>
<trkpt lat="33.46032427623868" lon="126.76006690599024"><ele>314.6</ele><time></time></trkpt>
<trkpt lat="33.46034104004502" lon="126.76007721573114"><ele>315.0</ele><time></time></trkpt>
<trkpt lat="33.46035017631948" lon="126.7600813228637"><ele>315.2</ele><time></time></trkpt>
<trkpt lat="33.4603697899729" lon="126.76008911803365"><ele>315.4</ele><time></time></trkpt>
<trkpt lat="33.46038873307407" lon="126.76009917631745"><ele>315.6</ele><time></time></trkpt>
<trkpt lat="33.4603956900537" lon="126.76010370254517"><ele>315.6</ele><time></time></trkpt>
<trkpt lat="33.460408598184586" lon="126.76011376082897"><ele>315.6</ele><time></time></trkpt>
<trkpt lat="33.460420249029994" lon="126.76012457348406"><ele>315.4</ele><time></time></trkpt>
<trkpt lat="33.46042511053383" lon="126.76012725569308"><ele>315.4</ele><time></time></trkpt>
<trkpt lat="33.46043827012181" lon="126.76012767478824"><ele>315.6</ele><time></time></trkpt>
<trkpt lat="33.460444221273065" lon="126.76012733951211"><ele>315.6</ele><time></time></trkpt>
<trkpt lat="33.46046023070812" lon="126.76012893207371"><ele>315.6</ele><time></time></trkpt>
<trkpt lat="33.46047624014318" lon="126.76013236865401"><ele>315.4</ele><time></time></trkpt>
<trkpt lat="33.46048302948475" lon="126.76013136282563"><ele>315.4</ele><time></time></trkpt>
<trkpt lat="33.460493087768555" lon="126.7601209692657"><ele>315.6</ele><time></time></trkpt>
<trkpt lat="33.46049979329109" lon="126.76011770032346"><ele>315.6</ele><time></time></trkpt>
<trkpt lat="33.46050993539393" lon="126.76010621711612"><ele>315.8</ele><time></time></trkpt>
<trkpt lat="33.46052083186805" lon="126.76009540446103"><ele>316.0</ele><time></time></trkpt>
<trkpt lat="33.46052912995219" lon="126.76009146496654"><ele>316.0</ele><time></time></trkpt>
<trkpt lat="33.46054530702531" lon="126.76008786074817"><ele>316.2</ele><time></time></trkpt>
<trkpt lat="33.46055871807039" lon="126.76008668728173"><ele>316.6</ele><time></time></trkpt>
<trkpt lat="33.46056802198291" lon="126.76008920185268"><ele>316.8</ele><time></time></trkpt>
<trkpt lat="33.460583025589585" lon="126.76009951159358"><ele>317.0</ele><time></time></trkpt>
<trkpt lat="33.460589898750186" lon="126.76010345108807"><ele>317.0</ele><time></time></trkpt>
<trkpt lat="33.46061118878424" lon="126.76010604947805"><ele>317.4</ele><time></time></trkpt>
<trkpt lat="33.460628455504775" lon="126.760108564049"><ele>317.6</ele><time></time></trkpt>
<trkpt lat="33.46063842996955" lon="126.76010588183999"><ele>317.6</ele><time></time></trkpt>
<trkpt lat="33.4606549423188" lon="126.76010604947805"><ele>318.0</ele><time></time></trkpt>
<trkpt lat="33.460676316171885" lon="126.76009993068874"><ele>318.4</ele><time></time></trkpt>
<trkpt lat="33.460682183504105" lon="126.76009749993682"><ele>318.4</ele><time></time></trkpt>
<trkpt lat="33.46069333143532" lon="126.76009154878557"><ele>318.6</ele><time></time></trkpt>
<trkpt lat="33.46070162951946" lon="126.76009146496654"><ele>318.6</ele><time></time></trkpt>
<trkpt lat="33.46071872860193" lon="126.76009741611779"><ele>318.6</ele><time></time></trkpt>
<trkpt lat="33.46073364838958" lon="126.7600966617465"><ele>318.4</ele><time></time></trkpt>
<trkpt lat="33.460743790492415" lon="126.76010462455451"><ele>318.4</ele><time></time></trkpt>
<trkpt lat="33.46075778827071" lon="126.76011166535318"><ele>318.4</ele><time></time></trkpt>
<trkpt lat="33.460763739421964" lon="126.76011610776186"><ele>318.4</ele><time></time></trkpt>
<trkpt lat="33.460767678916454" lon="126.76012893207371"><ele>318.2</ele><time></time></trkpt>
<trkpt lat="33.46077740192413" lon="126.760140247643"><ele>317.8</ele><time></time></trkpt>
<trkpt lat="33.46078108996153" lon="126.76013982854784"><ele>317.8</ele><time></time></trkpt>
<trkpt lat="33.460792656987906" lon="126.76014645025134"><ele>317.6</ele><time></time></trkpt>
<trkpt lat="33.46079181879759" lon="126.76015567034483"><ele>317.6</ele><time></time></trkpt>
<trkpt lat="33.46079835668206" lon="126.76015323959291"><ele>317.6</ele><time></time></trkpt>
<trkpt lat="33.46078217960894" lon="126.76014703698456"><ele>317.8</ele><time></time></trkpt>
<trkpt lat="33.460773546248674" lon="126.76014410331845"><ele>317.6</ele><time></time></trkpt>
<trkpt lat="33.46076122485101" lon="126.76014242693782"><ele>317.6</ele><time></time></trkpt>
<trkpt lat="33.46075125038624" lon="126.76014678552747"><ele>317.8</ele><time></time></trkpt>
<trkpt lat="33.460748651996255" lon="126.76015181466937"><ele>318.0</ele><time></time></trkpt>
<trkpt lat="33.46075720153749" lon="126.76015550270677"><ele>317.8</ele><time></time></trkpt>
<trkpt lat="33.460757955908775" lon="126.76015667617321"><ele>318.0</ele><time></time></trkpt>
<trkpt lat="33.460759464651346" lon="126.76015617325902"><ele>317.8</ele><time></time></trkpt>
<trkpt lat="33.46076097339392" lon="126.76015391014516"><ele>317.2</ele><time></time></trkpt>
<trkpt lat="33.46076256595552" lon="126.76015575416386"><ele>317.2</ele><time></time></trkpt>
<trkpt lat="33.46076985821128" lon="126.76016212441027"><ele>317.4</ele><time></time></trkpt>
<trkpt lat="33.4607757255435" lon="126.76016237586737"><ele>317.4</ele><time></time></trkpt>
<trkpt lat="33.46078343689442" lon="126.76016421988606"><ele>317.4</ele><time></time></trkpt>
<trkpt lat="33.46079098060727" lon="126.76016665063798"><ele>317.2</ele><time></time></trkpt>
<trkpt lat="33.460792656987906" lon="126.76016665063798"><ele>317.2</ele><time></time></trkpt>
<trkpt lat="33.46079148352146" lon="126.76015701144934"><ele>317.2</ele><time></time></trkpt>
<trkpt lat="33.460801374167204" lon="126.76015382632613"><ele>317.2</ele><time></time></trkpt>
<trkpt lat="33.4608050622046" lon="126.76015768200159"><ele>316.8</ele><time></time></trkpt>
<trkpt lat="33.4608016256243" lon="126.7601603642106"><ele>317.2</ele><time></time></trkpt>
<trkpt lat="33.46080179326236" lon="126.760158771649"><ele>317.2</ele><time></time></trkpt>
<trkpt lat="33.460804307833314" lon="126.76015969365835"><ele>317.4</ele><time></time></trkpt>
<trkpt lat="33.46080740913749" lon="126.76016103476286"><ele>317.4</ele><time></time></trkpt>
<trkpt lat="33.4608050622046" lon="126.76016095094383"><ele>317.4</ele><time></time></trkpt>
<trkpt lat="33.4607913158834" lon="126.76015634089708"><ele>317.6</ele><time></time></trkpt>
<trkpt lat="33.460788298398256" lon="126.76015642471611"><ele>317.6</ele><time></time></trkpt>
<trkpt lat="33.46078888513148" lon="126.760158771649"><ele>318.2</ele><time></time></trkpt>
<trkpt lat="33.46079492010176" lon="126.76016313023865"><ele>318.4</ele><time></time></trkpt>
<trkpt lat="33.46079911105335" lon="126.7601656448096"><ele>317.8</ele><time></time></trkpt>
<trkpt lat="33.46079927869141" lon="126.76016631536186"><ele>317.4</ele><time></time></trkpt>
<trkpt lat="33.460801374167204" lon="126.76015382632613"><ele>317.2</ele><time></time></trkpt>
<trkpt lat="33.46079500392079" lon="126.76015567034483"><ele>317.2</ele><time></time></trkpt>
<trkpt lat="33.460794584825635" lon="126.76014259457588"><ele>317.0</ele><time></time></trkpt>
<trkpt lat="33.460801374167204" lon="126.76015382632613"><ele>316.8</ele><time></time></trkpt>
<trkpt lat="33.460799027234316" lon="126.76014921627939"><ele>316.8</ele><time></time></trkpt>
<trkpt lat="33.46079584211111" lon="126.76014469005167"><ele>316.6</ele><time></time></trkpt>
<trkpt lat="33.460797518491745" lon="126.76016002893448"><ele>316.2</ele><time></time></trkpt>
<trkpt lat="33.46079961396754" lon="126.76016505807638"><ele>316.6</ele><time></time></trkpt>
<trkpt lat="33.46079031005502" lon="126.76016522571445"><ele>316.6</ele><time></time></trkpt>
<trkpt lat="33.46078704111278" lon="126.76016807556152"><ele>316.8</ele><time></time></trkpt>
<trkpt lat="33.460782431066036" lon="126.76016975194216"><ele>316.8</ele><time></time></trkpt>
<trkpt lat="33.460776060819626" lon="126.76016388460994"><ele>316.6</ele><time></time></trkpt>
<trkpt lat="33.46077295951545" lon="126.76015726290643"><ele>316.6</ele><time></time></trkpt>
<trkpt lat="33.46077195368707" lon="126.76014142110944"><ele>316.8</ele><time></time></trkpt>
<trkpt lat="33.4607686009258" lon="126.76013111136854"><ele>316.8</ele><time></time></trkpt>
<trkpt lat="33.460741359740496" lon="126.76010646857321"><ele>316.8</ele><time></time></trkpt>
<trkpt lat="33.460702216252685" lon="126.76008945330977"><ele>317.2</ele><time></time></trkpt>
<trkpt lat="33.46068545244634" lon="126.76009112969041"><ele>317.6</ele><time></time></trkpt>
<trkpt lat="33.46065661869943" lon="126.76009565591812"><ele>317.6</ele><time></time></trkpt>
<trkpt lat="33.46062292344868" lon="126.76009976305068"><ele>317.4</ele><time></time></trkpt>
<trkpt lat="33.46060875803232" lon="126.76009858958423"><ele>317.0</ele><time></time></trkpt>
<trkpt lat="33.46058093011379" lon="126.76008576527238"><ele>316.4</ele><time></time></trkpt>
<trkpt lat="33.46056550741196" lon="126.76007755100727"><ele>316.2</ele><time></time></trkpt>
<trkpt lat="33.46053650602698" lon="126.7600815743208"><ele>315.8</ele><time></time></trkpt>
<trkpt lat="33.46051781438291" lon="126.76009917631745"><ele>315.4</ele><time></time></trkpt>
<trkpt lat="33.46051102504134" lon="126.76010848022997"><ele>315.2</ele><time></time></trkpt>
<trkpt lat="33.460496105253696" lon="126.76012080162764"><ele>314.8</ele><time></time></trkpt>
<trkpt lat="33.460480431094766" lon="126.76012264564633"><ele>314.6</ele><time></time></trkpt>
<trkpt lat="33.46047037281096" lon="126.76011711359024"><ele>314.4</ele><time></time></trkpt>
<trkpt lat="33.460451094433665" lon="126.76011803559959"><ele>314.4</ele><time></time></trkpt>
<trkpt lat="33.46044640056789" lon="126.76012029871345"><ele>314.2</ele><time></time></trkpt>
<trkpt lat="33.46043676137924" lon="126.76012314856052"><ele>314.2</ele><time></time></trkpt>
<trkpt lat="33.46042041666806" lon="126.76011099480093"><ele>314.2</ele><time></time></trkpt>
<trkpt lat="33.460411028936505" lon="126.76010546274483"><ele>314.2</ele><time></time></trkpt>
<trkpt lat="33.46039501950145" lon="126.76008769311011"><ele>314.4</ele><time></time></trkpt>
<trkpt lat="33.460387140512466" lon="126.76008040085435"><ele>314.6</ele><time></time></trkpt>
<trkpt lat="33.46037004143" lon="126.76007109694183"><ele>314.4</ele><time></time></trkpt>
<trkpt lat="33.460352858528495" lon="126.76006187684834"><ele>314.2</ele><time></time></trkpt>
<trkpt lat="33.46034481190145" lon="126.76005718298256"><ele>314.0</ele><time></time></trkpt>
<trkpt lat="33.46032980829477" lon="126.76005106419325"><ele>313.8</ele><time></time></trkpt>
<trkpt lat="33.46031405031681" lon="126.76004720851779"><ele>313.6</ele><time></time></trkpt>
<trkpt lat="33.4603076800704" lon="126.7600446101278"><ele>313.4</ele><time></time></trkpt>
<trkpt lat="33.460294269025326" lon="126.7600379884243"><ele>313.4</ele><time></time></trkpt>
<trkpt lat="33.46028613857925" lon="126.760034551844"><ele>313.2</ele><time></time></trkpt>
<trkpt lat="33.46026920713484" lon="126.76002457737923"><ele>313.0</ele><time></time></trkpt>
<trkpt lat="33.46025194041431" lon="126.7600120883435"><ele>313.0</ele><time></time></trkpt>
<trkpt lat="33.46024422906339" lon="126.76000555045903"><ele>313.0</ele><time></time></trkpt>
<trkpt lat="33.460228806361556" lon="126.75999582745135"><ele>313.0</ele><time></time></trkpt>
<trkpt lat="33.46021573059261" lon="126.75998392514884"><ele>312.4</ele><time></time></trkpt>
<trkpt lat="33.46021053381264" lon="126.75997638143599"><ele>312.2</ele><time></time></trkpt>
<trkpt lat="33.46019921824336" lon="126.75996179692447"><ele>311.8</ele><time></time></trkpt>
<trkpt lat="33.46019293181598" lon="126.75995592959225"><ele>311.8</ele><time></time></trkpt>
<trkpt lat="33.4601781796664" lon="126.7599433567375"><ele>311.4</ele><time></time></trkpt>
<trkpt lat="33.460163343697786" lon="126.75993447192013"><ele>311.0</ele><time></time></trkpt>
<trkpt lat="33.46015630289912" lon="126.75992977805436"><ele>310.8</ele><time></time></trkpt>
<trkpt lat="33.46014138311148" lon="126.75992399454117"><ele>310.4</ele><time></time></trkpt>
<trkpt lat="33.460134845227" lon="126.75992256961763"><ele>310.2</ele><time></time></trkpt>
<trkpt lat="33.4601213503629" lon="126.75991225987673"><ele>309.8</ele><time></time></trkpt>
<trkpt lat="33.46010643057525" lon="126.75990144722164"><ele>309.2</ele><time></time></trkpt>
<trkpt lat="33.460102742537856" lon="126.75990027375519"><ele>309.0</ele><time></time></trkpt>
<trkpt lat="33.46009025350213" lon="126.75989457406104"><ele>308.6</ele><time></time></trkpt>
<trkpt lat="33.46007994376123" lon="126.75988644361496"><ele>308.4</ele><time></time></trkpt>
<trkpt lat="33.460077345371246" lon="126.75988242030144"><ele>308.2</ele><time></time></trkpt>
<trkpt lat="33.460065107792616" lon="126.7598722781986"><ele>307.8</ele><time></time></trkpt>
<trkpt lat="33.460058653727174" lon="126.75986599177122"><ele>307.6</ele><time></time></trkpt>
<trkpt lat="33.4600468352437" lon="126.75985333509743"><ele>307.2</ele><time></time></trkpt>
<trkpt lat="33.460040213540196" lon="126.75984009169042"><ele>306.8</ele><time></time></trkpt>
<trkpt lat="33.46003593876958" lon="126.75983221270144"><ele>306.6</ele><time></time></trkpt>
<trkpt lat="33.46002328209579" lon="126.75981343723834"><ele>306.2</ele><time></time></trkpt>
<trkpt lat="33.46001498401165" lon="126.75980321131647"><ele>305.8</ele><time></time></trkpt>
<trkpt lat="33.46001003868878" lon="126.75979348830879"><ele>305.6</ele><time></time></trkpt>
<trkpt lat="33.460001070052385" lon="126.75977546721697"><ele>305.0</ele><time></time></trkpt>
<trkpt lat="33.4599968791008" lon="126.75976457074285"><ele>304.8</ele><time></time></trkpt>
<trkpt lat="33.45998992212117" lon="126.75974403508008"><ele>304.4</ele><time></time></trkpt>
<trkpt lat="33.4599828813225" lon="126.75971922464669"><ele>304.0</ele><time></time></trkpt>
<trkpt lat="33.45998019911349" lon="126.75970690324903"><ele>303.6</ele><time></time></trkpt>
<trkpt lat="33.459971314296126" lon="126.75968469120562"><ele>303.0</ele><time></time></trkpt>
<trkpt lat="33.45996670424938" lon="126.7596772313118"><ele>302.8</ele><time></time></trkpt>
<trkpt lat="33.45996167510748" lon="126.75966256298125"><ele>302.2</ele><time></time></trkpt>
<trkpt lat="33.459956143051386" lon="126.75964479334652"><ele>301.8</ele><time></time></trkpt>
<trkpt lat="33.4599519520998" lon="126.75963657908142"><ele>301.6</ele><time></time></trkpt>
<trkpt lat="33.459943905472755" lon="126.75961872562766"><ele>301.0</ele><time></time></trkpt>
<trkpt lat="33.45994122326374" lon="126.75960548222065"><ele>300.4</ele><time></time></trkpt>
<trkpt lat="33.45993761904538" lon="126.75959919579327"><ele>300.2</ele><time></time></trkpt>
<trkpt lat="33.45993443392217" lon="126.75958067178726"><ele>299.6</ele><time></time></trkpt>
<trkpt lat="33.45993543975055" lon="126.75956935621798"><ele>299.4</ele><time></time></trkpt>
<trkpt lat="33.45993351191282" lon="126.75954345613718"><ele>299.2</ele><time></time></trkpt>
<trkpt lat="33.459930745884776" lon="126.75952325575054"><ele>299.0</ele><time></time></trkpt>
<trkpt lat="33.45992915332317" lon="126.75951210781932"><ele>299.0</ele><time></time></trkpt>
<trkpt lat="33.459921944886446" lon="126.7595046479255"><ele>298.4</ele><time></time></trkpt>
<trkpt lat="33.4599191788584" lon="126.75948486663401"><ele>297.8</ele><time></time></trkpt>
<trkpt lat="33.45991666428745" lon="126.7594753112644"><ele>297.4</ele><time></time></trkpt>
<trkpt lat="33.45991188660264" lon="126.7594562843442"><ele>296.8</ele><time></time></trkpt>
<trkpt lat="33.45990853384137" lon="126.7594489082694"><ele>296.6</ele><time></time></trkpt>
<trkpt lat="33.45989705063403" lon="126.75943021662533"><ele>296.0</ele><time></time></trkpt>
<trkpt lat="33.459884813055396" lon="126.75941278226674"><ele>295.4</ele><time></time></trkpt>
<trkpt lat="33.45988028682768" lon="126.75940322689712"><ele>295.2</ele><time></time></trkpt>
<trkpt lat="33.45987617969513" lon="126.75938344560564"><ele>294.6</ele><time></time></trkpt>
<trkpt lat="33.45987433567643" lon="126.75936383195221"><ele>294.0</ele><time></time></trkpt>
<trkpt lat="33.45987031236291" lon="126.75935804843903"><ele>293.8</ele><time></time></trkpt>
<trkpt lat="33.45986637286842" lon="126.75935201346874"><ele>293.4</ele><time></time></trkpt>
<trkpt lat="33.45986595377326" lon="126.75934723578393"><ele>293.2</ele><time></time></trkpt>
<trkpt lat="33.45985857769847" lon="126.7593365907669"><ele>293.0</ele><time></time></trkpt>
<trkpt lat="33.4598499443382" lon="126.75932141952217"><ele>292.6</ele><time></time></trkpt>
<trkpt lat="33.45984457992017" lon="126.75931320525706"><ele>292.2</ele><time></time></trkpt>
<trkpt lat="33.45983401872218" lon="126.7593003809452"><ele>291.4</ele><time></time></trkpt>
<trkpt lat="33.4598311688751" lon="126.7592956032604"><ele>291.0</ele><time></time></trkpt>
<trkpt lat="33.45982630737126" lon="126.75928437151015"><ele>290.4</ele><time></time></trkpt>
<trkpt lat="33.4598174225539" lon="126.75927221775055"><ele>290.0</ele><time></time></trkpt>
<trkpt lat="33.45981230959296" lon="126.75926542840898"><ele>289.8</ele><time></time></trkpt>
<trkpt lat="33.45980820246041" lon="126.75926224328578"><ele>289.4</ele><time></time></trkpt>
<trkpt lat="33.459796803072095" lon="126.75925964489579"><ele>289.2</ele><time></time></trkpt>
<trkpt lat="33.45979219302535" lon="126.75925495103002"><ele>289.2</ele><time></time></trkpt>
<trkpt lat="33.45977853052318" lon="126.75924665294588"><ele>289.0</ele><time></time></trkpt>
<trkpt lat="33.459770483896136" lon="126.75924313254654"><ele>288.6</ele><time></time></trkpt>
<trkpt lat="33.45975682139397" lon="126.75924003124237"><ele>288.0</ele><time></time></trkpt>
<trkpt lat="33.45974860712886" lon="126.75923089496791"><ele>287.4</ele><time></time></trkpt>
<trkpt lat="33.45974341034889" lon="126.75922561436892"><ele>287.2</ele><time></time></trkpt>
<trkpt lat="33.45973402261734" lon="126.7592163104564"><ele>286.8</ele><time></time></trkpt>
<trkpt lat="33.45971994102001" lon="126.75921195186675"><ele>286.4</ele><time></time></trkpt>
<trkpt lat="33.459715163335204" lon="126.75920968875289"><ele>286.4</ele><time></time></trkpt>
<trkpt lat="33.459707368165255" lon="126.7592036537826"><ele>286.0</ele><time></time></trkpt>
<trkpt lat="33.45970267429948" lon="126.75919979810715"><ele>285.8</ele><time></time></trkpt>
<trkpt lat="33.459694711491466" lon="126.75920097157359"><ele>285.4</ele><time></time></trkpt>
<trkpt lat="33.4596913587302" lon="126.75920641981065"><ele>284.8</ele><time></time></trkpt>
<trkpt lat="33.45968867652118" lon="126.75919803790748"><ele>284.8</ele><time></time></trkpt>
<trkpt lat="33.45967778004706" lon="126.75919661298394"><ele>284.8</ele><time></time></trkpt>
<trkpt lat="33.459672247990966" lon="126.75918890163302"><ele>284.6</ele><time></time></trkpt>
<trkpt lat="33.45966327935457" lon="126.7591798491776"><ele>284.2</ele><time></time></trkpt>
<trkpt lat="33.459655148908496" lon="126.75916224718094"><ele>283.6</ele><time></time></trkpt>
<trkpt lat="33.45965011976659" lon="126.75915847532451"><ele>283.4</ele><time></time></trkpt>
<trkpt lat="33.459640983492136" lon="126.75914833322167"><ele>282.8</ele><time></time></trkpt>
<trkpt lat="33.459637966006994" lon="126.75914405845106"><ele>282.4</ele><time></time></trkpt>
<trkpt lat="33.4596361219883" lon="126.75913936458528"><ele>282.4</ele><time></time></trkpt>
<trkpt lat="33.45963075757027" lon="126.7591346707195"><ele>282.0</ele><time></time></trkpt>
<trkpt lat="33.45962757244706" lon="126.75913223996758"><ele>281.8</ele><time></time></trkpt>
<trkpt lat="33.45961810089648" lon="126.75912494771183"><ele>281.2</ele><time></time></trkpt>
<trkpt lat="33.45960360020399" lon="126.75911447033286"><ele>280.8</ele><time></time></trkpt>
<trkpt lat="33.45959588885307" lon="126.75910944119096"><ele>280.6</ele><time></time></trkpt>
<trkpt lat="33.45958214253187" lon="126.75909938290715"><ele>280.2</ele><time></time></trkpt>
<trkpt lat="33.45956940203905" lon="126.75909049808979"><ele>280.0</ele><time></time></trkpt>
<trkpt lat="33.45956588163972" lon="126.75908538512886"><ele>279.8</ele><time></time></trkpt>
<trkpt lat="33.45955875702202" lon="126.75907867960632"><ele>279.4</ele><time></time></trkpt>
<trkpt lat="33.459557835012674" lon="126.75907499156892"><ele>279.2</ele><time></time></trkpt>
<trkpt lat="33.4595547337085" lon="126.75906870514154"><ele>279.0</ele><time></time></trkpt>
<trkpt lat="33.459546603262424" lon="126.7590574733913"><ele>278.6</ele><time></time></trkpt>
<trkpt lat="33.459540316835046" lon="126.75905177369714"><ele>278.4</ele><time></time></trkpt>
<trkpt lat="33.459529587998986" lon="126.75903987139463"><ele>278.0</ele><time></time></trkpt>
<trkpt lat="33.45952640287578" lon="126.75903903320432"><ele>277.8</ele><time></time></trkpt>
<trkpt lat="33.459514835849404" lon="126.75903199240565"><ele>277.4</ele><time></time></trkpt>
<trkpt lat="33.459504609927535" lon="126.75902310758829"><ele>277.0</ele><time></time></trkpt>
<trkpt lat="33.459501257166266" lon="126.75901648588479"><ele>276.6</ele><time></time></trkpt>
<trkpt lat="33.45949170179665" lon="126.75900257192552"><ele>276.2</ele><time></time></trkpt>
<trkpt lat="33.459480134770274" lon="126.75898765213788"><ele>275.8</ele><time></time></trkpt>
<trkpt lat="33.45947585999966" lon="126.75898212008178"><ele>275.6</ele><time></time></trkpt>
<trkpt lat="33.45946320332587" lon="126.75897063687444"><ele>275.0</ele><time></time></trkpt>
<trkpt lat="33.459454821422696" lon="126.75896518863738"><ele>274.8</ele><time></time></trkpt>
<trkpt lat="33.459441578015685" lon="126.75895370543003"><ele>274.4</ele><time></time></trkpt>
<trkpt lat="33.4594321064651" lon="126.75894540734589"><ele>273.8</ele><time></time></trkpt>
<trkpt lat="33.45942724496126" lon="126.75894238986075"><ele>273.6</ele><time></time></trkpt>
<trkpt lat="33.45941634848714" lon="126.75893694162369"><ele>273.4</ele><time></time></trkpt>
<trkpt lat="33.459410313516855" lon="126.75893124192953"><ele>273.0</ele><time></time></trkpt>
<trkpt lat="33.459406876936555" lon="126.75892026163638"><ele>272.2</ele><time></time></trkpt>
<trkpt lat="33.45939623191953" lon="126.75890483893454"><ele>271.6</ele><time></time></trkpt>
<trkpt lat="33.459389358758926" lon="126.75889779813588"><ele>271.4</ele><time></time></trkpt>
<trkpt lat="33.45937485806644" lon="126.75888849422336"><ele>271.0</ele><time></time></trkpt>
<trkpt lat="33.45935733988881" lon="126.75888027995825"><ele>270.6</ele><time></time></trkpt>
<trkpt lat="33.45934895798564" lon="126.75887558609247"><ele>270.2</ele><time></time></trkpt>
<trkpt lat="33.45933177508414" lon="126.75886770710349"><ele>269.8</ele><time></time></trkpt>
<trkpt lat="33.459317944943905" lon="126.75885815173388"><ele>269.0</ele><time></time></trkpt>
<trkpt lat="33.45931149087846" lon="126.75885194912553"><ele>268.8</ele><time></time></trkpt>
<trkpt lat="33.459297409281135" lon="126.75884222611785"><ele>268.2</ele><time></time></trkpt>
<trkpt lat="33.459292966872454" lon="126.75883652642369"><ele>267.8</ele><time></time></trkpt>
<trkpt lat="33.45928626134992" lon="126.75882747396827"><ele>267.6</ele><time></time></trkpt>
<trkpt lat="33.459283243864775" lon="126.75882521085441"><ele>267.2</ele><time></time></trkpt>
<trkpt lat="33.45928106456995" lon="126.75882009789348"><ele>267.0</ele><time></time></trkpt>
<trkpt lat="33.459278382360935" lon="126.75881825387478"><ele>266.6</ele><time></time></trkpt>
<trkpt lat="33.45927502959967" lon="126.75881314091384"><ele>266.6</ele><time></time></trkpt>
<trkpt lat="33.45926648005843" lon="126.75879838876426"><ele>266.2</ele><time></time></trkpt>
<trkpt lat="33.45925407484174" lon="126.75878162495792"><ele>265.8</ele><time></time></trkpt>
<trkpt lat="33.45924887806177" lon="126.7587691359222"><ele>265.4</ele><time></time></trkpt>
<trkpt lat="33.45923596993089" lon="126.75874742679298"><ele>264.8</ele><time></time></trkpt>
<trkpt lat="33.45922197215259" lon="126.75872613675892"><ele>264.4</ele><time></time></trkpt>
<trkpt lat="33.45921660773456" lon="126.75871515646577"><ele>264.0</ele><time></time></trkpt>
<trkpt lat="33.45920286141336" lon="126.75869210623205"><ele>263.2</ele><time></time></trkpt>
<trkpt lat="33.45919498242438" lon="126.7586824670434"><ele>262.8</ele><time></time></trkpt>
<trkpt lat="33.459178721532226" lon="126.75866704434156"><ele>262.2</ele><time></time></trkpt>
<trkpt lat="33.459169417619705" lon="126.75865204073489"><ele>261.4</ele><time></time></trkpt>
<trkpt lat="33.45916338264942" lon="126.75864533521235"><ele>261.0</ele><time></time></trkpt>
<trkpt lat="33.459149887785316" lon="126.75862287171185"><ele>260.4</ele><time></time></trkpt>
<trkpt lat="33.459138572216034" lon="126.75860141403973"><ele>259.8</ele><time></time></trkpt>
<trkpt lat="33.45913387835026" lon="126.7585997376591"><ele>259.6</ele><time></time></trkpt>
<trkpt lat="33.45912868157029" lon="126.75859085284173"><ele>259.2</ele><time></time></trkpt>
<trkpt lat="33.45912717282772" lon="126.7585875838995"><ele>259.2</ele><time></time></trkpt>
<trkpt lat="33.459126418456435" lon="126.75855489447713"><ele>259.0</ele><time></time></trkpt>
<trkpt lat="33.4591144323349" lon="126.75853678956628"><ele>258.6</ele><time></time></trkpt>
<trkpt lat="33.45911795273423" lon="126.75850678235292"><ele>257.8</ele><time></time></trkpt>
<trkpt lat="33.459106804803014" lon="126.75848146900535"><ele>257.6</ele><time></time></trkpt>
<trkpt lat="33.45910160802305" lon="126.75847702659667"><ele>257.6</ele><time></time></trkpt>
<trkpt lat="33.45908752642572" lon="126.75846889615059"><ele>257.4</ele><time></time></trkpt>
<trkpt lat="33.4590729419142" lon="126.75846537575126"><ele>257.4</ele><time></time></trkpt>
<trkpt lat="33.45906665548682" lon="126.75846386700869"><ele>257.4</ele><time></time></trkpt>
<trkpt lat="33.45906556583941" lon="126.75845615565777"><ele>257.6</ele><time></time></trkpt>
<trkpt lat="33.459060871973634" lon="126.75844735465944"><ele>257.4</ele><time></time></trkpt>
<trkpt lat="33.45905324444175" lon="126.75843939185143"><ele>257.4</ele><time></time></trkpt>
<trkpt lat="33.4590317029506" lon="126.75841642543674"><ele>257.2</ele><time></time></trkpt>
<trkpt lat="33.459026170894504" lon="126.75840510986745"><ele>257.2</ele><time></time></trkpt>
<trkpt lat="33.45902902074158" lon="126.75837761722505"><ele>257.2</ele><time></time></trkpt>
<trkpt lat="33.45901619642973" lon="126.75835029222071"><ele>257.2</ele><time></time></trkpt>
<trkpt lat="33.45901183784008" lon="126.75835574045777"><ele>257.2</ele><time></time></trkpt>
<trkpt lat="33.45899096690118" lon="126.75833621062338"><ele>257.2</ele><time></time></trkpt>
<trkpt lat="33.45900010317564" lon="126.75833436660469"><ele>257.8</ele><time></time></trkpt>
<trkpt lat="33.45899574458599" lon="126.75834635272622"><ele>257.4</ele><time></time></trkpt>
<trkpt lat="33.45897671766579" lon="126.75837309099734"><ele>257.4</ele><time></time></trkpt>
<trkpt lat="33.458971520885825" lon="126.75838851369917"><ele>257.6</ele><time></time></trkpt>
<trkpt lat="33.45895282924175" lon="126.75841248594224"><ele>257.6</ele><time></time></trkpt>
<trkpt lat="33.458941262215376" lon="126.75843897275627"><ele>257.6</ele><time></time></trkpt>
<trkpt lat="33.4589381609112" lon="126.75843629054725"><ele>257.6</ele><time></time></trkpt>
<trkpt lat="33.458917289972305" lon="126.75844710320234"><ele>257.4</ele><time></time></trkpt>
<trkpt lat="33.45890840515494" lon="126.75845934078097"><ele>257.2</ele><time></time></trkpt>
<trkpt lat="33.45888527110219" lon="126.75848121754825"><ele>256.6</ele><time></time></trkpt>
<trkpt lat="33.4588641487062" lon="126.75850728526711"><ele>256.4</ele><time></time></trkpt>
<trkpt lat="33.458852749317884" lon="126.75852010957897"><ele>256.2</ele><time></time></trkpt>
<trkpt lat="33.4588279388845" lon="126.75854684785008"><ele>256.0</ele><time></time></trkpt>
<trkpt lat="33.45881192944944" lon="126.75857693888247"><ele>255.8</ele><time></time></trkpt>
<trkpt lat="33.458802876994014" lon="126.75859294831753"><ele>255.6</ele><time></time></trkpt>
<trkpt lat="33.458787286654115" lon="126.75862270407379"><ele>255.2</ele><time></time></trkpt>
<trkpt lat="33.45877680927515" lon="126.75863829441369"><ele>255.2</ele><time></time></trkpt>
<trkpt lat="33.458752585574985" lon="126.75866696052253"><ele>255.0</ele><time></time></trkpt>
<trkpt lat="33.45873665995896" lon="126.75868816673756"><ele>254.6</ele><time></time></trkpt>
<trkpt lat="33.45872584730387" lon="126.75869856029749"><ele>254.4</ele><time></time></trkpt>
<trkpt lat="33.458705646917224" lon="126.75871356390417"><ele>254.0</ele><time></time></trkpt>
<trkpt lat="33.4586794115603" lon="126.75873192027211"><ele>253.8</ele><time></time></trkpt>
<trkpt lat="33.4586704429239" lon="126.75874474458396"><ele>253.6</ele><time></time></trkpt>
<trkpt lat="33.458662144839764" lon="126.75876854918897"><ele>253.4</ele><time></time></trkpt>
<trkpt lat="33.458656780421734" lon="126.75877743400633"><ele>253.2</ele><time></time></trkpt>
<trkpt lat="33.4586413577199" lon="126.75880073569715"><ele>252.8</ele><time></time></trkpt>
<trkpt lat="33.45861906185746" lon="126.75882135517895"><ele>252.6</ele><time></time></trkpt>
<trkpt lat="33.45860590226948" lon="126.75882864743471"><ele>252.6</ele><time></time></trkpt>
<trkpt lat="33.45857254229486" lon="126.7588449921459"><ele>252.4</ele><time></time></trkpt>
<trkpt lat="33.45855829305947" lon="126.7588568944484"><ele>252.4</ele><time></time></trkpt>
<trkpt lat="33.458525855094194" lon="126.75888086669147"><ele>252.2</ele><time></time></trkpt>
<trkpt lat="33.458501547575" lon="126.75890584476292"><ele>251.8</ele><time></time></trkpt>
<trkpt lat="33.45848947763443" lon="126.7589187528938"><ele>251.6</ele><time></time></trkpt>
<trkpt lat="33.45846751704812" lon="126.75894389860332"><ele>251.2</ele><time></time></trkpt>
<trkpt lat="33.458442371338606" lon="126.75896954722703"><ele>251.0</ele><time></time></trkpt>
<trkpt lat="33.458431558683515" lon="126.75898212008178"><ele>250.8</ele><time></time></trkpt>
<trkpt lat="33.45840892754495" lon="126.75900760106742"><ele>250.2</ele><time></time></trkpt>
<trkpt lat="33.45839945599437" lon="126.75901724025607"><ele>250.0</ele><time></time></trkpt>
<trkpt lat="33.45838109962642" lon="126.75903433933854"><ele>249.8</ele><time></time></trkpt>
<trkpt lat="33.45835746265948" lon="126.75905428826809"><ele>249.6</ele><time></time></trkpt>
<trkpt lat="33.458347488194704" lon="126.75906443037093"><ele>249.4</ele><time></time></trkpt>
<trkpt lat="33.45831764861941" lon="126.759083122015"><ele>248.8</ele><time></time></trkpt>
<trkpt lat="33.45830029807985" lon="126.7590728122741"><ele>248.6</ele><time></time></trkpt>
<trkpt lat="33.458298621699214" lon="126.75907038152218"><ele>248.4</ele><time></time></trkpt>
<trkpt lat="33.458296693861485" lon="126.75907013006508"><ele>248.2</ele><time></time></trkpt>
<trkpt lat="33.45830197446048" lon="126.75906283780932"><ele>248.4</ele><time></time></trkpt>
<trkpt lat="33.45831898972392" lon="126.75908982753754"><ele>248.4</ele><time></time></trkpt>
<trkpt lat="33.45834321342409" lon="126.75911681726575"><ele>248.0</ele><time></time></trkpt>
<trkpt lat="33.45834581181407" lon="126.75911882892251"><ele>248.0</ele><time></time></trkpt>
<trkpt lat="33.458350002765656" lon="126.75912771373987"><ele>248.0</ele><time></time></trkpt>
<trkpt lat="33.45832200720906" lon="126.75908991135657"><ele>247.8</ele><time></time></trkpt>
<trkpt lat="33.45831220038235" lon="126.75907641649246"><ele>248.2</ele><time></time></trkpt>
<trkpt lat="33.45828671939671" lon="126.75905244424939"><ele>249.0</ele><time></time></trkpt>
<trkpt lat="33.45827884040773" lon="126.75904070958495"><ele>249.4</ele><time></time></trkpt>
<trkpt lat="33.4582787565887" lon="126.75898949615657"><ele>250.0</ele><time></time></trkpt>
<trkpt lat="33.458287892863154" lon="126.7589657753706"><ele>250.0</ele><time></time></trkpt>
<trkpt lat="33.458290826529264" lon="126.75897122360766"><ele>249.4</ele><time></time></trkpt>
<trkpt lat="33.458282193169" lon="126.75895940512419"><ele>249.8</ele><time></time></trkpt>
<trkpt lat="33.45826970413327" lon="126.75894658081234"><ele>250.0</ele><time></time></trkpt>
<trkpt lat="33.45823986455798" lon="126.75894431769848"><ele>250.4</ele><time></time></trkpt>
<trkpt lat="33.45819493755698" lon="126.7589205969125"><ele>251.0</ele><time></time></trkpt>
<trkpt lat="33.45818596892059" lon="126.75890282727778"><ele>251.2</ele><time></time></trkpt>
<trkpt lat="33.45818831585348" lon="126.75889444537461"><ele>251.4</ele><time></time></trkpt>
<trkpt lat="33.45818999223411" lon="126.75888530910015"><ele>251.2</ele><time></time></trkpt>
<trkpt lat="33.45819007605314" lon="126.75888262689114"><ele>251.2</ele><time></time></trkpt>
<trkpt lat="33.45818990841508" lon="126.75887826830149"><ele>251.4</ele><time></time></trkpt>
<trkpt lat="33.45819242298603" lon="126.75888455472887"><ele>251.6</ele><time></time></trkpt>
<trkpt lat="33.45819292590022" lon="126.75891095772386"><ele>251.4</ele><time></time></trkpt>
<trkpt lat="33.45819937996566" lon="126.75892990082502"><ele>251.0</ele><time></time></trkpt>
<trkpt lat="33.45820063725114" lon="126.75893526524305"><ele>250.8</ele><time></time></trkpt>
<trkpt lat="33.45819787122309" lon="126.7589639313519"><ele>250.8</ele><time></time></trkpt>
<trkpt lat="33.45819711685181" lon="126.75897533074021"><ele>250.4</ele><time></time></trkpt>
<trkpt lat="33.45819585956633" lon="126.75898094661534"><ele>250.4</ele><time></time></trkpt>
<trkpt lat="33.45819619484246" lon="126.7589900828898"><ele>250.2</ele><time></time></trkpt>
<trkpt lat="33.458196613937616" lon="126.75899628549814"><ele>250.0</ele><time></time></trkpt>
<trkpt lat="33.45819326117635" lon="126.75901145674288"><ele>249.8</ele><time></time></trkpt>
<trkpt lat="33.45818990841508" lon="126.75905177369714"><ele>249.4</ele><time></time></trkpt>
<trkpt lat="33.4581836219877" lon="126.759077841416"><ele>249.0</ele><time></time></trkpt>
<trkpt lat="33.45816266722977" lon="126.7591346707195"><ele>248.0</ele><time></time></trkpt>
<trkpt lat="33.45815445296466" lon="126.75915772095323"><ele>247.6</ele><time></time></trkpt>
<trkpt lat="33.45813827589154" lon="126.75919979810715"><ele>246.8</ele><time></time></trkpt>
<trkpt lat="33.45812452957034" lon="126.7592334933579"><ele>246.2</ele><time></time></trkpt>
<trkpt lat="33.45812000334263" lon="126.759252268821"><ele>245.8</ele><time></time></trkpt>
<trkpt lat="33.45810977742076" lon="126.75928043201566"><ele>245.2</ele><time></time></trkpt>
<trkpt lat="33.45810298807919" lon="126.75929769873619"><ele>244.6</ele><time></time></trkpt>
<trkpt lat="33.45810307189822" lon="126.75930163823068"><ele>244.4</ele><time></time></trkpt>
<trkpt lat="33.45809460617602" lon="126.75931613892317"><ele>244.2</ele><time></time></trkpt>
<trkpt lat="33.45808940939605" lon="126.75932703539729"><ele>244.2</ele><time></time></trkpt>
<trkpt lat="33.45807616598904" lon="126.75934606231749"><ele>244.2</ele><time></time></trkpt>
<trkpt lat="33.45806543715298" lon="126.75935779698193"><ele>244.2</ele><time></time></trkpt>
<trkpt lat="33.45806275494397" lon="126.75936014391482"><ele>244.2</ele><time></time></trkpt>
<trkpt lat="33.458057809621096" lon="126.75936441868544"><ele>244.0</ele><time></time></trkpt>
<trkpt lat="33.458045069128275" lon="126.75937296822667"><ele>244.0</ele><time></time></trkpt>
<trkpt lat="33.45804054290056" lon="126.75937565043569"><ele>243.8</ele><time></time></trkpt>
<trkpt lat="33.458028472959995" lon="126.75937984138727"><ele>243.4</ele><time></time></trkpt>
<trkpt lat="33.458020593971014" lon="126.75938218832016"><ele>243.4</ele><time></time></trkpt>
<trkpt lat="33.45800131559372" lon="126.75939258188009"><ele>243.0</ele><time></time></trkpt>
<trkpt lat="33.457981618121266" lon="126.75940674729645"><ele>242.6</ele><time></time></trkpt>
<trkpt lat="33.45797147601843" lon="126.75941496156156"><ele>242.4</ele><time></time></trkpt>
<trkpt lat="33.45795244909823" lon="126.75941839814186"><ele>242.0</ele><time></time></trkpt>
<trkpt lat="33.457948844879866" lon="126.75941630266607"><ele>241.8</ele><time></time></trkpt>
<trkpt lat="33.45793191343546" lon="126.75941579975188"><ele>241.2</ele><time></time></trkpt>
<trkpt lat="33.457910707220435" lon="126.75941579975188"><ele>240.8</ele><time></time></trkpt>
<trkpt lat="33.45790123566985" lon="126.75941781140864"><ele>240.6</ele><time></time></trkpt>
<trkpt lat="33.45788489095867" lon="126.75941764377058"><ele>240.6</ele><time></time></trkpt>
<trkpt lat="33.45785756595433" lon="126.75940515473485"><ele>240.4</ele><time></time></trkpt>
<trkpt lat="33.45784298144281" lon="126.75939769484103"><ele>240.2</ele><time></time></trkpt>
<trkpt lat="33.45781666226685" lon="126.75938093103468"><ele>240.0</ele><time></time></trkpt>
<trkpt lat="33.45780635252595" lon="126.75937196239829"><ele>240.0</ele><time></time></trkpt>
<trkpt lat="33.45778749324381" lon="126.75935377366841"><ele>240.0</ele><time></time></trkpt>
<trkpt lat="33.4577726572752" lon="126.75933650694788"><ele>240.0</ele><time></time></trkpt>
<trkpt lat="33.45776838250458" lon="126.75932577811182"><ele>240.0</ele><time></time></trkpt>
<trkpt lat="33.457771483808756" lon="126.7592940106988"><ele>239.8</ele><time></time></trkpt>
<trkpt lat="33.457772405818105" lon="126.7592660151422"><ele>239.6</ele><time></time></trkpt>
<trkpt lat="33.45777366310358" lon="126.75925402902067"><ele>239.4</ele><time></time></trkpt>
<trkpt lat="33.457775339484215" lon="126.75923625938594"><ele>239.6</ele><time></time></trkpt>
<trkpt lat="33.45777592621744" lon="126.75922703929245"><ele>239.6</ele><time></time></trkpt>
<trkpt lat="33.45777693204582" lon="126.75921429879963"><ele>239.8</ele><time></time></trkpt>
<trkpt lat="33.45777911134064" lon="126.75920792855322"><ele>239.6</ele><time></time></trkpt>
<trkpt lat="33.4577776864171" lon="126.75920373760164"><ele>239.6</ele><time></time></trkpt>
<trkpt lat="33.45776285044849" lon="126.75920491106808"><ele>239.4</ele><time></time></trkpt>
<trkpt lat="33.45776201225817" lon="126.75920524634421"><ele>239.4</ele><time></time></trkpt>
<trkpt lat="33.457754803821445" lon="126.75920859910548"><ele>239.4</ele><time></time></trkpt>
<trkpt lat="33.45773862674832" lon="126.75921387970448"><ele>239.6</ele><time></time></trkpt>
<trkpt lat="33.45773502252996" lon="126.7592163104564"><ele>239.8</ele><time></time></trkpt>
<trkpt lat="33.45772462897003" lon="126.75922360271215"><ele>240.2</ele><time></time></trkpt>
<trkpt lat="33.45770375803113" lon="126.75922201015055"><ele>240.4</ele><time></time></trkpt>
<trkpt lat="33.4576933644712" lon="126.75922016613185"><ele>240.4</ele><time></time></trkpt>
<trkpt lat="33.4576809592545" lon="126.75920901820064"><ele>240.8</ele><time></time></trkpt>
<trkpt lat="33.45767727121711" lon="126.75920725800097"><ele>240.8</ele><time></time></trkpt>
<trkpt lat="33.45767039805651" lon="126.7592023126781"><ele>241.0</ele><time></time></trkpt>
<trkpt lat="33.45766318961978" lon="126.75918630324304"><ele>241.2</ele><time></time></trkpt>
<trkpt lat="33.45765430480242" lon="126.75918236374855"><ele>241.2</ele><time></time></trkpt>
<trkpt lat="33.45764231868088" lon="126.75917808897793"><ele>241.6</ele><time></time></trkpt>
<trkpt lat="33.45762697979808" lon="126.75917054526508"><ele>242.0</ele><time></time></trkpt>
<trkpt lat="33.45762077718973" lon="126.7591697908938"><ele>242.2</ele><time></time></trkpt>
<trkpt lat="33.45760250464082" lon="126.75917733460665"><ele>242.4</ele><time></time></trkpt>
<trkpt lat="33.45759043470025" lon="126.75917197018862"><ele>242.6</ele><time></time></trkpt>
<trkpt lat="33.45757903531194" lon="126.75916727632284"><ele>242.8</ele><time></time></trkpt>
<trkpt lat="33.45756453461945" lon="126.7591645102948"><ele>243.2</ele><time></time></trkpt>
<trkpt lat="33.457561768591404" lon="126.75916811451316"><ele>243.4</ele><time></time></trkpt>
<trkpt lat="33.45754165202379" lon="126.75915520638227"><ele>243.6</ele><time></time></trkpt>
<trkpt lat="33.45752773806453" lon="126.75915252417326"><ele>243.6</ele><time></time></trkpt>
<trkpt lat="33.45752161927521" lon="126.75914959050715"><ele>243.6</ele><time></time></trkpt>
<trkpt lat="33.457519272342324" lon="126.75914296880364"><ele>244.0</ele><time></time></trkpt>
<trkpt lat="33.45751499757171" lon="126.75913986749947"><ele>244.0</ele><time></time></trkpt>
<trkpt lat="33.45749722793698" lon="126.75912972539663"><ele>243.8</ele><time></time></trkpt>
<trkpt lat="33.45747945830226" lon="126.75911991856992"><ele>243.6</ele><time></time></trkpt>
<trkpt lat="33.45747451297939" lon="126.75911840982735"><ele>243.8</ele><time></time></trkpt>
<trkpt lat="33.457469400018454" lon="126.75911555998027"><ele>244.0</ele><time></time></trkpt>
<trkpt lat="33.45746227540076" lon="126.75911078229547"><ele>243.8</ele><time></time></trkpt>
<trkpt lat="33.457447942346334" lon="126.75909988582134"><ele>243.8</ele><time></time></trkpt>
<trkpt lat="33.45743142999709" lon="126.75908454693854"><ele>243.8</ele><time></time></trkpt>
<trkpt lat="33.45742631703615" lon="126.75908052362502"><ele>243.8</ele><time></time></trkpt>
<trkpt lat="33.457415252923965" lon="126.7590728122741"><ele>243.8</ele><time></time></trkpt>
<trkpt lat="33.457409385591745" lon="126.7590677831322"><ele>244.0</ele><time></time></trkpt>
<trkpt lat="33.45740117132664" lon="126.75906811840832"><ele>244.0</ele><time></time></trkpt>
<trkpt lat="33.45739345997572" lon="126.75906686112285"><ele>243.6</ele><time></time></trkpt>
<trkpt lat="33.45738306641579" lon="126.75906702876091"><ele>243.8</ele><time></time></trkpt>
<trkpt lat="33.45736077055335" lon="126.75906350836158"><ele>244.0</ele><time></time></trkpt>
<trkpt lat="33.457342414185405" lon="126.75905621610582"><ele>244.6</ele><time></time></trkpt>
<trkpt lat="33.457329254597425" lon="126.75905118696392"><ele>244.6</ele><time></time></trkpt>
<trkpt lat="33.4573117364198" lon="126.75905026495457"><ele>244.6</ele><time></time></trkpt>
<trkpt lat="33.45728835090995" lon="126.75904976204038"><ele>244.6</ele><time></time></trkpt>
<trkpt lat="33.45727636478841" lon="126.75904607400298"><ele>244.8</ele><time></time></trkpt>
<trkpt lat="33.45725406892598" lon="126.75904179923236"><ele>245.0</ele><time></time></trkpt>
<trkpt lat="33.45724484883249" lon="126.75904112868011"><ele>245.2</ele><time></time></trkpt>
<trkpt lat="33.45721987076104" lon="126.75902897492051"><ele>245.2</ele><time></time></trkpt>
<trkpt lat="33.457199754193425" lon="126.75902436487377"><ele>245.2</ele><time></time></trkpt>
<trkpt lat="33.45718977972865" lon="126.75902402959764"><ele>245.2</ele><time></time></trkpt>
<trkpt lat="33.457171842455864" lon="126.75901925191283"><ele>245.2</ele><time></time></trkpt>
<trkpt lat="33.45716530457139" lon="126.75901673734188"><ele>245.2</ele><time></time></trkpt>
<trkpt lat="33.45714719966054" lon="126.75900902599096"><ele>245.2</ele><time></time></trkpt>
<trkpt lat="33.45713957212865" lon="126.7590019851923"><ele>245.4</ele><time></time></trkpt>
<trkpt lat="33.45713655464351" lon="126.75899930298328"><ele>245.4</ele><time></time></trkpt>
<trkpt lat="33.45713010057807" lon="126.75899544730783"><ele>245.6</ele><time></time></trkpt>
<trkpt lat="33.4571214672178" lon="126.75899033434689"><ele>245.6</ele><time></time></trkpt>
<trkpt lat="33.45711652189493" lon="126.7589882388711"><ele>245.6</ele><time></time></trkpt>
<trkpt lat="33.45710210502148" lon="126.75898379646242"><ele>245.8</ele><time></time></trkpt>
<trkpt lat="33.457091795280576" lon="126.75898002460599"><ele>245.8</ele><time></time></trkpt>
<trkpt lat="33.45707058906555" lon="126.75897507928312"><ele>246.0</ele><time></time></trkpt>
<trkpt lat="33.45705240033567" lon="126.7589673679322"><ele>246.4</ele><time></time></trkpt>
<trkpt lat="33.45704468898475" lon="126.7589660268277"><ele>246.4</ele><time></time></trkpt>
<trkpt lat="33.45702415332198" lon="126.7589515261352"><ele>246.6</ele><time></time></trkpt>
<trkpt lat="33.457002360373735" lon="126.75894683226943"><ele>246.6</ele><time></time></trkpt>
<trkpt lat="33.45698978751898" lon="126.75894155167043"><ele>246.8</ele><time></time></trkpt>
<trkpt lat="33.45696983858943" lon="126.75893057137728"><ele>247.2</ele><time></time></trkpt>
<trkpt lat="33.4569610375911" lon="126.7589314095676"><ele>247.4</ele><time></time></trkpt>
<trkpt lat="33.456939244642854" lon="126.75891808234155"><ele>248.0</ele><time></time></trkpt>
<trkpt lat="33.456938825547695" lon="126.75892202183604"><ele>248.8</ele><time></time></trkpt>
<trkpt lat="33.45693161711097" lon="126.7589118797332"><ele>249.0</ele><time></time></trkpt>
<trkpt lat="33.45691351220012" lon="126.75890517421067"><ele>248.8</ele><time></time></trkpt>
<trkpt lat="33.456894401460886" lon="126.75889042206109"><ele>248.8</ele><time></time></trkpt>
<trkpt lat="33.45688534900546" lon="126.75888312980533"><ele>248.8</ele><time></time></trkpt>
<trkpt lat="33.45687252469361" lon="126.75887441262603"><ele>249.0</ele><time></time></trkpt>
<trkpt lat="33.4568643104285" lon="126.75887030549347"><ele>249.2</ele><time></time></trkpt>
<trkpt lat="33.456848887726665" lon="126.75886485725641"><ele>249.6</ele><time></time></trkpt>
<trkpt lat="33.45682960934937" lon="126.75885722972453"><ele>250.0</ele><time></time></trkpt>
<trkpt lat="33.45682131126523" lon="126.75885488279164"><ele>250.0</ele><time></time></trkpt>
<trkpt lat="33.45679918304086" lon="126.75884331576526"><ele>250.2</ele><time></time></trkpt>
<trkpt lat="33.45678803510964" lon="126.75883493386209"><ele>250.2</ele><time></time></trkpt>
<trkpt lat="33.45676263794303" lon="126.75882604904473"><ele>250.4</ele><time></time></trkpt>
<trkpt lat="33.456738414242864" lon="126.75881791859865"><ele>250.6</ele><time></time></trkpt>
<trkpt lat="33.45672852359712" lon="126.7588156554848"><ele>250.6</ele><time></time></trkpt>
<trkpt lat="33.45670589245856" lon="126.75880777649581"><ele>250.8</ele><time></time></trkpt>
<trkpt lat="33.45668074674904" lon="126.7588016577065"><ele>251.0</ele><time></time></trkpt>
<trkpt lat="33.456672029569745" lon="126.75879998132586"><ele>251.0</ele><time></time></trkpt>
<trkpt lat="33.45665375702083" lon="126.75879704765975"><ele>251.0</ele><time></time></trkpt>
<trkpt lat="33.45664395019412" lon="126.7587961256504"><ele>251.2</ele><time></time></trkpt>
<trkpt lat="33.4566190559417" lon="126.75878589972854"><ele>251.4</ele><time></time></trkpt>
<trkpt lat="33.456598268821836" lon="126.75877802073956"><ele>251.4</ele><time></time></trkpt>
<trkpt lat="33.45658678561449" lon="126.75877106375992"><ele>251.4</ele><time></time></trkpt>
<trkpt lat="33.45656675286591" lon="126.75875497050583"><ele>251.6</ele><time></time></trkpt>
<trkpt lat="33.45654571428895" lon="126.75875346176326"><ele>251.8</ele><time></time></trkpt>
<trkpt lat="33.4565328899771" lon="126.7587548866868"><ele>251.8</ele><time></time></trkpt>
<trkpt lat="33.45651294104755" lon="126.75875346176326"><ele>252.0</ele><time></time></trkpt>
<trkpt lat="33.456514701247215" lon="126.75875111483037"><ele>252.0</ele><time></time></trkpt>
<trkpt lat="33.45648888498545" lon="126.75874415785074"><ele>252.2</ele><time></time></trkpt>
<trkpt lat="33.45646457746625" lon="126.75873845815659"><ele>252.2</ele><time></time></trkpt>
<trkpt lat="33.456450244411826" lon="126.7587345186621"><ele>252.2</ele><time></time></trkpt>
<trkpt lat="33.45642467960715" lon="126.75873326137662"><ele>252.4</ele><time></time></trkpt>
<trkpt lat="33.45641277730465" lon="126.75873049534857"><ele>252.6</ele><time></time></trkpt>
<trkpt lat="33.456394420936704" lon="126.75872471183538"><ele>252.6</ele><time></time></trkpt>
<trkpt lat="33.45636977814138" lon="126.75871666520834"><ele>252.4</ele><time></time></trkpt>
<trkpt lat="33.45635670237243" lon="126.75871222279966"><ele>252.4</ele><time></time></trkpt>
<trkpt lat="33.45633524470031" lon="126.75870417617261"><ele>252.4</ele><time></time></trkpt>
<trkpt lat="33.45631546340883" lon="126.75869889557362"><ele>252.2</ele><time></time></trkpt>
<trkpt lat="33.456301130354404" lon="126.75871632993221"><ele>251.8</ele><time></time></trkpt>
<trkpt lat="33.45627984032035" lon="126.75873099826276"><ele>251.6</ele><time></time></trkpt>
<trkpt lat="33.456269949674606" lon="126.75873694941401"><ele>251.2</ele><time></time></trkpt>
<trkpt lat="33.45625159330666" lon="126.75875371322036"><ele>250.8</ele><time></time></trkpt>
<trkpt lat="33.45623340457678" lon="126.75877114757895"><ele>249.8</ele><time></time></trkpt>
<trkpt lat="33.45622519031167" lon="126.75877399742603"><ele>249.4</ele><time></time></trkpt>
<trkpt lat="33.4562099352479" lon="126.75878623500466"><ele>248.6</ele><time></time></trkpt>
<trkpt lat="33.45618998631835" lon="126.75879587419331"><ele>248.2</ele><time></time></trkpt>
<trkpt lat="33.45617640763521" lon="126.75879553891718"><ele>248.0</ele><time></time></trkpt>
<trkpt lat="33.45615151338279" lon="126.7588016577065"><ele>247.4</ele><time></time></trkpt>
<trkpt lat="33.45613785088062" lon="126.75880014896393"><ele>247.2</ele><time></time></trkpt>
<trkpt lat="33.45610985532403" lon="126.75880241207778"><ele>247.0</ele><time></time></trkpt>
<trkpt lat="33.45608747564256" lon="126.7588066868484"><ele>246.8</ele><time></time></trkpt>
<trkpt lat="33.45607238821685" lon="126.75879755057395"><ele>246.8</ele><time></time></trkpt>
<trkpt lat="33.45604103989899" lon="126.75879553891718"><ele>246.6</ele><time></time></trkpt>
<trkpt lat="33.45602762885392" lon="126.75878900103271"><ele>246.4</ele><time></time></trkpt>
<trkpt lat="33.45600365661085" lon="126.75878120586276"><ele>246.2</ele><time></time></trkpt>
<trkpt lat="33.45598245039582" lon="126.75877751782537"><ele>246.0</ele><time></time></trkpt>
<trkpt lat="33.45597205683589" lon="126.75877533853054"><ele>246.0</ele><time></time></trkpt>
<trkpt lat="33.455947414040565" lon="126.75877533853054"><ele>245.6</ele><time></time></trkpt>
<trkpt lat="33.45592989586294" lon="126.7587736621499"><ele>245.2</ele><time></time></trkpt>
<trkpt lat="33.455924866721034" lon="126.75877324305475"><ele>245.2</ele><time></time></trkpt>
<trkpt lat="33.45591086894274" lon="126.75877039320767"><ele>245.2</ele><time></time></trkpt>
<trkpt lat="33.45590173266828" lon="126.75876838155091"><ele>245.2</ele><time></time></trkpt>
<trkpt lat="33.45588203519583" lon="126.758763352409"><ele>245.0</ele><time></time></trkpt>
<trkpt lat="33.455861331894994" lon="126.75876125693321"><ele>244.6</ele><time></time></trkpt>
<trkpt lat="33.455849178135395" lon="126.75876134075224"><ele>244.2</ele><time></time></trkpt>
<trkpt lat="33.45582311041653" lon="126.75875966437161"><ele>243.6</ele><time></time></trkpt>
<trkpt lat="33.455806598067284" lon="126.75876008346677"><ele>243.2</ele><time></time></trkpt>
<trkpt lat="33.45580433495343" lon="126.75875924527645"><ele>243.0</ele><time></time></trkpt>
<trkpt lat="33.45579360611737" lon="126.75875823944807"><ele>243.0</ele><time></time></trkpt>
<trkpt lat="33.45578430220485" lon="126.75875438377261"><ele>243.0</ele><time></time></trkpt>
<trkpt lat="33.455773992463946" lon="126.7587548866868"><ele>243.2</ele><time></time></trkpt>
<trkpt lat="33.455770555883646" lon="126.75874994136393"><ele>243.2</ele><time></time></trkpt>
<trkpt lat="33.4557659458369" lon="126.75874365493655"><ele>243.2</ele><time></time></trkpt>
<trkpt lat="33.455748511478305" lon="126.75872571766376"><ele>243.2</ele><time></time></trkpt>
<trkpt lat="33.45573644153774" lon="126.75871054641902"><ele>243.6</ele><time></time></trkpt>
<trkpt lat="33.455729400739074" lon="126.758699901402"><ele>243.6</ele><time></time></trkpt>
<trkpt lat="33.45571263693273" lon="126.75868489779532"><ele>243.8</ele><time></time></trkpt>
<trkpt lat="33.4557056799531" lon="126.75867802463472"><ele>243.6</ele><time></time></trkpt>
<trkpt lat="33.455692771822214" lon="126.75866109319031"><ele>243.8</ele><time></time></trkpt>
<trkpt lat="33.45568086951971" lon="126.75865321420133"><ele>244.0</ele><time></time></trkpt>
<trkpt lat="33.45567391254008" lon="126.75865262746811"><ele>244.0</ele><time></time></trkpt>
<trkpt lat="33.455662094056606" lon="126.75863879732788"><ele>244.0</ele><time></time></trkpt>
<trkpt lat="33.45565429888666" lon="126.75863108597696"><ele>243.8</ele><time></time></trkpt>
<trkpt lat="33.45563745126128" lon="126.75861909985542"><ele>243.6</ele><time></time></trkpt>
<trkpt lat="33.455621441826224" lon="126.75860426388681"><ele>243.8</ele><time></time></trkpt>
<trkpt lat="33.455614568665624" lon="126.75859462469816"><ele>243.8</ele><time></time></trkpt>
<trkpt lat="33.455600403249264" lon="126.75858272239566"><ele>244.0</ele><time></time></trkpt>
<trkpt lat="33.455586824566126" lon="126.75856604240835"><ele>244.0</ele><time></time></trkpt>
<trkpt lat="33.45558229833841" lon="126.75856227055192"><ele>244.2</ele><time></time></trkpt>
<trkpt lat="33.455565702170134" lon="126.75853955559433"><ele>244.2</ele><time></time></trkpt>
<trkpt lat="33.455561343580484" lon="126.75853301770985"><ele>244.4</ele><time></time></trkpt>
<trkpt lat="33.455558409914374" lon="126.75852488726377"><ele>244.2</ele><time></time></trkpt>
<trkpt lat="33.455549106001854" lon="126.75851591862738"><ele>244.0</ele><time></time></trkpt>
<trkpt lat="33.45554307103157" lon="126.7585112247616"><ele>243.8</ele><time></time></trkpt>
<trkpt lat="33.455532593652606" lon="126.75849286839366"><ele>243.8</ele><time></time></trkpt>
<trkpt lat="33.45552555285394" lon="126.75849278457463"><ele>244.0</ele><time></time></trkpt>
<trkpt lat="33.455528151243925" lon="126.75849890336394"><ele>244.0</ele><time></time></trkpt>
<trkpt lat="33.455516416579485" lon="126.75848121754825"><ele>243.6</ele><time></time></trkpt>
<trkpt lat="33.45550769940019" lon="126.75847719423473"><ele>243.2</ele><time></time></trkpt>
<trkpt lat="33.4554879181087" lon="126.75846529193223"><ele>243.0</ele><time></time></trkpt>
<trkpt lat="33.45547995530069" lon="126.75846059806645"><ele>243.0</ele><time></time></trkpt>
<trkpt lat="33.45547358505428" lon="126.75845975987613"><ele>243.2</ele><time></time></trkpt>
<trkpt lat="33.455457324162126" lon="126.75845850259066"><ele>243.0</ele><time></time></trkpt>
<trkpt lat="33.45544835552573" lon="126.75845665857196"><ele>242.8</ele><time></time></trkpt>
<trkpt lat="33.45543066971004" lon="126.7584528028965"><ele>242.6</ele><time></time></trkpt>
<trkpt lat="33.455406529828906" lon="126.75844718702137"><ele>242.2</ele><time></time></trkpt>
<trkpt lat="33.45539580099285" lon="126.75844266079366"><ele>242.0</ele><time></time></trkpt>
<trkpt lat="33.455377193167806" lon="126.75843729637563"><ele>241.6</ele><time></time></trkpt>
<trkpt lat="33.45536864362657" lon="126.75844953395426"><ele>241.2</ele><time></time></trkpt>
<trkpt lat="33.45536260865629" lon="126.75845372490585"><ele>241.0</ele><time></time></trkpt>
<trkpt lat="33.45535112544894" lon="126.75846185535192"><ele>240.6</ele><time></time></trkpt>
<trkpt lat="33.45534358173609" lon="126.7584662977606"><ele>240.2</ele><time></time></trkpt>
<trkpt lat="33.455327488482" lon="126.75847568549216"><ele>239.6</ele><time></time></trkpt>
<trkpt lat="33.45531139522791" lon="126.75848884508014"><ele>239.0</ele><time></time></trkpt>
<trkpt lat="33.45530468970537" lon="126.75849555060267"><ele>238.6</ele><time></time></trkpt>
<trkpt lat="33.45529052428901" lon="126.75850871019065"><ele>238.0</ele><time></time></trkpt>
<trkpt lat="33.455277029424906" lon="126.75852513872087"><ele>237.4</ele><time></time></trkpt>
<trkpt lat="33.45526906661689" lon="126.75853461027145"><ele>237.0</ele><time></time></trkpt>
<trkpt lat="33.45525372773409" lon="126.75855933688581"><ele>236.2</ele><time></time></trkpt>
<trkpt lat="33.45524308271706" lon="126.75857140682638"><ele>236.0</ele><time></time></trkpt>
<trkpt lat="33.45521567389369" lon="126.75858347676694"><ele>235.2</ele><time></time></trkpt>
<trkpt lat="33.45519178546965" lon="126.75858624279499"><ele>234.8</ele><time></time></trkpt>
<trkpt lat="33.45518105663359" lon="126.75858984701335"><ele>234.6</ele><time></time></trkpt>
<trkpt lat="33.45515783876181" lon="126.75860560499132"><ele>234.0</ele><time></time></trkpt>
<trkpt lat="33.455150462687016" lon="126.7586169205606"><ele>233.8</ele><time></time></trkpt>
<trkpt lat="33.455139650031924" lon="126.75864743068814"><ele>233.2</ele><time></time></trkpt>
<trkpt lat="33.455129005014896" lon="126.75867366604507"><ele>232.6</ele><time></time></trkpt>
<trkpt lat="33.45511693507433" lon="126.75868623889983"><ele>232.4</ele><time></time></trkpt>
<trkpt lat="33.45509405247867" lon="126.75871507264674"><ele>232.0</ele><time></time></trkpt>
<trkpt lat="33.45508483238518" lon="126.75872999243438"><ele>231.4</ele><time></time></trkpt>
<trkpt lat="33.4550838265568" lon="126.7587340157479"><ele>231.2</ele><time></time></trkpt>
<trkpt lat="33.45507678575814" lon="126.75874164327979"><ele>230.6</ele><time></time></trkpt>
<trkpt lat="33.455074271187186" lon="126.75874684005976"><ele>230.2</ele><time></time></trkpt>
<trkpt lat="33.455067398026586" lon="126.75875924527645"><ele>229.8</ele><time></time></trkpt>
<trkpt lat="33.45505306497216" lon="126.75877567380667"><ele>229.0</ele><time></time></trkpt>
<trkpt lat="33.455045856535435" lon="126.75878849811852"><ele>228.8</ele><time></time></trkpt>
<trkpt lat="33.45503680408001" lon="126.75881322473288"><ele>228.6</ele><time></time></trkpt>
<trkpt lat="33.45502917654812" lon="126.75883158110082"><ele>228.8</ele><time></time></trkpt>
<trkpt lat="33.45502322539687" lon="126.7588431481272"><ele>228.8</ele><time></time></trkpt>
<trkpt lat="33.45501274801791" lon="126.75885806791484"><ele>228.8</ele><time></time></trkpt>
<trkpt lat="33.4549992531538" lon="126.75886862911284"><ele>228.8</ele><time></time></trkpt>
<trkpt lat="33.454970670863986" lon="126.75887701101601"><ele>228.6</ele><time></time></trkpt>
<trkpt lat="33.454946614801884" lon="126.75888170488179"><ele>228.6</ele><time></time></trkpt>
<trkpt lat="33.454932449385524" lon="126.75888430327177"><ele>228.6</ele><time></time></trkpt>
<trkpt lat="33.4549112431705" lon="126.75888673402369"><ele>228.4</ele><time></time></trkpt>
<trkpt lat="33.45490336418152" lon="126.75888924859464"><ele>228.4</ele><time></time></trkpt>
<trkpt lat="33.45488442108035" lon="126.75889360718429"><ele>228.4</ele><time></time></trkpt>
<trkpt lat="33.454850390553474" lon="126.75890098325908"><ele>228.4</ele><time></time></trkpt>
<trkpt lat="33.454830860719085" lon="126.75890349783003"><ele>228.6</ele><time></time></trkpt>
<trkpt lat="33.45480269752443" lon="126.75891389138997"><ele>228.6</ele><time></time></trkpt>
<trkpt lat="33.45477554015815" lon="126.75892353057861"><ele>228.6</ele><time></time></trkpt>
<trkpt lat="33.454763470217586" lon="126.7589279729873"><ele>228.8</ele><time></time></trkpt>
<trkpt lat="33.45474796369672" lon="126.75894188694656"><ele>229.0</ele><time></time></trkpt>
<trkpt lat="33.4547402523458" lon="126.75894884392619"><ele>229.2</ele><time></time></trkpt>
<trkpt lat="33.45471234060824" lon="126.75895856693387"><ele>229.6</ele><time></time></trkpt>
<trkpt lat="33.454675963148475" lon="126.75896963104606"><ele>230.0</ele><time></time></trkpt>
<trkpt lat="33.454660875722766" lon="126.75897675566375"><ele>230.2</ele><time></time></trkpt>
<trkpt lat="33.454632544890046" lon="126.75898857414722"><ele>230.2</ele><time></time></trkpt>
<trkpt lat="33.454607566818595" lon="126.75899611786008"><ele>230.2</ele><time></time></trkpt>
<trkpt lat="33.45459759235382" lon="126.75900148227811"><ele>230.2</ele><time></time></trkpt>
<trkpt lat="33.45457906834781" lon="126.75901489332318"><ele>230.2</ele><time></time></trkpt>
<trkpt lat="33.454567082226276" lon="126.75901799462736"><ele>230.2</ele><time></time></trkpt>
<trkpt lat="33.4545415174216" lon="126.75902159884572"><ele>230.2</ele><time></time></trkpt>
<trkpt lat="33.45451779663563" lon="126.75902679562569"><ele>230.2</ele><time></time></trkpt>
<trkpt lat="33.454503966495395" lon="126.75902863964438"><ele>230.2</ele><time></time></trkpt>
<trkpt lat="33.454483011737466" lon="126.75902830436826"><ele>230.4</ele><time></time></trkpt>
<trkpt lat="33.4544725343585" lon="126.75902738235891"><ele>230.2</ele><time></time></trkpt>
<trkpt lat="33.45447236672044" lon="126.7590315733105"><ele>230.2</ele><time></time></trkpt>
<trkpt lat="33.45447236672044" lon="126.759043475613"><ele>230.4</ele><time></time></trkpt>
<trkpt lat="33.45447010360658" lon="126.75904406234622"><ele>230.4</ele><time></time></trkpt>
<trkpt lat="33.45445912331343" lon="126.75903425551951"><ele>230.4</ele><time></time></trkpt>
<trkpt lat="33.45445937477052" lon="126.75903081893921"><ele>230.4</ele><time></time></trkpt>
<trkpt lat="33.454454177990556" lon="126.75903375260532"><ele>230.4</ele><time></time></trkpt>
<trkpt lat="33.45444755628705" lon="126.75904649309814"><ele>230.2</ele><time></time></trkpt>
<trkpt lat="33.454443365335464" lon="126.75905470736325"><ele>230.2</ele><time></time></trkpt>
<trkpt lat="33.45443909056485" lon="126.75907147116959"><ele>230.2</ele><time></time></trkpt>
<trkpt lat="33.45443255268037" lon="126.75908119417727"><ele>229.8</ele><time></time></trkpt>
<trkpt lat="33.45442266203463" lon="126.75908957608044"><ele>229.8</ele><time></time></trkpt>
<trkpt lat="33.45441377721727" lon="126.75909535959363"><ele>229.6</ele><time></time></trkpt>
<trkpt lat="33.45441956073046" lon="126.7590863071382"><ele>230.0</ele><time></time></trkpt>
<trkpt lat="33.45442299731076" lon="126.75907666794956"><ele>229.8</ele><time></time></trkpt>
<trkpt lat="33.454430708661675" lon="126.75906786695123"><ele>229.8</ele><time></time></trkpt>
<trkpt lat="33.45443246886134" lon="126.75906082615256"><ele>229.8</ele><time></time></trkpt>
<trkpt lat="33.45443087629974" lon="126.75904884003103"><ele>229.8</ele><time></time></trkpt>
<trkpt lat="33.454424841329455" lon="126.75904448144138"><ele>230.0</ele><time></time></trkpt>
<trkpt lat="33.454421907663345" lon="126.75903945229948"><ele>230.2</ele><time></time></trkpt>
<trkpt lat="33.45441930927336" lon="126.75903593190014"><ele>230.4</ele><time></time></trkpt>
<trkpt lat="33.45442115329206" lon="126.75906124524772"><ele>230.2</ele><time></time></trkpt>
<trkpt lat="33.45442844554782" lon="126.75906426273286"><ele>230.2</ele><time></time></trkpt>
<trkpt lat="33.45443255268037" lon="126.7590828705579"><ele>229.8</ele><time></time></trkpt>
<trkpt lat="33.45443598926067" lon="126.7590955272317"><ele>229.8</ele><time></time></trkpt>
<trkpt lat="33.454442946240306" lon="126.75910633988678"><ele>229.6</ele><time></time></trkpt>
<trkpt lat="33.45445568673313" lon="126.75912377424538"><ele>229.4</ele><time></time></trkpt>
<trkpt lat="33.45446515828371" lon="126.75913416780531"><ele>229.2</ele><time></time></trkpt>
<trkpt lat="33.454485442489386" lon="126.75915570929646"><ele>229.0</ele><time></time></trkpt>
<trkpt lat="33.454494997859" lon="126.75916803069413"><ele>229.0</ele><time></time></trkpt>
<trkpt lat="33.45451871864498" lon="126.75919694826007"><ele>228.8</ele><time></time></trkpt>
<trkpt lat="33.45453221350908" lon="126.75922259688377"><ele>228.6</ele><time></time></trkpt>
<trkpt lat="33.45453984104097" lon="126.75923466682434"><ele>228.6</ele><time></time></trkpt>
<trkpt lat="33.45454084686935" lon="126.75924933515489"><ele>228.6</ele><time></time></trkpt>
<trkpt lat="33.45453640446067" lon="126.75927003845572"><ele>228.6</ele><time></time></trkpt>
<trkpt lat="33.45453732647002" lon="126.75928235985339"><ele>228.4</ele><time></time></trkpt>
<trkpt lat="33.45453707501292" lon="126.75930985249579"><ele>228.2</ele><time></time></trkpt>
<trkpt lat="33.45453707501292" lon="126.75932393409312"><ele>228.2</ele><time></time></trkpt>
<trkpt lat="33.45453942194581" lon="126.75934840925038"><ele>228.0</ele><time></time></trkpt>
<trkpt lat="33.4545449540019" lon="126.75937447696924"><ele>227.8</ele><time></time></trkpt>
<trkpt lat="33.454547468572855" lon="126.75938067957759"><ele>227.8</ele><time></time></trkpt>
<trkpt lat="33.454551324248314" lon="126.75938881002367"><ele>228.2</ele><time></time></trkpt>
<trkpt lat="33.4545520786196" lon="126.75939492881298"><ele>228.2</ele><time></time></trkpt>
<trkpt lat="33.45454964786768" lon="126.75939668901265"><ele>228.2</ele><time></time></trkpt>
<trkpt lat="33.454546965658665" lon="126.75940339453518"><ele>228.0</ele><time></time></trkpt>
<trkpt lat="33.45454855822027" lon="126.75941060297191"><ele>228.0</ele><time></time></trkpt>
<trkpt lat="33.454549480229616" lon="126.759431976825"><ele>227.8</ele><time></time></trkpt>
<trkpt lat="33.4545571077615" lon="126.75945192575455"><ele>227.6</ele><time></time></trkpt>
<trkpt lat="33.454558700323105" lon="126.75946181640029"><ele>227.4</ele><time></time></trkpt>
<trkpt lat="33.45456909388304" lon="126.75948285497725"><ele>227.4</ele><time></time></trkpt>
<trkpt lat="33.45457412302494" lon="126.75949651747942"><ele>227.4</ele><time></time></trkpt>
<trkpt lat="33.45458569005132" lon="126.75952602177858"><ele>227.2</ele><time></time></trkpt>
<trkpt lat="33.45460354350507" lon="126.75955711863935"><ele>227.0</ele><time></time></trkpt>
<trkpt lat="33.45460991375148" lon="126.75957581028342"><ele>226.8</ele><time></time></trkpt>
<trkpt lat="33.454623743891716" lon="126.75960573367774"><ele>226.8</ele><time></time></trkpt>
<trkpt lat="33.4546366520226" lon="126.759635489434"><ele>226.6</ele><time></time></trkpt>
<trkpt lat="33.454641764983535" lon="126.75965401344001"><ele>226.6</ele><time></time></trkpt>
<trkpt lat="33.45464796759188" lon="126.75967974588275"><ele>226.4</ele><time></time></trkpt>
<trkpt lat="33.454652996733785" lon="126.75969533622265"><ele>226.4</ele><time></time></trkpt>
<trkpt lat="33.45466188155115" lon="126.75973104313016"><ele>226.2</ele><time></time></trkpt>
<trkpt lat="33.454660372808576" lon="126.75976222380996"><ele>226.0</ele><time></time></trkpt>
<trkpt lat="33.454656852409244" lon="126.75977982580662"><ele>225.8</ele><time></time></trkpt>
<trkpt lat="33.45464386045933" lon="126.759815197438"><ele>225.6</ele><time></time></trkpt>
<trkpt lat="33.45462215133011" lon="126.75984553992748"><ele>225.4</ele><time></time></trkpt>
<trkpt lat="33.45460882410407" lon="126.75985559821129"><ele>225.4</ele><time></time></trkpt>
<trkpt lat="33.454587534070015" lon="126.75986632704735"><ele>225.2</ele><time></time></trkpt>
<trkpt lat="33.45457688905299" lon="126.75986984744668"><ele>225.2</ele><time></time></trkpt>
<trkpt lat="33.454556772485375" lon="126.75988216884434"><ele>225.2</ele><time></time></trkpt>
<trkpt lat="33.45453497953713" lon="126.75987797789276"><ele>225.2</ele><time></time></trkpt>
<trkpt lat="33.45453070476651" lon="126.75987395457923"><ele>225.2</ele><time></time></trkpt>
<trkpt lat="33.45451695844531" lon="126.75986506976187"><ele>225.2</ele><time></time></trkpt>
<trkpt lat="33.454511761665344" lon="126.7598598729819"><ele>225.0</ele><time></time></trkpt>
<trkpt lat="33.45451000146568" lon="126.7598587833345"><ele>225.0</ele><time></time></trkpt>
<trkpt lat="33.454500613734126" lon="126.75986473448575"><ele>225.2</ele><time></time></trkpt>
<trkpt lat="33.45449198037386" lon="126.75986783578992"><ele>225.2</ele><time></time></trkpt>
<trkpt lat="33.454488292336464" lon="126.75987713970244"><ele>225.0</ele><time></time></trkpt>
<trkpt lat="33.45448426902294" lon="126.75988200120628"><ele>225.0</ele><time></time></trkpt>
<trkpt lat="33.45448116771877" lon="126.7598825879395"><ele>225.0</ele><time></time></trkpt>
<trkpt lat="33.454465828835964" lon="126.75989465788007"><ele>225.2</ele><time></time></trkpt>
<trkpt lat="33.45445208251476" lon="126.75991041585803"><ele>225.2</ele><time></time></trkpt>
<trkpt lat="33.45441771671176" lon="126.75992164760828"><ele>225.2</ele><time></time></trkpt>
<trkpt lat="33.45437069423497" lon="126.75992466509342"><ele>225.2</ele><time></time></trkpt>
<trkpt lat="33.45434789545834" lon="126.75992516800761"><ele>225.2</ele><time></time></trkpt>
<trkpt lat="33.45429014414549" lon="126.75992206670344"><ele>225.6</ele><time></time></trkpt>
<trkpt lat="33.45424362458289" lon="126.75992307253182"><ele>226.0</ele><time></time></trkpt>
<trkpt lat="33.45422459766269" lon="126.75992826931179"><ele>226.2</ele><time></time></trkpt>
<trkpt lat="33.45418805256486" lon="126.75994863733649"><ele>226.6</ele><time></time></trkpt>
<trkpt lat="33.454168774187565" lon="126.75995634868741"><ele>226.8</ele><time></time></trkpt>
<trkpt lat="33.4541204944253" lon="126.7599655687809"><ele>227.2</ele><time></time></trkpt>
<trkpt lat="33.454073974862695" lon="126.75995928235352"><ele>227.8</ele><time></time></trkpt>
<trkpt lat="33.45405511558056" lon="126.75996104255319"><ele>228.0</ele><time></time></trkpt>
<trkpt lat="33.45401957631111" lon="126.75996179692447"><ele>228.8</ele><time></time></trkpt>
<trkpt lat="33.45398085191846" lon="126.75996841862798"><ele>229.6</ele><time></time></trkpt>
<trkpt lat="33.45395386219025" lon="126.75996330566704"><ele>229.8</ele><time></time></trkpt>
<trkpt lat="33.45391530543566" lon="126.75995953381062"><ele>230.4</ele><time></time></trkpt>
<trkpt lat="33.453897703439" lon="126.75996146164834"><ele>230.8</ele><time></time></trkpt>
<trkpt lat="33.45388236455619" lon="126.7599721904844"><ele>231.2</ele><time></time></trkpt>
<trkpt lat="33.453861912712455" lon="126.7599779739976"><ele>231.6</ele><time></time></trkpt>
<trkpt lat="33.45384179614484" lon="126.75997897982597"><ele>231.8</ele><time></time></trkpt>
<trkpt lat="33.45381614752114" lon="126.75998819991946"><ele>232.4</ele><time></time></trkpt>
<trkpt lat="33.453809106722474" lon="126.7599951568991"><ele>232.6</ele><time></time></trkpt>
<trkpt lat="33.45377909950912" lon="126.76000001840293"><ele>233.0</ele><time></time></trkpt>
<trkpt lat="33.453763257712126" lon="126.76001066341996"><ele>233.4</ele><time></time></trkpt>
<trkpt lat="33.45375043340027" lon="126.76000689156353"><ele>233.6</ele><time></time></trkpt>
<trkpt lat="33.45373006537557" lon="126.76001334562898"><ele>234.2</ele><time></time></trkpt>
<trkpt lat="33.45372227020562" lon="126.76002181135118"><ele>234.8</ele><time></time></trkpt>
<trkpt lat="33.4537164028734" lon="126.7600244935602"><ele>235.2</ele><time></time></trkpt>
<trkpt lat="33.45368999987841" lon="126.76002382300794"><ele>235.8</ele><time></time></trkpt>
<trkpt lat="33.453666446730494" lon="126.76002499647439"><ele>236.0</ele><time></time></trkpt>
<trkpt lat="33.453654292970896" lon="126.76003262400627"><ele>236.6</ele><time></time></trkpt>
<trkpt lat="33.45362034626305" lon="126.76004000008106"><ele>237.0</ele><time></time></trkpt>
<trkpt lat="33.453609365969896" lon="126.76004377193749"><ele>237.2</ele><time></time></trkpt>
<trkpt lat="33.453600564971566" lon="126.76005952991545"><ele>237.6</ele><time></time></trkpt>
<trkpt lat="33.45358757302165" lon="126.76006237976253"><ele>238.0</ele><time></time></trkpt>
<trkpt lat="33.45358220860362" lon="126.76006489433348"><ele>238.2</ele><time></time></trkpt>
<trkpt lat="33.453568294644356" lon="126.7600762937218"><ele>238.8</ele><time></time></trkpt>
<trkpt lat="33.45356301404536" lon="126.76008232869208"><ele>239.0</ele><time></time></trkpt>
<trkpt lat="33.45355806872249" lon="126.76008744165301"><ele>239.6</ele><time></time></trkpt>
<trkpt lat="33.45354809425771" lon="126.76009372808039"><ele>240.2</ele><time></time></trkpt>
<trkpt lat="33.453542394563556" lon="126.76009615883231"><ele>240.4</ele><time></time></trkpt>
<trkpt lat="33.4535261336714" lon="126.76010252907872"><ele>241.0</ele><time></time></trkpt>
<trkpt lat="33.45351314172149" lon="126.76010948605835"><ele>241.4</ele><time></time></trkpt>
<trkpt lat="33.453493025153875" lon="126.76012155599892"><ele>241.8</ele><time></time></trkpt>
<trkpt lat="33.45347994938493" lon="126.76012264564633"><ele>242.2</ele><time></time></trkpt>
<trkpt lat="33.45347316004336" lon="126.76012365147471"><ele>242.4</ele><time></time></trkpt>
<trkpt lat="33.45345170237124" lon="126.76012272946537"><ele>243.0</ele><time></time></trkpt>
<trkpt lat="33.4534312505275" lon="126.76011929288507"><ele>243.4</ele><time></time></trkpt>
<trkpt lat="33.45342630520463" lon="126.76012004725635"><ele>243.6</ele><time></time></trkpt>
<trkpt lat="33.45341105014086" lon="126.76013412885368"><ele>244.0</ele><time></time></trkpt>
<trkpt lat="33.453409960493445" lon="126.76014091819525"><ele>244.2</ele><time></time></trkpt>
<trkpt lat="33.453405518084764" lon="126.76015768200159"><ele>244.4</ele><time></time></trkpt>
<trkpt lat="33.453400656580925" lon="126.76016807556152"><ele>244.8</ele><time></time></trkpt>
<trkpt lat="33.45339646562934" lon="126.76017796620727"><ele>245.0</ele><time></time></trkpt>
<trkpt lat="33.45338934101164" lon="126.76019565202296"><ele>245.0</ele><time></time></trkpt>
<trkpt lat="33.4533741697669" lon="126.76021602004766"><ele>245.0</ele><time></time></trkpt>
<trkpt lat="33.45336562022567" lon="126.76022607833147"><ele>245.0</ele><time></time></trkpt>
<trkpt lat="33.45335841178894" lon="126.76024024374783"><ele>245.2</ele><time></time></trkpt>
<trkpt lat="33.453353215008974" lon="126.76024527288973"><ele>245.4</ele><time></time></trkpt>
<trkpt lat="33.45333846285939" lon="126.76026555709541"><ele>245.6</ele><time></time></trkpt>
<trkpt lat="33.453334188088775" lon="126.76028525456786"><ele>245.8</ele><time></time></trkpt>
<trkpt lat="33.45332471653819" lon="126.76030009053648"><ele>246.0</ele><time></time></trkpt>
<trkpt lat="33.453311305493116" lon="126.76032355986536"><ele>246.4</ele><time></time></trkpt>
<trkpt lat="33.45330183394253" lon="126.76033739000559"><ele>246.6</ele><time></time></trkpt>
<trkpt lat="33.453299570828676" lon="126.76034476608038"><ele>246.8</ele><time></time></trkpt>
<trkpt lat="33.453290183097124" lon="126.76035834476352"><ele>247.2</ele><time></time></trkpt>
<trkpt lat="33.45328691415489" lon="126.76036630757153"><ele>247.4</ele><time></time></trkpt>
<trkpt lat="33.45327861607075" lon="126.76038885489106"><ele>247.4</ele><time></time></trkpt>
<trkpt lat="33.45327249728143" lon="126.76040670834482"><ele>247.6</ele><time></time></trkpt>
<trkpt lat="33.45326947979629" lon="126.76041693426669"><ele>247.6</ele><time></time></trkpt>
<trkpt lat="33.45325875096023" lon="126.76044325344265"><ele>247.8</ele><time></time></trkpt>
<trkpt lat="33.45324877649546" lon="126.76046018488705"><ele>247.8</ele><time></time></trkpt>
<trkpt lat="33.453233605250716" lon="126.76048097200692"><ele>248.0</ele><time></time></trkpt>
<trkpt lat="33.453220361843705" lon="126.76049807108939"><ele>248.0</ele><time></time></trkpt>
<trkpt lat="33.453217847272754" lon="126.7605057824403"><ele>248.0</ele><time></time></trkpt>
<trkpt lat="33.453204268589616" lon="126.76053126342595"><ele>248.2</ele><time></time></trkpt>
<trkpt lat="33.45318725332618" lon="126.76056043244898"><ele>248.4</ele><time></time></trkpt>
<trkpt lat="33.453178871423006" lon="126.76057032309473"><ele>248.6</ele><time></time></trkpt>
<trkpt lat="33.453160263597965" lon="126.7605908587575"><ele>249.0</ele><time></time></trkpt>
<trkpt lat="33.453155066818" lon="126.76059731282294"><ele>249.0</ele><time></time></trkpt>
<trkpt lat="33.453149031847715" lon="126.7606151662767"><ele>249.4</ele><time></time></trkpt>
<trkpt lat="33.45313989557326" lon="126.76063788123429"><ele>249.8</ele><time></time></trkpt>
<trkpt lat="33.45313704572618" lon="126.76064567640424"><ele>250.0</ele><time></time></trkpt>
<trkpt lat="33.45312053337693" lon="126.76067023538053"><ele>250.0</ele><time></time></trkpt>
<trkpt lat="33.45311416313052" lon="126.76069588400424"><ele>250.2</ele><time></time></trkpt>
<trkpt lat="33.45311114564538" lon="126.7607061099261"><ele>250.2</ele><time></time></trkpt>
<trkpt lat="33.45310544595122" lon="126.76072781905532"><ele>250.6</ele><time></time></trkpt>
<trkpt lat="33.45310075208545" lon="126.76074014045298"><ele>250.6</ele><time></time></trkpt>
<trkpt lat="33.45309245400131" lon="126.76077123731375"><ele>250.8</ele><time></time></trkpt>
<trkpt lat="33.45307267270982" lon="126.76080551929772"><ele>250.8</ele><time></time></trkpt>
<trkpt lat="33.45306328497827" lon="126.76081876270473"><ele>250.8</ele><time></time></trkpt>
<trkpt lat="33.453060518950224" lon="126.76083158701658"><ele>250.6</ele><time></time></trkpt>
<trkpt lat="33.45306068658829" lon="126.76083804108202"><ele>250.8</ele><time></time></trkpt>
<trkpt lat="33.453052807599306" lon="126.76086880266666"><ele>251.0</ele><time></time></trkpt>
<trkpt lat="33.453046437352896" lon="126.76090048626065"><ele>251.0</ele><time></time></trkpt>
<trkpt lat="33.453041492030025" lon="126.76091155037284"><ele>251.0</ele><time></time></trkpt>
<trkpt lat="33.45303822308779" lon="126.7609291523695"><ele>251.2</ele><time></time></trkpt>
<trkpt lat="33.453032774850726" lon="126.7609518673271"><ele>251.2</ele><time></time></trkpt>
<trkpt lat="33.45303361304104" lon="126.76096234470606"><ele>251.2</ele><time></time></trkpt>
<trkpt lat="33.45303394831717" lon="126.76098547875881"><ele>251.0</ele><time></time></trkpt>
<trkpt lat="33.45303294248879" lon="126.7609978839755"><ele>251.0</ele><time></time></trkpt>
<trkpt lat="33.45303352922201" lon="126.76101942546666"><ele>251.0</ele><time></time></trkpt>
<trkpt lat="33.45302724279463" lon="126.7610396258533"><ele>251.4</ele><time></time></trkpt>
<trkpt lat="33.45302523113787" lon="126.76105270162225"><ele>251.4</ele><time></time></trkpt>
<trkpt lat="33.45301542431116" lon="126.76108321174979"><ele>252.0</ele><time></time></trkpt>
<trkpt lat="33.45300452783704" lon="126.76109905354679"><ele>252.4</ele><time></time></trkpt>
<trkpt lat="33.45299874432385" lon="126.76111112348735"><ele>252.6</ele><time></time></trkpt>
<trkpt lat="33.452988266944885" lon="126.7611345089972"><ele>253.0</ele><time></time></trkpt>
<trkpt lat="33.4529875125736" lon="126.76114104688168"><ele>253.2</ele><time></time></trkpt>
<trkpt lat="33.452980890870094" lon="126.76115244626999"><ele>253.8</ele><time></time></trkpt>
<trkpt lat="33.452980890870094" lon="126.76116577349603"><ele>254.4</ele><time></time></trkpt>
<trkpt lat="33.45297787338495" lon="126.76117407158017"><ele>254.6</ele><time></time></trkpt>
<trkpt lat="33.4529737662524" lon="126.76119452342391"><ele>254.8</ele><time></time></trkpt>
<trkpt lat="33.45296806655824" lon="126.76121539436281"><ele>255.0</ele><time></time></trkpt>
<trkpt lat="33.45296404324472" lon="126.76125017926097"><ele>255.2</ele><time></time></trkpt>
<trkpt lat="33.45296069048345" lon="126.76127666607499"><ele>255.4</ele><time></time></trkpt>
<trkpt lat="33.452959433197975" lon="126.76129074767232"><ele>255.6</ele><time></time></trkpt>
<trkpt lat="33.452962366864085" lon="126.76130885258317"><ele>255.8</ele><time></time></trkpt>
<trkpt lat="33.4529581759125" lon="126.76133056171238"><ele>256.2</ele><time></time></trkpt>
<trkpt lat="33.45295717008412" lon="126.76134732551873"><ele>256.2</ele><time></time></trkpt>
<trkpt lat="33.45295054838061" lon="126.76137339323759"><ele>256.6</ele><time></time></trkpt>
<trkpt lat="33.452945770695806" lon="126.76138655282557"><ele>256.8</ele><time></time></trkpt>
<trkpt lat="33.45293872989714" lon="126.76141194999218"><ele>257.2</ele><time></time></trkpt>
<trkpt lat="33.45293194055557" lon="126.76144765689969"><ele>257.6</ele><time></time></trkpt>
<trkpt lat="33.452931102365255" lon="126.761459056288"><ele>257.6</ele><time></time></trkpt>
<trkpt lat="33.45293319784105" lon="126.76147012040019"><ele>257.8</ele><time></time></trkpt>
<trkpt lat="33.452927162870765" lon="126.76150750368834"><ele>258.0</ele><time></time></trkpt>
<trkpt lat="33.45293177291751" lon="126.76151990890503"><ele>258.0</ele><time></time></trkpt>
<trkpt lat="33.452935041859746" lon="126.7615438811481"><ele>258.4</ele><time></time></trkpt>
<trkpt lat="33.45293336547911" lon="126.76155804656446"><ele>258.4</ele><time></time></trkpt>
<trkpt lat="33.45292464829981" lon="126.76159861497581"><ele>258.6</ele><time></time></trkpt>
<trkpt lat="33.45292305573821" lon="126.76162250339985"><ele>259.0</ele><time></time></trkpt>
<trkpt lat="33.45292263664305" lon="126.7616318911314"><ele>259.2</ele><time></time></trkpt>
<trkpt lat="33.452921379357576" lon="126.76165871322155"><ele>259.4</ele><time></time></trkpt>
<trkpt lat="33.452916434034705" lon="126.76167388446629"><ele>259.6</ele><time></time></trkpt>
<trkpt lat="33.45291417092085" lon="126.76170162856579"><ele>259.8</ele><time></time></trkpt>
<trkpt lat="33.4529045317322" lon="126.76171897910535"><ele>260.2</ele><time></time></trkpt>
<trkpt lat="33.45291023142636" lon="126.76173255778849"><ele>260.2</ele><time></time></trkpt>
<trkpt lat="33.45291584730148" lon="126.76175594329834"><ele>260.4</ele><time></time></trkpt>
<trkpt lat="33.452912494540215" lon="126.76178687252104"><ele>260.2</ele><time></time></trkpt>
<trkpt lat="33.45291467383504" lon="126.76180531270802"><ele>260.2</ele><time></time></trkpt>
<trkpt lat="33.452907130122185" lon="126.76184428855777"><ele>260.2</ele><time></time></trkpt>
<trkpt lat="33.452901262789965" lon="126.7618649918586"><ele>260.2</ele><time></time></trkpt>
<trkpt lat="33.45289522781968" lon="126.7618993576616"><ele>260.6</ele><time></time></trkpt>
<trkpt lat="33.452886175364256" lon="126.7619355674833"><ele>260.6</ele><time></time></trkpt>
<trkpt lat="33.45288441516459" lon="126.76195082254708"><ele>260.6</ele><time></time></trkpt>
<trkpt lat="33.45288458280265" lon="126.76197596825659"><ele>260.6</ele><time></time></trkpt>
<trkpt lat="33.45288542099297" lon="126.76199331879616"><ele>260.2</ele><time></time></trkpt>
<trkpt lat="33.45288307406008" lon="126.76200387999415"><ele>260.2</ele><time></time></trkpt>
<trkpt lat="33.45287997275591" lon="126.76203765906394"><ele>260.0</ele><time></time></trkpt>
<trkpt lat="33.45287611708045" lon="126.76205459050834"><ele>260.0</ele><time></time></trkpt>
<trkpt lat="33.45286580733955" lon="126.76208971068263"><ele>260.2</ele><time></time></trkpt>
<trkpt lat="33.452854407951236" lon="126.76211066544056"><ele>260.2</ele><time></time></trkpt>
<trkpt lat="33.452847953885794" lon="126.7621239926666"><ele>260.2</ele><time></time></trkpt>
<trkpt lat="33.45283563248813" lon="126.76214997656643"><ele>260.4</ele><time></time></trkpt>
<trkpt lat="33.45282230526209" lon="126.7621826659888"><ele>260.8</ele><time></time></trkpt>
<trkpt lat="33.452816270291805" lon="126.76220613531768"><ele>260.8</ele><time></time></trkpt>
<trkpt lat="33.45280378125608" lon="126.76223580725491"><ele>260.8</ele><time></time></trkpt>
<trkpt lat="33.45279925502837" lon="126.76224645227194"><ele>260.8</ele><time></time></trkpt>
<trkpt lat="33.452787939459085" lon="126.76227025687695"><ele>260.8</ele><time></time></trkpt>
<trkpt lat="33.45277100801468" lon="126.76229766570032"><ele>260.8</ele><time></time></trkpt>
<trkpt lat="33.4527594409883" lon="126.76231258548796"><ele>261.0</ele><time></time></trkpt>
<trkpt lat="33.452734127640724" lon="126.76234217360616"><ele>261.0</ele><time></time></trkpt>
<trkpt lat="33.45271862111986" lon="126.7623570933938"><ele>261.0</ele><time></time></trkpt>
<trkpt lat="33.45269984565675" lon="126.76237855106592"><ele>261.0</ele><time></time></trkpt>
<trkpt lat="33.45267981290817" lon="126.76240629516542"><ele>261.0</ele><time></time></trkpt>
<trkpt lat="33.4526679944247" lon="126.76242247223854"><ele>260.8</ele><time></time></trkpt>
<trkpt lat="33.452649135142565" lon="126.76244912669063"><ele>260.8</ele><time></time></trkpt>
<trkpt lat="33.45262826420367" lon="126.7624678183347"><ele>260.6</ele><time></time></trkpt>
<trkpt lat="33.452618373557925" lon="126.7624746914953"><ele>260.6</ele><time></time></trkpt>
<trkpt lat="33.45260043628514" lon="126.7624918743968"><ele>260.6</ele><time></time></trkpt>
<trkpt lat="33.45259130001068" lon="126.76249782554805"><ele>260.6</ele><time></time></trkpt>
<trkpt lat="33.45256774686277" lon="126.76251886412501"><ele>260.4</ele><time></time></trkpt>
<trkpt lat="33.452547965571284" lon="126.76253110170364"><ele>260.2</ele><time></time></trkpt>
<trkpt lat="33.4525350574404" lon="126.76253713667393"><ele>260.2</ele><time></time></trkpt>
<trkpt lat="33.45250865444541" lon="126.76255038008094"><ele>260.2</ele><time></time></trkpt>
<trkpt lat="33.452481077983975" lon="126.76256471313536"><ele>260.2</ele><time></time></trkpt>
<trkpt lat="33.4524676669389" lon="126.76257426850498"><ele>260.0</ele><time></time></trkpt>
<trkpt lat="33.45243983902037" lon="126.76258767955005"><ele>259.8</ele><time></time></trkpt>
<trkpt lat="33.452427769079804" lon="126.7625936307013"><ele>259.6</ele><time></time></trkpt>
<trkpt lat="33.45239776186645" lon="126.76260477863252"><ele>259.4</ele><time></time></trkpt>
<trkpt lat="33.452367251738906" lon="126.76261592656374"><ele>259.2</ele><time></time></trkpt>
<trkpt lat="33.45234797336161" lon="126.76262430846691"><ele>259.2</ele><time></time></trkpt>
<trkpt lat="33.45231025479734" lon="126.76263486966491"><ele>258.8</ele><time></time></trkpt>
<trkpt lat="33.45229181461036" lon="126.76264082081616"><ele>258.8</ele><time></time></trkpt>
<trkpt lat="33.452255269512534" lon="126.76264677196741"><ele>258.4</ele><time></time></trkpt>
<trkpt lat="33.45221604220569" lon="126.76264618523419"><ele>258.4</ele><time></time></trkpt>
<trkpt lat="33.45219852402806" lon="126.76264509558678"><ele>258.4</ele><time></time></trkpt>
<trkpt lat="33.452176647260785" lon="126.76264434121549"><ele>258.2</ele><time></time></trkpt>
<trkpt lat="33.45215284265578" lon="126.76264970563352"><ele>257.8</ele><time></time></trkpt>
<trkpt lat="33.45214077271521" lon="126.76264836452901"><ele>257.6</ele><time></time></trkpt>
<trkpt lat="33.45211822539568" lon="126.7626472748816"><ele>257.4</ele><time></time></trkpt>
<trkpt lat="33.452105736359954" lon="126.76264626905322"><ele>257.2</ele><time></time></trkpt>
<trkpt lat="33.452080423012376" lon="126.762640401721"><ele>256.8</ele><time></time></trkpt>
<trkpt lat="33.45205779187381" lon="126.76263235509396"><ele>256.8</ele><time></time></trkpt>
<trkpt lat="33.4520413633436" lon="126.7626279965043"><ele>256.8</ele><time></time></trkpt>
<trkpt lat="33.4520223364234" lon="126.76262606866658"><ele>256.6</ele><time></time></trkpt>
<trkpt lat="33.451991910114884" lon="126.76261944696307"><ele>256.4</ele><time></time></trkpt>
<trkpt lat="33.45197464339435" lon="126.76262062042952"><ele>256.0</ele><time></time></trkpt>
<trkpt lat="33.45194907858968" lon="126.76262464374304"><ele>255.8</ele><time></time></trkpt>
<trkpt lat="33.451936757192016" lon="126.76262590102851"><ele>255.6</ele><time></time></trkpt>
<trkpt lat="33.451910773292184" lon="126.7626282479614"><ele>255.4</ele><time></time></trkpt>
<trkpt lat="33.451871713623405" lon="126.76262472756207"><ele>255.2</ele><time></time></trkpt>
<trkpt lat="33.45185327343643" lon="126.76262355409563"><ele>254.8</ele><time></time></trkpt>
<trkpt lat="33.4518236014992" lon="126.76261676475406"><ele>254.2</ele><time></time></trkpt>
<trkpt lat="33.45180541276932" lon="126.76261056214571"><ele>254.0</ele><time></time></trkpt>
<trkpt lat="33.451772974804044" lon="126.76260637119412"><ele>253.2</ele><time></time></trkpt>
<trkpt lat="33.45175411552191" lon="126.76260544918478"><ele>252.4</ele><time></time></trkpt>
<trkpt lat="33.451744141057134" lon="126.76260821521282"><ele>252.2</ele><time></time></trkpt>
<trkpt lat="33.45172980800271" lon="126.76264467649162"><ele>251.6</ele><time></time></trkpt>
<trkpt lat="33.4517321549356" lon="126.76267384551466"><ele>251.4</ele><time></time></trkpt>
<trkpt lat="33.451732490211725" lon="126.76269010640681"><ele>251.2</ele><time></time></trkpt>
<trkpt lat="33.45172259956598" lon="126.76272036507726"><ele>251.0</ele><time></time></trkpt>
<trkpt lat="33.45172142609954" lon="126.76273813471198"><ele>250.8</ele><time></time></trkpt>
<trkpt lat="33.451730562373996" lon="126.76277928985655"><ele>250.4</ele><time></time></trkpt>
<trkpt lat="33.45173357985914" lon="126.76281357184052"><ele>250.2</ele><time></time></trkpt>
<trkpt lat="33.45173282548785" lon="126.76283092238009"><ele>250.2</ele><time></time></trkpt>
<trkpt lat="33.45173257403076" lon="126.76285388879478"><ele>250.6</ele><time></time></trkpt>
<trkpt lat="33.45173408277333" lon="126.76286570727825"><ele>251.2</ele><time></time></trkpt>
<trkpt lat="33.45173567533493" lon="126.76287014968693"><ele>251.4</ele><time></time></trkpt>
<trkpt lat="33.451733998954296" lon="126.7628753464669"><ele>252.0</ele><time></time></trkpt>
<trkpt lat="33.451731484383345" lon="126.76288205198944"><ele>252.2</ele><time></time></trkpt>
<trkpt lat="33.45172452740371" lon="126.7629025876522"><ele>252.6</ele><time></time></trkpt>
<trkpt lat="33.451719246804714" lon="126.7629250511527"><ele>252.8</ele><time></time></trkpt>
<trkpt lat="33.4517165645957" lon="126.7629408929497"><ele>253.0</ele><time></time></trkpt>
<trkpt lat="33.45170935615897" lon="126.76296939142048"><ele>252.8</ele><time></time></trkpt>
<trkpt lat="33.45169560983777" lon="126.76300811581314"><ele>252.8</ele><time></time></trkpt>
<trkpt lat="33.451689910143614" lon="126.76302144303918"><ele>252.8</ele><time></time></trkpt>
<trkpt lat="33.45167373307049" lon="126.76305245608091"><ele>252.8</ele><time></time></trkpt>
<trkpt lat="33.45167591236532" lon="126.76306050270796"><ele>252.8</ele><time></time></trkpt>
<trkpt lat="33.451667530462146" lon="126.76308548077941"><ele>252.8</ele><time></time></trkpt>
<trkpt lat="33.45165940001607" lon="126.76310643553734"><ele>252.8</ele><time></time></trkpt>
<trkpt lat="33.45165646634996" lon="126.76311858929694"><ele>252.6</ele><time></time></trkpt>
<trkpt lat="33.451654287055135" lon="126.76313711330295"><ele>252.2</ele><time></time></trkpt>
<trkpt lat="33.45165562815964" lon="126.76314264535904"><ele>252.0</ele><time></time></trkpt>
<trkpt lat="33.45166711136699" lon="126.76314901560545"><ele>251.6</ele><time></time></trkpt>
<trkpt lat="33.45168152824044" lon="126.76316770724952"><ele>250.8</ele><time></time></trkpt>
<trkpt lat="33.45168647356331" lon="126.76317617297173"><ele>250.6</ele><time></time></trkpt>
<trkpt lat="33.4516959451139" lon="126.7631946131587"><ele>250.0</ele><time></time></trkpt>
<trkpt lat="33.4517025668174" lon="126.76321397535503"><ele>249.4</ele><time></time></trkpt>
<trkpt lat="33.45170650631189" lon="126.76322545856237"><ele>249.2</ele><time></time></trkpt>
<trkpt lat="33.45171757042408" lon="126.76324775442481"><ele>248.6</ele><time></time></trkpt>
<trkpt lat="33.45172209665179" lon="126.7632548790425"><ele>248.2</ele><time></time></trkpt>
<trkpt lat="33.45173073001206" lon="126.76327264867723"><ele>247.8</ele><time></time></trkpt>
<trkpt lat="33.45174212940037" lon="126.76329310052097"><ele>247.4</ele><time></time></trkpt>
<trkpt lat="33.4517493378371" lon="126.76330458372831"><ele>247.2</ele><time></time></trkpt>
<trkpt lat="33.45175570808351" lon="126.76332771778107"><ele>246.8</ele><time></time></trkpt>
<trkpt lat="33.45176115632057" lon="126.76335060037673"><ele>246.0</ele><time></time></trkpt>
<trkpt lat="33.451764928177" lon="126.7633621674031"><ele>245.6</ele><time></time></trkpt>
<trkpt lat="33.451772555708885" lon="126.76338714547455"><ele>245.0</ele><time></time></trkpt>
<trkpt lat="33.451775908470154" lon="126.76339284516871"><ele>244.8</ele><time></time></trkpt>
<trkpt lat="33.451785296201706" lon="126.76341488957405"><ele>244.6</ele><time></time></trkpt>
<trkpt lat="33.451797449961305" lon="126.76344271749258"><ele>244.2</ele><time></time></trkpt>
<trkpt lat="33.451802898198366" lon="126.76345461979508"><ele>244.0</ele><time></time></trkpt>
<trkpt lat="33.45181371085346" lon="126.76348404027522"><ele>243.4</ele><time></time></trkpt>
<trkpt lat="33.451819410547614" lon="126.76349636167288"><ele>243.0</ele><time></time></trkpt>
<trkpt lat="33.45183189958334" lon="126.76350826397538"><ele>242.4</ele><time></time></trkpt>
<trkpt lat="33.45184841193259" lon="126.76351807080209"><ele>242.0</ele><time></time></trkpt>
<trkpt lat="33.45185545273125" lon="126.76352703943849"><ele>241.6</ele><time></time></trkpt>
<trkpt lat="33.45187632367015" lon="126.76356207579374"><ele>241.2</ele><time></time></trkpt>
<trkpt lat="33.451887806877494" lon="126.7635902389884"><ele>240.2</ele><time></time></trkpt>
<trkpt lat="33.451891830191016" lon="126.76360272802413"><ele>239.8</ele><time></time></trkpt>
<trkpt lat="33.451894680038095" lon="126.76363131031394"><ele>239.4</ele><time></time></trkpt>
<trkpt lat="33.45189736224711" lon="126.76364606246352"><ele>239.2</ele><time></time></trkpt>
<trkpt lat="33.45190138556063" lon="126.76368369720876"><ele>238.8</ele><time></time></trkpt>
<trkpt lat="33.45190775580704" lon="126.76374044269323"><ele>237.8</ele><time></time></trkpt>
<trkpt lat="33.45190373249352" lon="126.76377740688622"><ele>237.4</ele><time></time></trkpt>
<trkpt lat="33.4519100189209" lon="126.76383272744715"><ele>236.2</ele><time></time></trkpt>
<trkpt lat="33.45192225649953" lon="126.76387279294431"><ele>235.4</ele><time></time></trkpt>
<trkpt lat="33.451930386945605" lon="126.76389240659773"><ele>235.0</ele><time></time></trkpt>
<trkpt lat="33.451950419694185" lon="126.76392090506852"><ele>234.4</ele><time></time></trkpt>
<trkpt lat="33.451961651444435" lon="126.76392643712461"><ele>234.0</ele><time></time></trkpt>
<trkpt lat="33.45198285765946" lon="126.76394923590124"><ele>233.2</ele><time></time></trkpt>
<trkpt lat="33.4519929997623" lon="126.76398552954197"><ele>232.6</ele><time></time></trkpt>
<trkpt lat="33.45199316740036" lon="126.76400740630925"><ele>232.2</ele><time></time></trkpt>
<trkpt lat="33.45198377966881" lon="126.76405652426183"><ele>231.6</ele><time></time></trkpt>
<trkpt lat="33.451980175450444" lon="126.7640789039433"><ele>231.2</ele><time></time></trkpt>
<trkpt lat="33.45197129063308" lon="126.76411838270724"><ele>230.6</ele><time></time></trkpt>
<trkpt lat="33.45195888541639" lon="126.76415299996734"><ele>230.0</ele><time></time></trkpt>
<trkpt lat="33.4519531019032" lon="126.76416548900306"><ele>229.8</ele><time></time></trkpt>
<trkpt lat="33.45194195397198" lon="126.76418828777969"><ele>229.4</ele><time></time></trkpt>
<trkpt lat="33.4519375115633" lon="126.76421754062176"><ele>229.0</ele><time></time></trkpt>
<trkpt lat="33.45193499699235" lon="126.76422701217234"><ele>228.6</ele><time></time></trkpt>
<trkpt lat="33.451933320611715" lon="126.76425500772893"><ele>228.0</ele><time></time></trkpt>
<trkpt lat="33.45193298533559" lon="126.76427093334496"><ele>227.6</ele><time></time></trkpt>
<trkpt lat="33.451933236792684" lon="126.76429809071124"><ele>226.8</ele><time></time></trkpt>
<trkpt lat="33.451931811869144" lon="126.76433136686683"><ele>226.2</ele><time></time></trkpt>
<trkpt lat="33.45193273387849" lon="126.76434561610222"><ele>226.0</ele><time></time></trkpt>
<trkpt lat="33.451932314783335" lon="126.76437134854496"><ele>225.6</ele><time></time></trkpt>
<trkpt lat="33.45192460343242" lon="126.76438903436065"><ele>225.2</ele><time></time></trkpt>
<trkpt lat="33.45192477107048" lon="126.76441283896565"><ele>224.8</ele><time></time></trkpt>
<trkpt lat="33.45192678272724" lon="126.7644330393523"><ele>223.6</ele><time></time></trkpt>
<trkpt lat="33.45192024484277" lon="126.76445332355797"><ele>223.2</ele><time></time></trkpt>
<trkpt lat="33.45191253349185" lon="126.76448676735163"><ele>222.6</ele><time></time></trkpt>
<trkpt lat="33.451904989778996" lon="126.7645104881376"><ele>222.4</ele><time></time></trkpt>
<trkpt lat="33.45190188847482" lon="126.76451828330755"><ele>222.2</ele><time></time></trkpt>
<trkpt lat="33.45189166255295" lon="126.76453529857099"><ele>222.0</ele><time></time></trkpt>
<trkpt lat="33.451884454116225" lon="126.76454736851156"><ele>221.8</ele><time></time></trkpt>
<trkpt lat="33.45187623985112" lon="126.76455667242408"><ele>222.0</ele><time></time></trkpt>
<trkpt lat="33.45185830257833" lon="126.76456832326949"><ele>221.8</ele><time></time></trkpt>
<trkpt lat="33.45185084268451" lon="126.76457226276398"><ele>221.6</ele><time></time></trkpt>
<trkpt lat="33.45181924290955" lon="126.76458424888551"><ele>221.4</ele><time></time></trkpt>
<trkpt lat="33.45178403891623" lon="126.76459983922541"><ele>221.2</ele><time></time></trkpt>
<trkpt lat="33.45176341943443" lon="126.76460805349052"><ele>221.0</ele><time></time></trkpt>
<trkpt lat="33.45171254128218" lon="126.76462456583977"><ele>221.0</ele><time></time></trkpt>
<trkpt lat="33.451690413057804" lon="126.76463009789586"><ele>221.0</ele><time></time></trkpt>
<trkpt lat="33.45163442194462" lon="126.76463940180838"><ele>221.2</ele><time></time></trkpt>
<trkpt lat="33.451577592641115" lon="126.7646487057209"><ele>221.4</ele><time></time></trkpt>
<trkpt lat="33.451552111655474" lon="126.76465348340571"><ele>221.4</ele><time></time></trkpt>
<trkpt lat="33.45150793902576" lon="126.76466136239469"><ele>221.4</ele><time></time></trkpt>
<trkpt lat="33.45146016217768" lon="126.76468902267516"><ele>221.4</ele><time></time></trkpt>
<trkpt lat="33.45143032260239" lon="126.76470017060637"><ele>221.6</ele><time></time></trkpt>
<trkpt lat="33.45138045027852" lon="126.76471693441272"><ele>221.6</ele><time></time></trkpt>
<trkpt lat="33.45136150717735" lon="126.76472229883075"><ele>221.4</ele><time></time></trkpt>
<trkpt lat="33.45132714137435" lon="126.76473235711455"><ele>221.6</ele><time></time></trkpt>
<trkpt lat="33.451301073655486" lon="126.76473981700838"><ele>221.8</ele><time></time></trkpt>
<trkpt lat="33.451294619590044" lon="126.76474149338901"><ele>221.8</ele><time></time></trkpt>
<trkpt lat="33.45128523185849" lon="126.7647419963032"><ele>221.8</ele><time></time></trkpt>
<trkpt lat="33.45127768814564" lon="126.76474249921739"><ele>221.8</ele><time></time></trkpt>
<trkpt lat="33.451272742822766" lon="126.76474241539836"><ele>221.8</ele><time></time></trkpt>
<trkpt lat="33.4512675460428" lon="126.76474325358868"><ele>221.8</ele><time></time></trkpt>
<trkpt lat="33.451265785843134" lon="126.76473906263709"><ele>221.8</ele><time></time></trkpt>
<trkpt lat="33.45127936452627" lon="126.76471802406013"><ele>221.8</ele><time></time></trkpt>
<trkpt lat="33.45126704312861" lon="126.76471148617566"><ele>222.0</ele><time></time></trkpt>
<trkpt lat="33.451261427253485" lon="126.76471249200404"><ele>222.0</ele><time></time></trkpt>
<trkpt lat="33.45124784857035" lon="126.76470654085279"><ele>222.0</ele><time></time></trkpt>
<trkpt lat="33.45124416053295" lon="126.76470444537699"><ele>222.0</ele><time></time></trkpt>
<trkpt lat="33.45124248415232" lon="126.7647036910057"><ele>221.8</ele><time></time></trkpt>
<trkpt lat="33.4512382093817" lon="126.7646973207593"><ele>221.8</ele><time></time></trkpt>
<trkpt lat="33.451234605163336" lon="126.7646922916174"><ele>221.8</ele><time></time></trkpt>
<trkpt lat="33.45123074948788" lon="126.76468533463776"><ele>221.6</ele><time></time></trkpt>
<trkpt lat="33.45122664235532" lon="126.76469136960804"><ele>221.8</ele><time></time></trkpt>
<trkpt lat="33.45122211612761" lon="126.76467712037265"><ele>221.8</ele><time></time></trkpt>
<trkpt lat="33.451219936832786" lon="126.76467946730554"><ele>221.6</ele><time></time></trkpt>
<trkpt lat="33.45121884718537" lon="126.76467862911522"><ele>221.6</ele><time></time></trkpt>
<trkpt lat="33.45121859572828" lon="126.76468240097165"><ele>221.4</ele><time></time></trkpt>
<trkpt lat="33.4512434899807" lon="126.76466010510921"><ele>221.4</ele><time></time></trkpt>
<trkpt lat="33.451248267665505" lon="126.76465172320604"><ele>221.6</ele><time></time></trkpt>
<trkpt lat="33.45125203952193" lon="126.76465323194861"><ele>221.6</ele><time></time></trkpt>
<trkpt lat="33.4512659534812" lon="126.76465574651957"><ele>221.6</ele><time></time></trkpt>
<trkpt lat="33.451294200494885" lon="126.76466546952724"><ele>221.8</ele><time></time></trkpt>
<trkpt lat="33.451294703409076" lon="126.76467016339302"><ele>221.6</ele><time></time></trkpt>
<trkpt lat="33.45129294320941" lon="126.76467427052557"><ele>221.4</ele><time></time></trkpt>
<trkpt lat="33.45125924795866" lon="126.76469589583576"><ele>221.8</ele><time></time></trkpt>
<trkpt lat="33.45126218162477" lon="126.76468743011355"><ele>221.6</ele><time></time></trkpt>
<trkpt lat="33.45126553438604" lon="126.76468449644744"><ele>221.6</ele><time></time></trkpt>
<trkpt lat="33.45126704312861" lon="126.76468927413225"><ele>221.6</ele><time></time></trkpt>
<trkpt lat="33.45126721076667" lon="126.76469480618834"><ele>221.4</ele><time></time></trkpt>
<trkpt lat="33.4512728266418" lon="126.76470117643476"><ele>221.6</ele><time></time></trkpt>
<trkpt lat="33.45127877779305" lon="126.76470310427248"><ele>221.4</ele><time></time></trkpt>
<trkpt lat="33.451278526335955" lon="126.76471852697432"><ele>221.4</ele><time></time></trkpt>
<trkpt lat="33.45127919688821" lon="126.76474073901772"><ele>221.4</ele><time></time></trkpt>
<trkpt lat="33.45127886161208" lon="126.76474140956998"><ele>221.4</ele><time></time></trkpt>
<trkpt lat="33.451285399496555" lon="126.7647456843406"><ele>221.4</ele><time></time></trkpt>
<trkpt lat="33.451278107240796" lon="126.76475180312991"><ele>221.2</ele><time></time></trkpt>
<trkpt lat="33.45127961598337" lon="126.7647554911673"><ele>221.2</ele><time></time></trkpt>
<trkpt lat="33.45128422603011" lon="126.76476219668984"><ele>221.4</ele><time></time></trkpt>
<trkpt lat="33.451288752257824" lon="126.76476462744176"><ele>221.2</ele><time></time></trkpt>
<trkpt lat="33.45129042863846" lon="126.76474216394126"><ele>221.0</ele><time></time></trkpt>
<trkpt lat="33.451287830248475" lon="126.76474677398801"><ele>221.0</ele><time></time></trkpt>
<trkpt lat="33.45128422603011" lon="126.7647385597229"><ele>221.0</ele><time></time></trkpt>
<trkpt lat="33.451282382011414" lon="126.76474090665579"><ele>221.0</ele><time></time></trkpt>
<trkpt lat="33.4512794483453" lon="126.76473956555128"><ele>221.2</ele><time></time></trkpt>
<trkpt lat="33.45127936452627" lon="126.76473705098033"><ele>221.0</ele><time></time></trkpt>
<trkpt lat="33.45127391628921" lon="126.76472204737365"><ele>221.0</ele><time></time></trkpt>
<trkpt lat="33.45127039588988" lon="126.76472221501172"><ele>221.0</ele><time></time></trkpt>
<trkpt lat="33.4512675460428" lon="126.76472171209753"><ele>220.8</ele><time></time></trkpt>
<trkpt lat="33.451269222423434" lon="126.76471509039402"><ele>221.0</ele><time></time></trkpt>
<trkpt lat="33.45129361376166" lon="126.7647126596421"><ele>221.0</ele><time></time></trkpt>
<trkpt lat="33.45129579305649" lon="126.76471131853759"><ele>221.0</ele><time></time></trkpt>
<trkpt lat="33.45128908753395" lon="126.76470385864377"><ele>220.8</ele><time></time></trkpt>
<trkpt lat="33.45128715969622" lon="126.7647026013583"><ele>220.8</ele><time></time></trkpt>
<trkpt lat="33.451277017593384" lon="126.76469245925546"><ele>221.0</ele><time></time></trkpt>
<trkpt lat="33.451271736994386" lon="126.76469095051289"><ele>221.0</ele><time></time></trkpt>
<trkpt lat="33.451271653175354" lon="126.76469212397933"><ele>221.0</ele><time></time></trkpt>
<trkpt lat="33.45126704312861" lon="126.76470067352057"><ele>221.0</ele><time></time></trkpt>
<trkpt lat="33.45126897096634" lon="126.76470327191055"><ele>221.0</ele><time></time></trkpt>
<trkpt lat="33.45126654021442" lon="126.76470151171088"><ele>220.8</ele><time></time></trkpt>
<trkpt lat="33.451258074492216" lon="126.76469773985445"><ele>220.8</ele><time></time></trkpt>
<trkpt lat="33.45125815831125" lon="126.76469975151122"><ele>221.0</ele><time></time></trkpt>
<trkpt lat="33.45128070563078" lon="126.76472179591656"><ele>221.0</ele><time></time></trkpt>
<trkpt lat="33.4512884169817" lon="126.7647314351052"><ele>221.0</ele><time></time></trkpt>
<trkpt lat="33.45128757879138" lon="126.76473151892424"><ele>221.0</ele><time></time></trkpt>
<trkpt lat="33.45128741115332" lon="126.76473101601005"><ele>220.8</ele><time></time></trkpt>
<trkpt lat="33.45129336230457" lon="126.7647264059633"><ele>221.0</ele><time></time></trkpt>
<trkpt lat="33.4513003192842" lon="126.76471643149853"><ele>220.8</ele><time></time></trkpt>
<trkpt lat="33.451289338991046" lon="126.76471542567015"><ele>220.6</ele><time></time></trkpt>
<trkpt lat="33.45129302702844" lon="126.76471668295562"><ele>220.8</ele><time></time></trkpt>
<trkpt lat="33.45129948109388" lon="126.7647023499012"><ele>220.6</ele><time></time></trkpt>
<trkpt lat="33.45129244029522" lon="126.7647020984441"><ele>220.8</ele><time></time></trkpt>
<trkpt lat="33.45129084773362" lon="126.76470184698701"><ele>220.6</ele><time></time></trkpt>
<trkpt lat="33.451283974573016" lon="126.76469958387315"><ele>220.6</ele><time></time></trkpt>
<trkpt lat="33.451282968744636" lon="126.76470058970153"><ele>220.6</ele><time></time></trkpt>
<trkpt lat="33.451277520507574" lon="126.7647026013583"><ele>220.6</ele><time></time></trkpt>
<trkpt lat="33.45127307809889" lon="126.76470008678734"><ele>220.6</ele><time></time></trkpt>
<trkpt lat="33.451280454173684" lon="126.76469136960804"><ele>220.6</ele><time></time></trkpt>
<trkpt lat="33.4512693900615" lon="126.76469648256898"><ele>220.6</ele><time></time></trkpt>
<trkpt lat="33.451266875490546" lon="126.76469656638801"><ele>220.6</ele><time></time></trkpt>
<trkpt lat="33.4512537997216" lon="126.76469438709319"><ele>220.4</ele><time></time></trkpt>
<trkpt lat="33.45127425156534" lon="126.76470662467182"><ele>220.4</ele><time></time></trkpt>
<trkpt lat="33.45127358101308" lon="126.76470863632858"><ele>220.4</ele><time></time></trkpt>
<trkpt lat="33.45128917135298" lon="126.76470612175763"><ele>220.6</ele><time></time></trkpt>
<trkpt lat="33.451271653175354" lon="126.76471324637532"><ele>220.6</ele><time></time></trkpt>
<trkpt lat="33.4512693900615" lon="126.76471483893692"><ele>220.6</ele><time></time></trkpt>
<trkpt lat="33.45125497318804" lon="126.76471693441272"><ele>220.6</ele><time></time></trkpt>
<trkpt lat="33.45124885439873" lon="126.76471802406013"><ele>220.8</ele><time></time></trkpt>
<trkpt lat="33.4512347728014" lon="126.76472363993526"><ele>221.4</ele><time></time></trkpt>
<trkpt lat="33.451217925176024" lon="126.76473713479936"><ele>221.6</ele><time></time></trkpt>
<trkpt lat="33.451212057843804" lon="126.7647419963032"><ele>221.6</ele><time></time></trkpt>
<trkpt lat="33.451189678162336" lon="126.76475423388183"><ele>221.4</ele><time></time></trkpt>
<trkpt lat="33.45116696320474" lon="126.7647647112608"><ele>221.2</ele><time></time></trkpt>
<trkpt lat="33.451154474169016" lon="126.76477024331689"><ele>221.4</ele><time></time></trkpt>
<trkpt lat="33.45113016664982" lon="126.76478398963809"><ele>221.4</ele><time></time></trkpt>
<trkpt lat="33.45112346112728" lon="126.76478792913258"><ele>221.2</ele><time></time></trkpt>
<trkpt lat="33.451100243255496" lon="126.76479865796864"><ele>220.8</ele><time></time></trkpt>
<trkpt lat="33.4510756842792" lon="126.76481919363141"><ele>220.6</ele><time></time></trkpt>
<trkpt lat="33.45106814056635" lon="126.764828665182"><ele>220.6</ele><time></time></trkpt>
<trkpt lat="33.45106126740575" lon="126.76484098657966"><ele>220.6</ele><time></time></trkpt>
<trkpt lat="33.45105514861643" lon="126.76485121250153"><ele>220.6</ele><time></time></trkpt>
<trkpt lat="33.4510310087353" lon="126.76487417891622"><ele>220.0</ele><time></time></trkpt>
<trkpt lat="33.451001001521945" lon="126.76489144563675"><ele>219.6</ele><time></time></trkpt>
<trkpt lat="33.450983399525285" lon="126.76489991135895"><ele>219.4</ele><time></time></trkpt>
<trkpt lat="33.4509514644742" lon="126.76491290330887"><ele>219.4</ele><time></time></trkpt>
<trkpt lat="33.45092388801277" lon="126.76491818390787"><ele>219.4</ele><time></time></trkpt>
<trkpt lat="33.4509099740535" lon="126.76491835154593"><ele>219.4</ele><time></time></trkpt>
<trkpt lat="33.45088834874332" lon="126.7649196088314"><ele>219.4</ele><time></time></trkpt>
<trkpt lat="33.450882816687226" lon="126.76492044702172"><ele>219.4</ele><time></time></trkpt>
<trkpt lat="33.45086353830993" lon="126.7649217043072"><ele>219.4</ele><time></time></trkpt>
<trkpt lat="33.450839733704925" lon="126.76492581143975"><ele>219.4</ele><time></time></trkpt>
<trkpt lat="33.45082732848823" lon="126.76493000239134"><ele>219.4</ele><time></time></trkpt>
<trkpt lat="33.450788939371705" lon="126.76493008621037"><ele>219.4</ele><time></time></trkpt>
<trkpt lat="33.45073294825852" lon="126.764918519184"><ele>219.4</ele><time></time></trkpt>
<trkpt lat="33.45070713199675" lon="126.76490887999535"><ele>219.4</ele><time></time></trkpt>
<trkpt lat="33.45064502209425" lon="126.76489932462573"><ele>219.6</ele><time></time></trkpt>
<trkpt lat="33.45061861909926" lon="126.76489002071321"><ele>219.8</ele><time></time></trkpt>
<trkpt lat="33.45057662576437" lon="126.76487887278199"><ele>220.4</ele><time></time></trkpt>
<trkpt lat="33.45053111203015" lon="126.76486638374627"><ele>220.8</ele><time></time></trkpt>
<trkpt lat="33.450505463406444" lon="126.764857750386"><ele>221.0</ele><time></time></trkpt>
<trkpt lat="33.4504577703774" lon="126.76485632546246"><ele>221.0</ele><time></time></trkpt>
<trkpt lat="33.45043153502047" lon="126.76485657691956"><ele>221.2</ele><time></time></trkpt>
<trkpt lat="33.4503782261163" lon="126.76485766656697"><ele>221.2</ele><time></time></trkpt>
<trkpt lat="33.45032500103116" lon="126.76485791802406"><ele>221.2</ele><time></time></trkpt>
<trkpt lat="33.45029566437006" lon="126.76485842093825"><ele>221.2</ele><time></time></trkpt>
<trkpt lat="33.45023514702916" lon="126.76486152224243"><ele>221.2</ele><time></time></trkpt>
<trkpt lat="33.45017747953534" lon="126.76486537791789"><ele>221.2</ele><time></time></trkpt>
<trkpt lat="33.45014898106456" lon="126.76486722193658"><ele>221.2</ele><time></time></trkpt>
<trkpt lat="33.45009927637875" lon="126.76488515920937"><ele>221.0</ele><time></time></trkpt>
<trkpt lat="33.4500727057457" lon="126.76488582976162"><ele>220.8</ele><time></time></trkpt>
<trkpt lat="33.450026186183095" lon="126.76487116143107"><ele>220.6</ele><time></time></trkpt>
<trkpt lat="33.44997790642083" lon="126.76485733129084"><ele>220.6</ele><time></time></trkpt>
<trkpt lat="33.44995544292033" lon="126.76485029049218"><ele>220.6</ele><time></time></trkpt>
<trkpt lat="33.449903558939695" lon="126.764823384583"><ele>220.6</ele><time></time></trkpt>
<trkpt lat="33.449853770434856" lon="126.76479706540704"><ele>220.6</ele><time></time></trkpt>
<trkpt lat="33.44983180984855" lon="126.76478088833392"><ele>220.6</ele><time></time></trkpt>
<trkpt lat="33.44979417510331" lon="126.76474585197866"><ele>220.6</ele><time></time></trkpt>
<trkpt lat="33.44977674074471" lon="126.76472422666848"><ele>220.6</ele><time></time></trkpt>
<trkpt lat="33.44974530860782" lon="126.76468072459102"><ele>221.0</ele><time></time></trkpt>
<trkpt lat="33.44970633275807" lon="126.76465046592057"><ele>221.4</ele><time></time></trkpt>
<trkpt lat="33.44968294724822" lon="126.76464535295963"><ele>221.4</ele><time></time></trkpt>
<trkpt lat="33.44963760115206" lon="126.76463219337165"><ele>221.4</ele><time></time></trkpt>
<trkpt lat="33.44958554953337" lon="126.76460830494761"><ele>221.0</ele><time></time></trkpt>
<trkpt lat="33.44956283457577" lon="126.764593468979"><ele>220.8</ele><time></time></trkpt>
<trkpt lat="33.44951346516609" lon="126.76457226276398"><ele>220.6</ele><time></time></trkpt>
<trkpt lat="33.44948949292302" lon="126.76455927081406"><ele>220.6</ele><time></time></trkpt>
<trkpt lat="33.449442218989134" lon="126.76452892832458"><ele>220.6</ele><time></time></trkpt>
<trkpt lat="33.449391508474946" lon="126.76450646482408"><ele>220.6</ele><time></time></trkpt>
<trkpt lat="33.44936585985124" lon="126.76449246704578"><ele>220.6</ele><time></time></trkpt>
<trkpt lat="33.449319591745734" lon="126.76447142846882"><ele>220.8</ele><time></time></trkpt>
<trkpt lat="33.449293691664934" lon="126.76445625722408"><ele>220.8</ele><time></time></trkpt>
<trkpt lat="33.44925295561552" lon="126.76442172378302"><ele>220.8</ele><time></time></trkpt>
<trkpt lat="33.4492108784616" lon="126.76439967937768"><ele>220.8</ele><time></time></trkpt>
<trkpt lat="33.44919193536043" lon="126.76438660360873"><ele>220.8</ele><time></time></trkpt>
<trkpt lat="33.44915270805359" lon="126.76435341127217"><ele>220.8</ele><time></time></trkpt>
<trkpt lat="33.44911306165159" lon="126.76431745290756"><ele>220.8</ele><time></time></trkpt>
<trkpt lat="33.44909210689366" lon="126.76429306156933"><ele>220.8</ele><time></time></trkpt>
<trkpt lat="33.449048018082976" lon="126.7642549239099"><ele>220.8</ele><time></time></trkpt>
<trkpt lat="33.449029577896" lon="126.76423690281808"><ele>220.8</ele><time></time></trkpt>
<trkpt lat="33.44898775219917" lon="126.76419423893094"><ele>221.0</ele><time></time></trkpt>
<trkpt lat="33.44894374720752" lon="126.76416146568954"><ele>221.0</ele><time></time></trkpt>
<trkpt lat="33.44892002642155" lon="126.76413841545582"><ele>221.0</ele><time></time></trkpt>
<trkpt lat="33.44888834282756" lon="126.764086028561"><ele>221.0</ele><time></time></trkpt>
<trkpt lat="33.44886395148933" lon="126.76402794197202"><ele>221.2</ele><time></time></trkpt>
<trkpt lat="33.44884358346462" lon="126.76400505937636"><ele>221.4</ele><time></time></trkpt>
<trkpt lat="33.44881659373641" lon="126.76395166665316"><ele>221.8</ele><time></time></trkpt>
<trkpt lat="33.448809552937746" lon="126.76392417401075"><ele>222.0</ele><time></time></trkpt>
<trkpt lat="33.44878423959017" lon="126.76386541686952"><ele>222.4</ele><time></time></trkpt>
<trkpt lat="33.44876881688833" lon="126.76380682736635"><ele>222.8</ele><time></time></trkpt>
<trkpt lat="33.4487637039274" lon="126.76378084346652"><ele>223.0</ele><time></time></trkpt>
<trkpt lat="33.44874618574977" lon="126.76373725757003"><ele>223.4</ele><time></time></trkpt>
<trkpt lat="33.44873336143792" lon="126.76371588371694"><ele>223.6</ele><time></time></trkpt>
<trkpt lat="33.44871341250837" lon="126.76366140134633"><ele>223.8</ele><time></time></trkpt>
<trkpt lat="33.44870117492974" lon="126.76361144520342"><ele>224.2</ele><time></time></trkpt>
<trkpt lat="33.448696564882994" lon="126.76358487457037"><ele>224.4</ele><time></time></trkpt>
<trkpt lat="33.44869011081755" lon="126.76353718154132"><ele>224.8</ele><time></time></trkpt>
<trkpt lat="33.44867963343859" lon="126.76349870860577"><ele>225.2</ele><time></time></trkpt>
<trkpt lat="33.44867284409702" lon="126.7634813580662"><ele>225.4</ele><time></time></trkpt>
<trkpt lat="33.44865281134844" lon="126.76345051266253"><ele>225.6</ele><time></time></trkpt>
<trkpt lat="33.44864409416914" lon="126.76343182101846"><ele>225.8</ele><time></time></trkpt>
<trkpt lat="33.44863479025662" lon="126.76338940858841"><ele>226.0</ele><time></time></trkpt>
<trkpt lat="33.44861735589802" lon="126.76334246993065"><ele>226.2</ele><time></time></trkpt>
<trkpt lat="33.448603358119726" lon="126.76332109607756"><ele>226.2</ele><time></time></trkpt>
<trkpt lat="33.4485821519047" lon="126.76327214576304"><ele>226.4</ele><time></time></trkpt>
<trkpt lat="33.44856631010771" lon="126.763224452734"><ele>226.6</ele><time></time></trkpt>
<trkpt lat="33.44856144860387" lon="126.76320433616638"><ele>226.8</ele><time></time></trkpt>
<trkpt lat="33.44854921102524" lon="126.76316242665052"><ele>227.0</ele><time></time></trkpt>
<trkpt lat="33.44853864982724" lon="126.76313820295036"><ele>227.0</ele><time></time></trkpt>
<trkpt lat="33.44852280803025" lon="126.76308003254235"><ele>227.0</ele><time></time></trkpt>
<trkpt lat="33.448504116386175" lon="126.76303284242749"><ele>226.8</ele><time></time></trkpt>
<trkpt lat="33.4484975785017" lon="126.76301431842148"><ele>226.8</ele><time></time></trkpt>
<trkpt lat="33.44849397428334" lon="126.76298330537975"><ele>227.0</ele><time></time></trkpt>
<trkpt lat="33.448491962626576" lon="126.76297215744853"><ele>227.2</ele><time></time></trkpt>
<trkpt lat="33.4484907053411" lon="126.76294516772032"><ele>227.6</ele><time></time></trkpt>
<trkpt lat="33.44849112443626" lon="126.76290962845087"><ele>227.6</ele><time></time></trkpt>
<trkpt lat="33.44848919659853" lon="126.76289454102516"><ele>227.6</ele><time></time></trkpt>
<trkpt lat="33.44848919659853" lon="126.76287107169628"><ele>227.8</ele><time></time></trkpt>
<trkpt lat="33.448492800816894" lon="126.76285397261381"><ele>228.0</ele><time></time></trkpt>
<trkpt lat="33.44849003478885" lon="126.76284542307258"><ele>228.0</ele><time></time></trkpt>
<trkpt lat="33.44847905449569" lon="126.76282245665789"><ele>228.4</ele><time></time></trkpt>
<trkpt lat="33.44847226515412" lon="126.7628097999841"><ele>228.4</ele><time></time></trkpt>
<trkpt lat="33.44846379943192" lon="126.76278197206557"><ele>228.4</ele><time></time></trkpt>
<trkpt lat="33.44845893792808" lon="126.7627545632422"><ele>228.4</ele><time></time></trkpt>
<trkpt lat="33.448452819138765" lon="126.76273679360747"><ele>228.4</ele><time></time></trkpt>
<trkpt lat="33.44844317995012" lon="126.76270972006023"><ele>228.6</ele><time></time></trkpt>
<trkpt lat="33.448436222970486" lon="126.76268323324621"><ele>228.6</ele><time></time></trkpt>
<trkpt lat="33.448432786390185" lon="126.76267141476274"><ele>228.8</ele><time></time></trkpt>
<trkpt lat="33.44842666760087" lon="126.76263730041683"><ele>229.0</ele><time></time></trkpt>
<trkpt lat="33.44842281192541" lon="126.76262598484755"><ele>229.0</ele><time></time></trkpt>
<trkpt lat="33.448414681479335" lon="126.76259639672935"><ele>229.2</ele><time></time></trkpt>
<trkpt lat="33.44840529374778" lon="126.76256898790598"><ele>229.2</ele><time></time></trkpt>
<trkpt lat="33.44839934259653" lon="126.76255725324154"><ele>229.2</ele><time></time></trkpt>
<trkpt lat="33.44838459044695" lon="126.7625296767801"><ele>229.0</ele><time></time></trkpt>
<trkpt lat="33.44837444834411" lon="126.76249774172902"><ele>228.8</ele><time></time></trkpt>
<trkpt lat="33.448369670659304" lon="126.7624852526933"><ele>228.6</ele><time></time></trkpt>
<trkpt lat="33.44835986383259" lon="126.76246689632535"><ele>228.6</ele><time></time></trkpt>
<trkpt lat="33.44835206866264" lon="126.76245549693704"><ele>228.6</ele><time></time></trkpt>
<trkpt lat="33.44833740033209" lon="126.76242046058178"><ele>228.8</ele><time></time></trkpt>
<trkpt lat="33.44832348637283" lon="126.76238793879747"><ele>228.6</ele><time></time></trkpt>
<trkpt lat="33.448315523564816" lon="126.76237176172435"><ele>228.6</ele><time></time></trkpt>
<trkpt lat="33.44829733483493" lon="126.76233571954072"><ele>228.8</ele><time></time></trkpt>
<trkpt lat="33.44829213805497" lon="126.76232130266726"><ele>229.0</ele><time></time></trkpt>
<trkpt lat="33.448276966810226" lon="126.76228056661785"><ele>229.0</ele><time></time></trkpt>
<trkpt lat="33.44826850108802" lon="126.76224385388196"><ele>228.8</ele><time></time></trkpt>
<trkpt lat="33.448263723403215" lon="126.76222885027528"><ele>228.8</ele><time></time></trkpt>
<trkpt lat="33.44824897125363" lon="126.76219875924289"><ele>229.0</ele><time></time></trkpt>
<trkpt lat="33.448236733675" lon="126.76217562519014"><ele>229.0</ele><time></time></trkpt>
<trkpt lat="33.44823036342859" lon="126.76217067986727"><ele>229.0</ele><time></time></trkpt>
<trkpt lat="33.448218293488026" lon="126.76215928047895"><ele>229.0</ele><time></time></trkpt>
<trkpt lat="33.44820907339454" lon="126.76214285194874"><ele>229.0</ele><time></time></trkpt>
<trkpt lat="33.44819541089237" lon="126.76211083307862"><ele>229.0</ele><time></time></trkpt>
<trkpt lat="33.44818962737918" lon="126.76208719611168"><ele>229.0</ele><time></time></trkpt>
<trkpt lat="33.44818828627467" lon="126.76207412034273"><ele>229.0</ele><time></time></trkpt>
<trkpt lat="33.44818199984729" lon="126.7620552610606"><ele>229.2</ele><time></time></trkpt>
<trkpt lat="33.448173282667994" lon="126.76202927716076"><ele>229.2</ele><time></time></trkpt>
<trkpt lat="33.448169846087694" lon="126.76201058551669"><ele>229.4</ele><time></time></trkpt>
<trkpt lat="33.44816297292709" lon="126.76198401488364"><ele>229.4</ele><time></time></trkpt>
<trkpt lat="33.448161631822586" lon="126.7619654070586"><ele>229.4</ele><time></time></trkpt>
<trkpt lat="33.44815442338586" lon="126.76192609593272"><ele>229.6</ele><time></time></trkpt>
<trkpt lat="33.448151322081685" lon="126.76188494078815"><ele>229.6</ele><time></time></trkpt>
<trkpt lat="33.44814847223461" lon="126.76186666823924"><ele>229.8</ele><time></time></trkpt>
<trkpt lat="33.448141012340784" lon="126.76182643510401"><ele>229.8</ele><time></time></trkpt>
<trkpt lat="33.448136150836945" lon="126.7618113476783"><ele>229.8</ele><time></time></trkpt>
<trkpt lat="33.448126427829266" lon="126.76177631132305"><ele>229.8</ele><time></time></trkpt>
<trkpt lat="33.448119135573506" lon="126.76175158470869"><ele>230.0</ele><time></time></trkpt>
<trkpt lat="33.44811720773578" lon="126.76174303516746"><ele>230.0</ele><time></time></trkpt>
<trkpt lat="33.44810941256583" lon="126.7617196496576"><ele>230.2</ele><time></time></trkpt>
<trkpt lat="33.44809885136783" lon="126.76168779842556"><ele>230.2</ele><time></time></trkpt>
<trkpt lat="33.44809549860656" lon="126.76167505793273"><ele>230.4</ele><time></time></trkpt>
<trkpt lat="33.448083931580186" lon="126.76164538599551"><ele>230.4</ele><time></time></trkpt>
<trkpt lat="33.44807487912476" lon="126.76163272932172"><ele>230.4</ele><time></time></trkpt>
<trkpt lat="33.44806767068803" lon="126.76160548813641"><ele>230.4</ele><time></time></trkpt>
<trkpt lat="33.44805467873812" lon="126.76157707348466"><ele>230.4</ele><time></time></trkpt>
<trkpt lat="33.448046715930104" lon="126.76156064495444"><ele>230.4</ele><time></time></trkpt>
<trkpt lat="33.44803095795214" lon="126.76153080537915"><ele>230.4</ele><time></time></trkpt>
<trkpt lat="33.44802173785865" lon="126.76151018589735"><ele>230.6</ele><time></time></trkpt>
<trkpt lat="33.448016876354814" lon="126.76149962469935"><ele>230.8</ele><time></time></trkpt>
<trkpt lat="33.448006734251976" lon="126.76147481426597"><ele>230.8</ele><time></time></trkpt>
<trkpt lat="33.44800254330039" lon="126.76146291196346"><ele>230.8</ele><time></time></trkpt>
<trkpt lat="33.447996927425265" lon="126.76143290475011"><ele>230.6</ele><time></time></trkpt>
<trkpt lat="33.44798846170306" lon="126.76139795221388"><ele>230.6</ele><time></time></trkpt>
<trkpt lat="33.447984689846635" lon="126.7613813560456"><ele>230.8</ele><time></time></trkpt>
<trkpt lat="33.447977900505066" lon="126.76135176792741"><ele>230.6</ele><time></time></trkpt>
<trkpt lat="33.44797312282026" lon="126.76133265718818"><ele>230.6</ele><time></time></trkpt>
<trkpt lat="33.44796499237418" lon="126.76129963248968"><ele>230.6</ele><time></time></trkpt>
<trkpt lat="33.44795803539455" lon="126.76127205602825"><ele>230.6</ele><time></time></trkpt>
<trkpt lat="33.447953928261995" lon="126.76125931553543"><ele>230.6</ele><time></time></trkpt>
<trkpt lat="33.44794529490173" lon="126.76123266108334"><ele>230.8</ele><time></time></trkpt>
<trkpt lat="33.44793397933245" lon="126.76120122894645"><ele>230.8</ele><time></time></trkpt>
<trkpt lat="33.447928447276354" lon="126.7611849680543"><ele>230.8</ele><time></time></trkpt>
<trkpt lat="33.44791939482093" lon="126.76115403883159"><ele>231.0</ele><time></time></trkpt>
<trkpt lat="33.447915287688375" lon="126.7611416336149"><ele>231.2</ele><time></time></trkpt>
<trkpt lat="33.44790221191943" lon="126.76110718399286"><ele>231.2</ele><time></time></trkpt>
<trkpt lat="33.4478915669024" lon="126.7610755842179"><ele>231.0</ele><time></time></trkpt>
<trkpt lat="33.44788494519889" lon="126.7610620893538"><ele>231.0</ele><time></time></trkpt>
<trkpt lat="33.44786868430674" lon="126.76103174686432"><ele>231.2</ele><time></time></trkpt>
<trkpt lat="33.447857201099396" lon="126.76100098527968"><ele>231.2</ele><time></time></trkpt>
<trkpt lat="33.447850830852985" lon="126.76098195835948"><ele>231.2</ele><time></time></trkpt>
<trkpt lat="33.44784186221659" lon="126.76096066832542"><ele>231.2</ele><time></time></trkpt>
<trkpt lat="33.447838593274355" lon="126.76095245406032"><ele>231.0</ele><time></time></trkpt>
<trkpt lat="33.44782727770507" lon="126.76092965528369"><ele>231.2</ele><time></time></trkpt>
<trkpt lat="33.44781235791743" lon="126.76090476103127"><ele>231.4</ele><time></time></trkpt>
<trkpt lat="33.447803389281034" lon="126.76089168526232"><ele>231.4</ele><time></time></trkpt>
<trkpt lat="33.44777841120958" lon="126.76086327061057"><ele>231.4</ele><time></time></trkpt>
<trkpt lat="33.44775930047035" lon="126.76085120067"><ele>231.4</ele><time></time></trkpt>
<trkpt lat="33.447749661281705" lon="126.76084474660456"><ele>231.2</ele><time></time></trkpt>
<trkpt lat="33.44772459939122" lon="126.76083276048303"><ele>230.8</ele><time></time></trkpt>
<trkpt lat="33.44771177507937" lon="126.76082999445498"><ele>230.6</ele><time></time></trkpt>
<trkpt lat="33.447691071778536" lon="126.76082789897919"><ele>230.2</ele><time></time></trkpt>
<trkpt lat="33.447665674611926" lon="126.76082513295114"><ele>229.8</ele><time></time></trkpt>
<trkpt lat="33.44765377230942" lon="126.76082496531308"><ele>229.6</ele><time></time></trkpt>
<trkpt lat="33.44762862659991" lon="126.76083326339722"><ele>229.2</ele><time></time></trkpt>
<trkpt lat="33.44761244952679" lon="126.76083879545331"><ele>229.0</ele><time></time></trkpt>
<trkpt lat="33.447582023218274" lon="126.76084122620523"><ele>228.8</ele><time></time></trkpt>
<trkpt lat="33.44755704514682" lon="126.76084692589939"><ele>228.4</ele><time></time></trkpt>
<trkpt lat="33.44754757359624" lon="126.76085061393678"><ele>228.2</ele><time></time></trkpt>
<trkpt lat="33.44751748256385" lon="126.76086025312543"><ele>227.6</ele><time></time></trkpt>
<trkpt lat="33.44747666269541" lon="126.76086737774312"><ele>227.0</ele><time></time></trkpt>
<trkpt lat="33.44746467657387" lon="126.7608707305044"><ele>227.0</ele><time></time></trkpt>
<trkpt lat="33.447437435388565" lon="126.7608707305044"><ele>226.8</ele><time></time></trkpt>
<trkpt lat="33.44742310233414" lon="126.76086402498186"><ele>226.6</ele><time></time></trkpt>
<trkpt lat="33.4474060870707" lon="126.76084675826132"><ele>226.2</ele><time></time></trkpt>
<trkpt lat="33.447387060150504" lon="126.7608234565705"><ele>226.0</ele><time></time></trkpt>
<trkpt lat="33.447377337142825" lon="126.76080887205899"><ele>226.0</ele><time></time></trkpt>
<trkpt lat="33.447369961068034" lon="126.7607906833291"><ele>226.0</ele><time></time></trkpt>
<trkpt lat="33.44736199826002" lon="126.76076637580991"><ele>226.0</ele><time></time></trkpt>
<trkpt lat="33.44735747203231" lon="126.76074860617518"><ele>226.0</ele><time></time></trkpt>
<trkpt lat="33.447355376556516" lon="126.76071080379188"><ele>226.0</ele><time></time></trkpt>
<trkpt lat="33.44735370017588" lon="126.76069504581392"><ele>226.0</ele><time></time></trkpt>
<trkpt lat="33.447348922491074" lon="126.76065833307803"><ele>226.0</ele><time></time></trkpt>
<trkpt lat="33.447347078472376" lon="126.76062086597085"><ele>226.0</ele><time></time></trkpt>
<trkpt lat="33.447347078472376" lon="126.7606025096029"><ele>226.0</ele><time></time></trkpt>
<trkpt lat="33.447345150634646" lon="126.76057149656117"><ele>226.0</ele><time></time></trkpt>
<trkpt lat="33.447344563901424" lon="126.76055842079222"><ele>226.0</ele><time></time></trkpt>
<trkpt lat="33.44734104350209" lon="126.7605351191014"><ele>226.2</ele><time></time></trkpt>
<trkpt lat="33.447337690740824" lon="126.76050569862127"><ele>226.2</ele><time></time></trkpt>
<trkpt lat="33.44733559526503" lon="126.76048927009106"><ele>226.2</ele><time></time></trkpt>
<trkpt lat="33.44732629135251" lon="126.76045884378254"><ele>226.2</ele><time></time></trkpt>
<trkpt lat="33.447320591658354" lon="126.76042707636952"><ele>226.6</ele><time></time></trkpt>
<trkpt lat="33.44731899909675" lon="126.76041207276285"><ele>226.6</ele><time></time></trkpt>
<trkpt lat="33.44731388613582" lon="126.76038064062595"><ele>226.4</ele><time></time></trkpt>
<trkpt lat="33.447262477925584" lon="126.760288272053"><ele>262.9635925292969</ele><time></time></trkpt>
<trkpt lat="33.447257274169075" lon="126.76027653738856"><ele>263.0102844238281</ele><time></time></trkpt>
<trkpt lat="33.44724045589985" lon="126.7602454405278"><ele>262.8247680664062</ele><time></time></trkpt>
<trkpt lat="33.44724012808799" lon="126.76023613661528"><ele>262.8581848144531</ele><time></time></trkpt>
<trkpt lat="33.44724122839964" lon="126.7602311912924"><ele>262.8916320800781</ele><time></time></trkpt>
<trkpt lat="33.447238029912114" lon="126.76022071391344"><ele>226.0</ele><time></time></trkpt>
<trkpt lat="33.447232246398926" lon="126.76020336337388"><ele>226.0</ele><time></time></trkpt>
<trkpt lat="33.44722017645836" lon="126.76017696037889"><ele>226.0</ele><time></time></trkpt>
<trkpt lat="33.44721531495452" lon="126.76016656681895"><ele>226.0</ele><time></time></trkpt>
<trkpt lat="33.44720559194684" lon="126.76014829427004"><ele>226.2</ele><time></time></trkpt>
<trkpt lat="33.44719528220594" lon="126.76012633368373"><ele>226.2</ele><time></time></trkpt>
<trkpt lat="33.447190253064036" lon="126.76011417992413"><ele>226.2</ele><time></time></trkpt>
<trkpt lat="33.44718153588474" lon="126.76008769311011"><ele>226.2</ele><time></time></trkpt>
<trkpt lat="33.44717717729509" lon="126.76006875000894"><ele>226.0</ele><time></time></trkpt>
<trkpt lat="33.44716192223132" lon="126.76002826541662"><ele>226.0</ele><time></time></trkpt>
<trkpt lat="33.447149684652686" lon="126.75999951548874"><ele>226.0</ele><time></time></trkpt>
<trkpt lat="33.44714482314885" lon="126.75998769700527"><ele>226.0</ele><time></time></trkpt>
<trkpt lat="33.44713669270277" lon="126.75996540114284"><ele>226.0</ele><time></time></trkpt>
<trkpt lat="33.44713023863733" lon="126.75994344055653"><ele>226.0</ele><time></time></trkpt>
<trkpt lat="33.44712797552347" lon="126.75993061624467"><ele>226.0</ele><time></time></trkpt>
<trkpt lat="33.447123784571886" lon="126.75990513525903"><ele>226.2</ele><time></time></trkpt>
<trkpt lat="33.44711707904935" lon="126.75988669507205"><ele>226.2</ele><time></time></trkpt>
<trkpt lat="33.44711062498391" lon="126.75985442474484"><ele>226.4</ele><time></time></trkpt>
<trkpt lat="33.447112049907446" lon="126.75981117412448"><ele>226.6</ele><time></time></trkpt>
<trkpt lat="33.44710827805102" lon="126.75979415886104"><ele>226.6</ele><time></time></trkpt>
<trkpt lat="33.447101740166545" lon="126.75975987687707"><ele>226.8</ele><time></time></trkpt>
<trkpt lat="33.447097800672054" lon="126.75972551107407"><ele>226.8</ele><time></time></trkpt>
<trkpt lat="33.447096794843674" lon="126.75970740616322"><ele>227.0</ele><time></time></trkpt>
<trkpt lat="33.44709360972047" lon="126.7596722021699"><ele>227.0</ele><time></time></trkpt>
<trkpt lat="33.44708992168307" lon="126.75965912640095"><ele>227.0</ele><time></time></trkpt>
<trkpt lat="33.4470833837986" lon="126.75962576642632"><ele>227.0</ele><time></time></trkpt>
<trkpt lat="33.44707701355219" lon="126.75960992462933"><ele>227.2</ele><time></time></trkpt>
<trkpt lat="33.447071397677064" lon="126.759601123631"><ele>227.2</ele><time></time></trkpt>
<trkpt lat="33.447062596678734" lon="126.75957228988409"><ele>227.4</ele><time></time></trkpt>
<trkpt lat="33.4470625128597" lon="126.75955292768776"><ele>227.6</ele><time></time></trkpt>
<trkpt lat="33.44705689698458" lon="126.75951688550413"><ele>227.6</ele><time></time></trkpt>
<trkpt lat="33.44705111347139" lon="126.75948319025338"><ele>227.4</ele><time></time></trkpt>
<trkpt lat="33.447050862014294" lon="126.75946684554219"><ele>227.4</ele><time></time></trkpt>
<trkpt lat="33.44704709015787" lon="126.75943776033819"><ele>227.2</ele><time></time></trkpt>
<trkpt lat="33.447040719911456" lon="126.75939626991749"><ele>227.4</ele><time></time></trkpt>
<trkpt lat="33.44703912734985" lon="126.75937456078827"><ele>227.4</ele><time></time></trkpt>
<trkpt lat="33.44703619368374" lon="126.75934120081365"><ele>227.4</ele><time></time></trkpt>
<trkpt lat="33.4470334276557" lon="126.75932644866407"><ele>227.4</ele><time></time></trkpt>
<trkpt lat="33.447023034095764" lon="126.75929233431816"><ele>227.6</ele><time></time></trkpt>
<trkpt lat="33.44701549038291" lon="126.75926827825606"><ele>227.8</ele><time></time></trkpt>
<trkpt lat="33.447011299431324" lon="126.75925537012517"><ele>227.8</ele><time></time></trkpt>
<trkpt lat="33.447001576423645" lon="126.75922653637826"><ele>227.8</ele><time></time></trkpt>
<trkpt lat="33.44699931330979" lon="126.75919979810715"><ele>228.2</ele><time></time></trkpt>
<trkpt lat="33.44699797220528" lon="126.75918571650982"><ele>228.2</ele><time></time></trkpt>
<trkpt lat="33.44699361361563" lon="126.75915822386742"><ele>228.2</ele><time></time></trkpt>
<trkpt lat="33.446991350501776" lon="126.75914146006107"><ele>228.0</ele><time></time></trkpt>
<trkpt lat="33.44698288477957" lon="126.75910206511617"><ele>227.8</ele><time></time></trkpt>
<trkpt lat="33.446971820667386" lon="126.75907222554088"><ele>227.8</ele><time></time></trkpt>
<trkpt lat="33.446960002183914" lon="126.75905956886709"><ele>227.8</ele><time></time></trkpt>
<trkpt lat="33.44693477265537" lon="126.75904062576592"><ele>227.8</ele><time></time></trkpt>
<trkpt lat="33.44690753147006" lon="126.75902377814054"><ele>227.8</ele><time></time></trkpt>
<trkpt lat="33.4468949586153" lon="126.75901338458061"><ele>227.8</ele><time></time></trkpt>
<trkpt lat="33.44687190838158" lon="126.75899242982268"><ele>227.6</ele><time></time></trkpt>
<trkpt lat="33.44686386175454" lon="126.75898564048111"><ele>227.8</ele><time></time></trkpt>
<trkpt lat="33.44684676267207" lon="126.75896770320833"><ele>228.0</ele><time></time></trkpt>
<trkpt lat="33.44682849012315" lon="126.75894984975457"><ele>228.0</ele><time></time></trkpt>
<trkpt lat="33.44682362861931" lon="126.75894079729915"><ele>227.8</ele><time></time></trkpt>
<trkpt lat="33.44681164249778" lon="126.75891908816993"><ele>227.4</ele><time></time></trkpt>
<trkpt lat="33.44680937938392" lon="126.758903414011"><ele>227.4</ele><time></time></trkpt>
<trkpt lat="33.44680242240429" lon="126.75886670127511"><ele>227.4</ele><time></time></trkpt>
<trkpt lat="33.44679605215788" lon="126.75882898271084"><ele>227.6</ele><time></time></trkpt>
<trkpt lat="33.44679513014853" lon="126.75881590694189"><ele>227.6</ele><time></time></trkpt>
<trkpt lat="33.44679772853851" lon="126.75878673791885"><ele>228.0</ele><time></time></trkpt>
<trkpt lat="33.44680837355554" lon="126.75874055363238"><ele>228.0</ele><time></time></trkpt>
<trkpt lat="33.446813905611634" lon="126.75872429274023"><ele>228.0</ele><time></time></trkpt>
<trkpt lat="33.44682455062866" lon="126.75869386643171"><ele>228.2</ele><time></time></trkpt>
<trkpt lat="33.446830082684755" lon="126.7586824670434"><ele>228.2</ele><time></time></trkpt>
<trkpt lat="33.44684382900596" lon="126.75865715369582"><ele>228.2</ele><time></time></trkpt>
<trkpt lat="33.44685673713684" lon="126.75863376818597"><ele>228.4</ele><time></time></trkpt>
<trkpt lat="33.446861347183585" lon="126.75862463191152"><ele>228.6</ele><time></time></trkpt>
<trkpt lat="33.44686729833484" lon="126.75859638489783"><ele>228.6</ele><time></time></trkpt>
<trkpt lat="33.44686796888709" lon="126.75856185145676"><ele>228.6</ele><time></time></trkpt>
<trkpt lat="33.44686662778258" lon="126.7585458420217"><ele>228.6</ele><time></time></trkpt>
<trkpt lat="33.44686545431614" lon="126.75851826556027"><ele>228.6</ele><time></time></trkpt>
<trkpt lat="33.44686310738325" lon="126.75850267522037"><ele>228.6</ele><time></time></trkpt>
<trkpt lat="33.44685908406973" lon="126.75847375765443"><ele>228.4</ele><time></time></trkpt>
<trkpt lat="33.44685179181397" lon="126.75844903104007"><ele>228.0</ele><time></time></trkpt>
<trkpt lat="33.44684877432883" lon="126.75843704491854"><ele>227.8</ele><time></time></trkpt>
<trkpt lat="33.44684299081564" lon="126.75840536132455"><ele>227.6</ele><time></time></trkpt>
<trkpt lat="33.44683955423534" lon="126.75838734023273"><ele>227.6</ele><time></time></trkpt>
<trkpt lat="33.44683578237891" lon="126.75835741683841"><ele>227.6</ele><time></time></trkpt>
<trkpt lat="33.44683075323701" lon="126.75832430832088"><ele>227.6</ele><time></time></trkpt>
<trkpt lat="33.44682974740863" lon="126.75831341184676"><ele>227.6</ele><time></time></trkpt>
<trkpt lat="33.446826143190265" lon="126.75828591920435"><ele>227.6</ele><time></time></trkpt>
<trkpt lat="33.446824634447694" lon="126.75825331360102"><ele>227.6</ele><time></time></trkpt>
<trkpt lat="33.44682262279093" lon="126.75823118537664"><ele>227.4</ele><time></time></trkpt>
<trkpt lat="33.44682337716222" lon="126.75820310600102"><ele>227.2</ele><time></time></trkpt>
<trkpt lat="33.4468206949532" lon="126.75818835385144"><ele>227.2</ele><time></time></trkpt>
<trkpt lat="33.4468140732497" lon="126.75817058421671"><ele>227.4</ele><time></time></trkpt>
<trkpt lat="33.446802254766226" lon="126.75815063528717"><ele>227.2</ele><time></time></trkpt>
<trkpt lat="33.44679647125304" lon="126.7581451870501"><ele>227.0</ele><time></time></trkpt>
<trkpt lat="33.44678490422666" lon="126.75813269801438"><ele>226.6</ele><time></time></trkpt>
<trkpt lat="33.44675523228943" lon="126.75814250484109"><ele>226.2</ele><time></time></trkpt>
<trkpt lat="33.4467398095876" lon="126.75814904272556"><ele>226.2</ele><time></time></trkpt>
<trkpt lat="33.446707958355546" lon="126.75815239548683"><ele>226.2</ele><time></time></trkpt>
<trkpt lat="33.44669404439628" lon="126.7581520602107"><ele>226.4</ele><time></time></trkpt>
<trkpt lat="33.4466689825058" lon="126.75814778544009"><ele>226.4</ele><time></time></trkpt>
<trkpt lat="33.44663679599762" lon="126.75814711488783"><ele>226.4</ele><time></time></trkpt>
<trkpt lat="33.44662296585739" lon="126.75814812071621"><ele>226.4</ele><time></time></trkpt>
<trkpt lat="33.446603352203965" lon="126.75814770162106"><ele>226.6</ele><time></time></trkpt>
<trkpt lat="33.446592539548874" lon="126.75815055146813"><ele>226.8</ele><time></time></trkpt>
<trkpt lat="33.44657099805772" lon="126.75815700553358"><ele>227.2</ele><time></time></trkpt>
<trkpt lat="33.44654241576791" lon="126.75816488452256"><ele>227.4</ele><time></time></trkpt>
<trkpt lat="33.44652799889445" lon="126.75816832110286"><ele>227.6</ele><time></time></trkpt>
<trkpt lat="33.44650042243302" lon="126.75818257033825"><ele>227.8</ele><time></time></trkpt>
<trkpt lat="33.44648131169379" lon="126.75819581374526"><ele>228.0</ele><time></time></trkpt>
<trkpt lat="33.44647033140063" lon="126.7581990826875"><ele>228.2</ele><time></time></trkpt>
<trkpt lat="33.44644577242434" lon="126.75819983705878"><ele>228.4</ele><time></time></trkpt>
<trkpt lat="33.44643152318895" lon="126.75819807685912"><ele>228.6</ele><time></time></trkpt>
<trkpt lat="33.44640604220331" lon="126.75819313153625"><ele>228.8</ele><time></time></trkpt>
<trkpt lat="33.44637896865606" lon="126.75819489173591"><ele>229.0</ele><time></time></trkpt>
<trkpt lat="33.44636756926775" lon="126.7581985797733"><ele>229.0</ele><time></time></trkpt>
<trkpt lat="33.44635717570782" lon="126.75820495001972"><ele>228.8</ele><time></time></trkpt>
<trkpt lat="33.44633638858795" lon="126.75820427946746"><ele>228.8</ele><time></time></trkpt>
<trkpt lat="33.446321887895465" lon="126.75820017233491"><ele>228.8</ele><time></time></trkpt>
<trkpt lat="33.44629389233887" lon="126.75818231888115"><ele>228.8</ele><time></time></trkpt>
<trkpt lat="33.446278888732195" lon="126.75817544572055"><ele>228.8</ele><time></time></trkpt>
<trkpt lat="33.44625852070749" lon="126.75813965499401"><ele>228.8</ele><time></time></trkpt>
<trkpt lat="33.446243684738874" lon="126.75810428336263"><ele>228.6</ele><time></time></trkpt>
<trkpt lat="33.44623823650181" lon="126.75809196196496"><ele>228.6</ele><time></time></trkpt>
<trkpt lat="33.44622784294188" lon="126.75806312821805"><ele>228.6</ele><time></time></trkpt>
<trkpt lat="33.44621376134455" lon="126.75803395919502"><ele>228.4</ele><time></time></trkpt>
<trkpt lat="33.44620722346008" lon="126.7580209672451"><ele>228.4</ele><time></time></trkpt>
<trkpt lat="33.44619280658662" lon="126.75799632444978"><ele>228.4</ele><time></time></trkpt>
<trkpt lat="33.446188950911164" lon="126.75798567943275"><ele>228.4</ele><time></time></trkpt>
<trkpt lat="33.446179227903485" lon="126.75796036608517"><ele>228.4</ele><time></time></trkpt>
<trkpt lat="33.44617210328579" lon="126.7579348012805"><ele>228.6</ele><time></time></trkpt>
<trkpt lat="33.44616933725774" lon="126.75791870802641"><ele>228.6</ele><time></time></trkpt>
<trkpt lat="33.4461644757539" lon="126.75787813961506"><ele>228.4</ele><time></time></trkpt>
<trkpt lat="33.44616246409714" lon="126.75786145962775"><ele>228.4</ele><time></time></trkpt>
<trkpt lat="33.446152321994305" lon="126.75783027894795"><ele>228.6</ele><time></time></trkpt>
<trkpt lat="33.44613455235958" lon="126.75780655816197"><ele>228.6</ele><time></time></trkpt>
<trkpt lat="33.44612047076225" lon="126.75779742188752"><ele>228.4</ele><time></time></trkpt>
<trkpt lat="33.44609700143337" lon="126.75777638331056"><ele>228.4</ele><time></time></trkpt>
<trkpt lat="33.44607872888446" lon="126.75775148905814"><ele>228.4</ele><time></time></trkpt>
<trkpt lat="33.44606908969581" lon="126.75773757509887"><ele>228.4</ele><time></time></trkpt>
<trkpt lat="33.446047715842724" lon="126.75771502777934"><ele>228.4</ele><time></time></trkpt>
<trkpt lat="33.44603782519698" lon="126.75770228728652"><ele>228.4</ele><time></time></trkpt>
<trkpt lat="33.446022821590304" lon="126.7576863616705"><ele>228.4</ele><time></time></trkpt>
<trkpt lat="33.44600739888847" lon="126.75767487846315"><ele>228.4</ele><time></time></trkpt>
<trkpt lat="33.44600270502269" lon="126.75766515545547"><ele>228.4</ele><time></time></trkpt>
<trkpt lat="33.44599507749081" lon="126.75758217461407"><ele>228.6</ele><time></time></trkpt>
<trkpt lat="33.445979906246066" lon="126.75754898227751"><ele>228.6</ele><time></time></trkpt>
<trkpt lat="33.445977475494146" lon="126.75752836279571"><ele>228.6</ele><time></time></trkpt>
<trkpt lat="33.44596012495458" lon="126.7574958410114"><ele>228.8</ele><time></time></trkpt>
<trkpt lat="33.445952916517854" lon="126.75749248825014"><ele>228.8</ele><time></time></trkpt>
</trkseg>
</trk>
</gpx>
